age_s,dmarried_s,empl_06,salary_06,profit_06,days_06,hours_06,contract_06,dformal_06,educ_s,age_lb,dmarried_lb,empl_04,salary_04,profit_04,days_04,hours_04,contract_04,dformal_04,select,pempl_06,pempl_04,dcontinue,codigo_ecap,codigo_curs,dwomen,p_selecap,select_dwomen,city_1_0,city_2_0,city_3_0,city_4_0,city_5_0,city_6_0,city_7_0,educ_lb_0_0,educ_lb_2_0,educ_lb_3_0,educ_lb_4_0,educ_lb_5_0,educ_lb_6_0,educ_lb_7_0,educ_lb_8_0,educ_lb_9_0,educ_lb_10_0,educ_lb_11_0,educ_lb_12_0,educ_lb_13_0,educ_lb_14_0,educ_lb_16_0
22.0,0.0,1.0,0.0,240000.0,22.0,84.0,0.0,0.0,5.0,0.18181818181818188,0.0,1.0,0.0,0.13333333333333333,0.8,0.5042016806722689,0.0,0.0,0,0.0,0.0,1.0,1.0,63520505.0,0.0,0.6666667,0.0,1,0,0,0,0,0,0,0,0,0,0,0,1,0,0,0,0,0,0,0,0,0
22.0,0.0,1.0,116.0,0.0,10.0,14.0,0.0,0.0,9.0,0.18181818181818188,0.0,1.0,0.3,0.0,0.5,0.25210084033613445,0.0,0.0,0,1.0,1.0,1.0,1.0,66120005.0,0.0,0.6666667,0.0,1,0,0,0,0,0,0,0,0,0,0,0,0,0,0,0,1,0,0,0,0,0
24.0,0.0,1.0,650.0,0.0,28.0,91.0,0.0,0.0,10.0,0.45454545454545436,0.0,1.0,0.21,0.0,1.0,0.5882352941176471,0.0,0.0,0,1.0,1.0,1.0,1.0,66120005.0,0.0,0.6666667,0.0,1,0,0,0,0,0,0,0,0,0,0,0,0,0,0,0,1,0,0,0,0,0
24.0,0.0,1.0,408.0,0.0,28.0,48.0,0.0,0.0,11.0,0.36363636363636354,0.0,0.0,0.0,0.0,0.0,0.0,0.0,0.0,0,1.0,0.0,1.0,1.0,33110020.0,1.0,0.6666667,0.0,1,0,0,0,0,0,0,0,0,0,0,0,0,0,0,0,0,1,0,0,0,0
22.0,0.0,0.0,0.0,0.0,0.0,0.0,0.0,0.0,11.0,0.2727272727272727,0.0,0.0,0.0,0.0,0.0,0.0,0.0,0.0,0,0.0,0.0,1.0,1.0,63520505.0,0.0,0.6666667,0.0,1,0,0,0,0,0,0,0,0,0,0,0,0,0,0,0,0,1,0,0,0,0
25.0,0.0,1.0,0.0,70000.0,20.0,16.0,0.0,0.0,11.0,0.5454545454545452,0.0,0.0,0.0,0.0,0.0,0.0,0.0,0.0,1,0.0,0.0,1.0,1.0,63520505.0,1.0,0.6666667,1.0,1,0,0,0,0,0,0,0,0,0,0,0,0,0,0,0,0,1,0,0,0,0
27.0,0.0,0.0,0.0,0.0,0.0,0.0,0.0,0.0,11.0,0.6363636363636365,0.0,0.0,0.0,0.0,0.0,0.0,0.0,0.0,0,0.0,0.0,1.0,1.0,33110020.0,1.0,0.6666667,0.0,1,0,0,0,0,0,0,0,0,0,0,0,0,0,0,0,0,1,0,0,0,0
20.0,0.0,0.0,0.0,0.0,0.0,0.0,0.0,0.0,11.0,0.09090909090909083,0.0,0.0,0.0,0.0,0.0,0.0,0.0,0.0,0,0.0,0.0,1.0,1.0,33110020.0,1.0,0.6666667,0.0,1,0,0,0,0,0,0,0,0,0,0,0,0,0,0,0,0,1,0,0,0,0
23.0,0.0,1.0,408.0,0.0,28.0,56.0,1.0,1.0,11.0,0.36363636363636354,0.0,0.0,0.0,0.0,0.0,0.0,0.0,0.0,1,1.0,0.0,1.0,1.0,66120005.0,1.0,0.6666667,1.0,1,0,0,0,0,0,0,0,0,0,0,0,0,0,0,0,0,1,0,0,0,0
25.0,0.0,0.0,0.0,0.0,0.0,0.0,0.0,0.0,11.0,0.45454545454545436,0.0,0.0,0.0,0.0,0.0,0.0,0.0,0.0,0,0.0,0.0,1.0,1.0,66120005.0,1.0,0.6666667,0.0,1,0,0,0,0,0,0,0,0,0,0,0,0,0,0,0,0,1,0,0,0,0
20.0,0.0,0.0,0.0,0.0,0.0,0.0,0.0,0.0,11.0,0.0,0.0,0.0,0.0,0.0,0.0,0.0,0.0,0.0,1,0.0,0.0,1.0,1.0,33110020.0,1.0,0.6666667,1.0,1,0,0,0,0,0,0,0,0,0,0,0,0,0,0,0,0,1,0,0,0,0
22.0,0.0,0.0,0.0,0.0,0.0,0.0,0.0,0.0,7.0,0.2727272727272727,0.0,0.0,0.0,0.0,0.0,0.0,0.0,0.0,0,0.0,0.0,1.0,1.0,63520505.0,1.0,0.6666667,0.0,1,0,0,0,0,0,0,0,0,0,0,0,0,1,0,0,0,0,0,0,0,0
25.0,1.0,1.0,0.0,400000.0,16.0,28.0,0.0,0.0,11.0,0.5454545454545452,0.0,0.0,0.0,0.0,0.0,0.0,0.0,0.0,0,0.0,0.0,1.0,1.0,63520505.0,0.0,0.6666667,0.0,1,0,0,0,0,0,0,0,0,0,0,0,0,0,0,0,0,1,0,0,0,0
20.0,0.0,1.0,220.0,0.0,28.0,84.0,0.0,0.0,11.0,0.09090909090909083,0.0,1.0,0.08,0.0,0.7333333333333333,0.40336134453781514,0.0,0.0,1,1.0,1.0,1.0,1.0,66120005.0,1.0,0.6666667,1.0,1,0,0,0,0,0,0,0,0,0,0,0,0,0,0,0,0,1,0,0,0,0
23.0,1.0,0.0,0.0,0.0,0.0,0.0,0.0,0.0,11.0,0.2727272727272727,1.0,0.0,0.0,0.0,0.0,0.0,0.0,0.0,0,0.0,0.0,1.0,1.0,66120005.0,1.0,0.6666667,0.0,1,0,0,0,0,0,0,0,0,0,0,0,0,0,0,0,0,1,0,0,0,0
20.0,0.0,1.0,360.0,0.0,26.0,48.0,0.0,0.0,11.0,0.09090909090909083,0.0,0.0,0.0,0.0,0.0,0.0,0.0,0.0,0,1.0,0.0,1.0,1.0,66120005.0,0.0,0.6666667,0.0,1,0,0,0,0,0,0,0,0,0,0,0,0,0,0,0,0,1,0,0,0,0
20.0,0.0,0.0,0.0,0.0,0.0,0.0,0.0,0.0,11.0,0.09090909090909083,0.0,0.0,0.0,0.0,0.0,0.0,0.0,0.0,0,0.0,0.0,1.0,1.0,33110020.0,1.0,0.6666667,0.0,1,0,0,0,0,0,0,0,0,0,0,0,0,0,0,0,0,1,0,0,0,0
20.0,0.0,1.0,260.0,0.0,28.0,70.0,0.0,0.0,11.0,0.0,0.0,0.0,0.0,0.0,0.0,0.0,0.0,0.0,1,1.0,0.0,1.0,1.0,63520505.0,0.0,0.6666667,0.0,1,0,0,0,0,0,0,0,0,0,0,0,0,0,0,0,0,1,0,0,0,0
23.0,1.0,0.0,0.0,0.0,0.0,0.0,0.0,0.0,11.0,0.2727272727272727,0.0,0.0,0.0,0.0,0.0,0.0,0.0,0.0,0,0.0,0.0,1.0,1.0,33110020.0,1.0,0.6666667,0.0,1,0,0,0,0,0,0,0,0,0,0,0,0,0,0,0,0,1,0,0,0,0
20.0,0.0,1.0,140.0,0.0,15.0,40.0,0.0,0.0,11.0,0.0,0.0,0.0,0.0,0.0,0.0,0.0,0.0,0.0,1,1.0,0.0,1.0,1.0,66120005.0,0.0,0.6666667,0.0,1,0,0,0,0,0,0,0,0,0,0,0,0,0,0,0,0,1,0,0,0,0
22.0,1.0,0.0,0.0,0.0,0.0,0.0,0.0,0.0,7.0,0.18181818181818188,1.0,0.0,0.0,0.0,0.0,0.0,0.0,0.0,0,0.0,0.0,1.0,1.0,63520505.0,1.0,0.6666667,0.0,1,0,0,0,0,0,0,0,0,0,0,0,0,1,0,0,0,0,0,0,0,0
26.0,1.0,1.0,0.0,150000.0,20.0,35.0,0.0,0.0,11.0,0.5454545454545452,0.0,0.0,0.0,0.0,0.0,0.0,0.0,0.0,1,0.0,0.0,1.0,1.0,33110020.0,1.0,0.6666667,1.0,1,0,0,0,0,0,0,0,0,0,0,0,0,0,0,0,0,1,0,0,0,0
22.0,0.0,1.0,100.0,0.0,16.0,55.0,0.0,0.0,11.0,0.2727272727272727,0.0,0.0,0.0,0.0,0.0,0.0,0.0,0.0,1,1.0,0.0,1.0,1.0,33110020.0,1.0,0.6666667,1.0,1,0,0,0,0,0,0,0,0,0,0,0,0,0,0,0,0,1,0,0,0,0
25.0,0.0,1.0,0.0,0.0,12.0,12.0,0.0,0.0,14.0,0.45454545454545436,0.0,0.0,0.0,0.0,0.0,0.0,0.0,0.0,0,0.0,0.0,1.0,1.0,33110020.0,1.0,0.6666667,0.0,1,0,0,0,0,0,0,0,0,0,0,0,0,0,0,0,0,0,0,1,0,0
22.0,0.0,0.0,0.0,0.0,0.0,0.0,0.0,0.0,11.0,0.18181818181818188,0.0,0.0,0.0,0.0,0.0,0.0,0.0,0.0,1,0.0,0.0,1.0,1.0,33110020.0,1.0,0.6666667,1.0,1,0,0,0,0,0,0,0,0,0,0,0,0,0,0,0,0,1,0,0,0,0
20.0,0.0,0.0,0.0,0.0,0.0,0.0,0.0,0.0,11.0,0.09090909090909083,0.0,0.0,0.0,0.0,0.0,0.0,0.0,0.0,0,0.0,0.0,1.0,1.0,63520505.0,1.0,0.6666667,0.0,1,0,0,0,0,0,0,0,0,0,0,0,0,0,0,0,1,0,0,0,0,0
20.0,0.0,0.0,0.0,0.0,0.0,0.0,0.0,0.0,11.0,0.09090909090909083,0.0,0.0,0.0,0.0,0.0,0.0,0.0,0.0,1,0.0,0.0,1.0,1.0,63520505.0,1.0,0.6666667,1.0,1,0,0,0,0,0,0,0,0,0,0,0,0,0,0,0,0,1,0,0,0,0
21.0,1.0,0.0,0.0,0.0,0.0,0.0,0.0,0.0,11.0,0.09090909090909083,0.0,0.0,0.0,0.0,0.0,0.0,0.0,0.0,0,0.0,0.0,1.0,1.0,33110020.0,1.0,0.6666667,0.0,1,0,0,0,0,0,0,0,0,0,0,0,0,0,0,0,0,1,0,0,0,0
23.0,0.0,1.0,408.0,0.0,26.0,48.0,1.0,1.0,11.0,0.2727272727272727,0.0,0.0,0.0,0.0,0.0,0.0,0.0,0.0,1,1.0,0.0,1.0,1.0,66120005.0,0.0,0.6666667,0.0,1,0,0,0,0,0,0,0,0,0,0,0,0,0,0,0,0,1,0,0,0,0
21.0,0.0,1.0,0.0,100000.0,15.0,14.0,0.0,0.0,11.0,0.09090909090909083,0.0,1.0,0.0,0.1111111111111111,0.6666666666666666,0.40336134453781514,0.0,0.0,0,0.0,0.0,1.0,2.0,13140010.0,0.0,0.6818182,0.0,1,0,0,0,0,0,0,0,0,0,0,0,0,0,0,0,0,1,0,0,0,0
25.0,0.0,0.0,0.0,0.0,0.0,0.0,0.0,0.0,11.0,0.5454545454545452,0.0,0.0,0.0,0.0,0.0,0.0,0.0,0.0,1,0.0,0.0,1.0,2.0,13140010.0,1.0,0.6818182,1.0,1,0,0,0,0,0,0,0,0,0,0,0,0,0,0,0,0,1,0,0,0,0
24.0,0.0,0.0,0.0,0.0,0.0,0.0,0.0,0.0,5.0,0.36363636363636354,0.0,0.0,0.0,0.0,0.0,0.0,0.0,0.0,0,0.0,0.0,1.0,2.0,13140010.0,1.0,0.6818182,0.0,1,0,0,0,0,0,0,0,0,0,0,0,0,0,0,0,0,1,0,0,0,0
21.0,0.0,0.0,0.0,0.0,0.0,0.0,0.0,0.0,11.0,0.09090909090909083,0.0,0.0,0.0,0.0,0.0,0.0,0.0,0.0,1,0.0,0.0,1.0,2.0,13140010.0,1.0,0.6818182,1.0,1,0,0,0,0,0,0,0,0,0,0,0,0,0,0,0,0,1,0,0,0,0
24.0,0.0,0.0,0.0,0.0,0.0,0.0,0.0,0.0,9.0,0.36363636363636354,0.0,0.0,0.0,0.0,0.0,0.0,0.0,0.0,0,0.0,0.0,1.0,2.0,13140010.0,0.0,0.6818182,0.0,1,0,0,0,0,0,0,0,0,0,0,0,0,0,1,0,0,0,0,0,0,0
22.0,0.0,1.0,320.0,0.0,26.0,48.0,0.0,0.0,11.0,0.2727272727272727,0.0,0.0,0.0,0.0,0.0,0.0,0.0,0.0,1,1.0,0.0,1.0,2.0,13140010.0,0.0,0.6818182,0.0,1,0,0,0,0,0,0,0,0,0,0,0,0,0,0,0,0,1,0,0,0,0
25.0,0.0,1.0,0.0,150000.0,22.0,30.0,0.0,0.0,11.0,0.45454545454545436,0.0,1.0,0.049999999999999996,0.0,0.7333333333333333,0.1680672268907563,0.0,0.0,0,0.0,1.0,1.0,2.0,13140010.0,1.0,0.6818182,0.0,1,0,0,0,0,0,0,0,0,0,0,0,0,0,0,0,0,1,0,0,0,0
25.0,0.0,0.0,0.0,0.0,0.0,0.0,0.0,0.0,11.0,0.5454545454545452,0.0,0.0,0.0,0.0,0.0,0.0,0.0,0.0,0,0.0,0.0,1.0,2.0,13140010.0,1.0,0.6818182,0.0,1,0,0,0,0,0,0,0,0,0,0,0,0,0,0,0,0,1,0,0,0,0
20.0,0.0,0.0,0.0,0.0,0.0,0.0,0.0,0.0,11.0,0.0,0.0,0.0,0.0,0.0,0.0,0.0,0.0,0.0,1,0.0,0.0,1.0,2.0,13140010.0,1.0,0.6818182,1.0,1,0,0,0,0,0,0,0,0,0,0,0,0,0,0,0,0,1,0,0,0,0
20.0,0.0,1.0,350.0,0.0,26.0,60.0,0.0,0.0,11.0,0.0,0.0,0.0,0.0,0.0,0.0,0.0,0.0,0.0,1,1.0,0.0,1.0,2.0,13140010.0,0.0,0.6818182,0.0,1,0,0,0,0,0,0,0,0,0,0,0,0,0,0,0,0,1,0,0,0,0
24.0,1.0,1.0,408.0,0.0,30.0,56.0,0.0,1.0,11.0,0.45454545454545436,1.0,1.0,0.0,0.0,0.8,0.40336134453781514,0.0,1.0,1,1.0,0.0,1.0,3.0,93620005.0,0.0,0.6666667,0.0,1,0,0,0,0,0,0,0,0,0,0,0,0,0,0,0,0,1,0,0,0,0
25.0,1.0,1.0,156.0,0.0,15.0,32.0,0.0,0.0,11.0,0.45454545454545436,1.0,0.0,0.0,0.0,0.0,0.0,0.0,0.0,0,1.0,0.0,1.0,3.0,63520505.0,1.0,0.6666667,0.0,1,0,0,0,0,0,0,0,0,0,0,0,0,0,0,0,0,1,0,0,0,0
20.0,0.0,1.0,408.0,0.0,26.0,48.0,1.0,1.0,11.0,0.09090909090909083,0.0,0.0,0.0,0.0,0.0,0.0,0.0,0.0,1,1.0,0.0,1.0,3.0,93620005.0,0.0,0.6666667,0.0,1,0,0,0,0,0,0,0,0,0,0,0,0,0,0,0,0,1,0,0,0,0
24.0,0.0,1.0,408.0,0.0,30.0,84.0,1.0,1.0,11.0,0.36363636363636354,0.0,0.0,0.0,0.0,0.0,0.0,0.0,0.0,1,1.0,0.0,1.0,3.0,63110010.0,0.0,0.6666667,0.0,1,0,0,0,0,0,0,0,0,0,0,0,0,0,0,0,0,1,0,0,0,0
21.0,1.0,1.0,408.0,0.0,20.0,60.0,1.0,1.0,11.0,0.09090909090909083,0.0,0.0,0.0,0.0,0.0,0.0,0.0,0.0,0,1.0,0.0,1.0,3.0,93620005.0,0.0,0.6666667,0.0,1,0,0,0,0,0,0,0,0,0,0,0,0,0,0,0,0,1,0,0,0,0
20.0,0.0,0.0,0.0,0.0,0.0,0.0,0.0,0.0,11.0,0.0,0.0,0.0,0.0,0.0,0.0,0.0,0.0,0.0,1,0.0,0.0,1.0,3.0,13140010.0,1.0,0.6666667,1.0,1,0,0,0,0,0,0,0,0,0,0,0,0,0,0,0,0,1,0,0,0,0
20.0,0.0,1.0,0.0,100000.0,30.0,48.0,0.0,0.0,11.0,0.09090909090909083,0.0,0.0,0.0,0.0,0.0,0.0,0.0,0.0,0,0.0,0.0,1.0,3.0,63520505.0,1.0,0.6666667,0.0,1,0,0,0,0,0,0,0,0,0,0,0,0,0,0,0,0,1,0,0,0,0
24.0,0.0,1.0,145.0,0.0,12.0,20.0,0.0,1.0,11.0,0.45454545454545436,0.0,0.0,0.0,0.0,0.0,0.0,0.0,0.0,0,1.0,0.0,1.0,3.0,66210010.0,0.0,0.6666667,0.0,1,0,0,0,0,0,0,0,0,0,0,0,0,0,0,0,0,1,0,0,0,0
21.0,0.0,1.0,408.0,0.0,30.0,60.0,0.0,1.0,11.0,0.18181818181818188,0.0,0.0,0.0,0.0,0.0,0.0,0.0,0.0,1,1.0,0.0,1.0,3.0,63520505.0,0.0,0.6666667,0.0,1,0,0,0,0,0,0,0,0,0,0,0,0,0,0,0,0,1,0,0,0,0
22.0,0.0,0.0,0.0,0.0,0.0,0.0,0.0,0.0,11.0,0.18181818181818188,0.0,0.0,0.0,0.0,0.0,0.0,0.0,0.0,1,0.0,0.0,1.0,3.0,13140010.0,1.0,0.6666667,1.0,1,0,0,0,0,0,0,0,0,0,0,0,0,0,0,0,0,1,0,0,0,0
23.0,0.0,1.0,160.0,0.0,26.0,72.0,0.0,0.0,11.0,0.36363636363636354,0.0,1.0,0.13599999999999998,0.0,0.5666666666666667,0.5378151260504201,0.0,0.0,0,1.0,1.0,1.0,3.0,63110010.0,1.0,0.6666667,0.0,1,0,0,0,0,0,0,0,0,0,0,0,0,0,0,0,0,1,0,0,0,0
22.0,0.0,1.0,0.0,100000.0,26.0,56.0,0.0,0.0,5.0,0.18181818181818188,0.0,1.0,0.32,0.0,0.8666666666666667,0.5042016806722689,0.0,0.0,0,0.0,1.0,1.0,3.0,63520505.0,0.0,0.6666667,0.0,1,0,0,0,0,0,0,0,0,0,0,0,0,0,0,0,0,1,0,0,0,0
23.0,1.0,1.0,0.0,300000.0,8.0,20.0,0.0,0.0,5.0,0.36363636363636354,0.0,0.0,0.0,0.0,0.0,0.0,0.0,0.0,1,0.0,0.0,1.0,3.0,66210010.0,1.0,0.6666667,1.0,1,0,0,0,0,0,0,0,0,0,0,0,0,0,0,0,0,1,0,0,0,0
24.0,1.0,0.0,0.0,0.0,0.0,0.0,0.0,0.0,11.0,0.45454545454545436,1.0,0.0,0.0,0.0,0.0,0.0,0.0,0.0,1,0.0,0.0,1.0,3.0,13140010.0,1.0,0.6666667,1.0,1,0,0,0,0,0,0,0,0,0,0,0,0,0,0,0,0,1,0,0,0,0
25.0,0.0,1.0,408.0,0.0,26.0,48.0,0.0,0.0,11.0,0.45454545454545436,0.0,0.0,0.0,0.0,0.0,0.0,0.0,0.0,0,1.0,0.0,1.0,3.0,93620005.0,0.0,0.6666667,0.0,1,0,0,0,0,0,0,0,0,0,0,0,0,0,0,0,0,1,0,0,0,0
25.0,0.0,0.0,0.0,0.0,0.0,0.0,0.0,0.0,11.0,0.5454545454545452,0.0,1.0,0.358,0.0,0.8666666666666667,0.40336134453781514,1.0,1.0,1,0.0,1.0,1.0,3.0,63110010.0,1.0,0.6666667,1.0,1,0,0,0,0,0,0,0,0,0,0,0,0,0,0,0,0,1,0,0,0,0
26.0,0.0,0.0,0.0,0.0,0.0,0.0,0.0,0.0,10.0,0.5454545454545452,1.0,1.0,0.0,0.2222222222222222,1.0,0.1764705882352941,0.0,0.0,0,0.0,0.0,1.0,3.0,93620005.0,1.0,0.6666667,0.0,1,0,0,0,0,0,0,0,0,0,0,0,0,0,0,0,1,0,0,0,0,0
21.0,0.0,1.0,380.0,0.0,25.0,66.0,0.0,0.0,11.0,0.18181818181818188,0.0,1.0,0.33999999999999997,0.0,1.0,0.5882352941176471,0.0,0.0,0,1.0,1.0,1.0,3.0,63110010.0,0.0,0.6666667,0.0,1,0,0,0,0,0,0,0,0,0,0,0,0,0,0,0,0,1,0,0,0,0
22.0,0.0,1.0,0.0,50000.0,4.0,4.0,0.0,0.0,11.0,0.2727272727272727,0.0,0.0,0.0,0.0,0.0,0.0,0.0,0.0,1,0.0,0.0,1.0,3.0,66210010.0,1.0,0.6666667,1.0,1,0,0,0,0,0,0,0,0,0,0,0,0,0,0,0,0,1,0,0,0,0
21.0,0.0,1.0,280.0,0.0,15.0,45.0,0.0,0.0,11.0,0.09090909090909083,0.0,1.0,0.0,0.16666666666666666,0.6666666666666666,0.226890756302521,0.0,0.0,0,1.0,0.0,1.0,3.0,93620005.0,0.0,0.6666667,0.0,1,0,0,0,0,0,0,0,0,0,0,0,0,0,0,0,0,1,0,0,0,0
25.0,1.0,1.0,420.0,0.0,28.0,48.0,1.0,1.0,11.0,0.45454545454545436,0.0,0.0,0.0,0.0,0.0,0.0,0.0,0.0,1,1.0,0.0,1.0,3.0,93620005.0,0.0,0.6666667,0.0,1,0,0,0,0,0,0,0,0,0,0,0,0,0,0,0,0,1,0,0,0,0
24.0,0.0,1.0,200.0,0.0,26.0,40.0,0.0,0.0,11.0,0.36363636363636354,0.0,1.0,0.19999999999999998,0.0,1.0,0.6050420168067226,0.0,0.0,1,1.0,1.0,1.0,3.0,66210010.0,1.0,0.6666667,1.0,1,0,0,0,0,0,0,0,0,0,0,0,0,0,0,0,0,1,0,0,0,0
21.0,1.0,0.0,0.0,0.0,0.0,0.0,0.0,0.0,11.0,0.09090909090909083,0.0,0.0,0.0,0.0,0.0,0.0,0.0,0.0,0,0.0,0.0,1.0,3.0,66210010.0,1.0,0.6666667,0.0,1,0,0,0,0,0,0,0,0,0,0,0,0,0,0,0,0,1,0,0,0,0
25.0,0.0,1.0,260.0,0.0,16.0,84.0,0.0,0.0,11.0,0.45454545454545436,0.0,1.0,0.3,0.0,0.8666666666666667,0.3529411764705882,0.0,0.0,0,1.0,1.0,1.0,3.0,63110010.0,1.0,0.6666667,0.0,1,0,0,0,0,0,0,0,0,0,0,0,0,0,0,0,0,1,0,0,0,0
27.0,0.0,1.0,408.0,0.0,30.0,48.0,1.0,1.0,11.0,0.6363636363636365,0.0,1.0,0.22499999999999998,0.0,0.6666666666666666,0.23529411764705882,1.0,1.0,1,1.0,1.0,1.0,3.0,93620005.0,0.0,0.6666667,0.0,1,0,0,0,0,0,0,0,0,0,0,0,0,0,0,0,0,1,0,0,0,0
20.0,0.0,1.0,180.0,0.0,20.0,20.0,1.0,1.0,11.0,0.0,0.0,0.0,0.0,0.0,0.0,0.0,0.0,0.0,0,1.0,0.0,1.0,3.0,13140010.0,1.0,0.6666667,0.0,1,0,0,0,0,0,0,0,0,0,0,0,0,0,0,0,0,1,0,0,0,0
23.0,1.0,0.0,0.0,0.0,0.0,0.0,0.0,0.0,11.0,0.36363636363636354,1.0,0.0,0.0,0.0,0.0,0.0,0.0,0.0,0,0.0,0.0,1.0,3.0,63110010.0,1.0,0.6666667,0.0,1,0,0,0,0,0,0,0,0,0,0,0,0,0,0,0,0,1,0,0,0,0
20.0,0.0,0.0,0.0,0.0,0.0,0.0,0.0,0.0,11.0,0.09090909090909083,0.0,0.0,0.0,0.0,0.0,0.0,0.0,0.0,1,0.0,0.0,1.0,3.0,63520505.0,1.0,0.6666667,1.0,1,0,0,0,0,0,0,0,0,0,0,0,0,0,0,0,1,0,0,0,0,0
21.0,0.0,1.0,200.0,0.0,26.0,90.0,0.0,0.0,11.0,0.09090909090909083,0.0,0.0,0.0,0.0,0.0,0.0,0.0,0.0,0,1.0,0.0,1.0,3.0,63110010.0,1.0,0.6666667,0.0,1,0,0,0,0,0,0,0,0,0,0,0,0,0,0,0,0,1,0,0,0,0
23.0,1.0,1.0,408.0,0.0,30.0,56.0,1.0,1.0,11.0,0.36363636363636354,1.0,1.0,0.358,0.0,1.0,0.5294117647058824,1.0,1.0,0,1.0,1.0,1.0,3.0,93620005.0,0.0,0.6666667,0.0,1,0,0,0,0,0,0,0,0,0,0,0,0,0,0,0,0,1,0,0,0,0
25.0,0.0,1.0,0.0,200000.0,30.0,56.0,0.0,0.0,11.0,0.45454545454545436,0.0,1.0,0.19999999999999998,0.0,0.5,0.40336134453781514,0.0,0.0,1,0.0,1.0,1.0,3.0,63110010.0,0.0,0.6666667,0.0,1,0,0,0,0,0,0,0,0,0,0,0,0,0,0,0,0,1,0,0,0,0
21.0,0.0,1.0,50.0,0.0,20.0,25.0,1.0,0.0,11.0,0.09090909090909083,0.0,1.0,0.15,0.0,0.6666666666666666,0.25210084033613445,1.0,0.0,0,1.0,1.0,1.0,3.0,66210010.0,1.0,0.6666667,0.0,1,0,0,0,0,0,0,0,0,0,0,0,0,0,0,0,0,1,0,0,0,0
23.0,0.0,1.0,800.0,0.0,29.0,70.0,0.0,0.0,11.0,0.2727272727272727,0.0,0.0,0.0,0.0,0.0,0.0,0.0,0.0,1,1.0,0.0,1.0,3.0,13140010.0,0.0,0.6666667,0.0,1,0,0,0,0,0,0,0,0,0,0,0,0,0,0,0,0,1,0,0,0,0
27.0,0.0,1.0,0.0,180000.0,30.0,42.0,0.0,0.0,11.0,0.6363636363636365,0.0,1.0,0.35,0.0,1.0,0.7058823529411764,0.0,0.0,0,0.0,1.0,1.0,3.0,13140010.0,0.0,0.6666667,0.0,1,0,0,0,0,0,0,0,0,0,0,0,0,0,0,0,0,1,0,0,0,0
20.0,0.0,0.0,0.0,0.0,0.0,0.0,0.0,0.0,11.0,0.09090909090909083,0.0,1.0,0.52,0.0,1.0,0.5882352941176471,0.0,0.0,0,0.0,1.0,1.0,3.0,13140010.0,1.0,0.6666667,0.0,1,0,0,0,0,0,0,0,0,0,0,0,0,0,0,0,0,1,0,0,0,0
24.0,0.0,1.0,408.0,0.0,26.0,60.0,1.0,1.0,11.0,0.45454545454545436,0.0,1.0,0.13999999999999999,0.0,0.6666666666666666,0.23529411764705882,0.0,0.0,0,1.0,1.0,1.0,3.0,93620005.0,0.0,0.6666667,0.0,1,0,0,0,0,0,0,0,0,0,0,0,0,0,0,0,0,1,0,0,0,0
23.0,1.0,1.0,250.0,0.0,26.0,48.0,0.0,0.0,8.0,0.36363636363636354,1.0,0.0,0.0,0.0,0.0,0.0,0.0,0.0,0,1.0,0.0,1.0,3.0,66210010.0,1.0,0.6666667,0.0,1,0,0,0,0,0,0,0,0,0,0,0,0,0,1,0,0,0,0,0,0,0
21.0,1.0,1.0,381.5,0.0,26.0,66.0,1.0,1.0,11.0,0.18181818181818188,0.0,1.0,0.19999999999999998,0.0,0.8666666666666667,0.5546218487394958,0.0,0.0,1,1.0,1.0,1.0,3.0,13140010.0,0.0,0.6666667,0.0,1,0,0,0,0,0,0,0,0,0,0,0,0,0,0,0,0,1,0,0,0,0
25.0,1.0,1.0,408.0,0.0,26.0,48.0,1.0,1.0,11.0,0.45454545454545436,0.0,1.0,0.3,0.0,1.0,0.40336134453781514,0.0,0.0,0,1.0,1.0,1.0,3.0,63520505.0,0.0,0.6666667,0.0,1,0,0,0,0,0,0,0,0,0,0,0,0,0,0,0,0,1,0,0,0,0
24.0,0.0,1.0,200.0,0.0,30.0,98.0,0.0,0.0,11.0,0.36363636363636354,0.0,0.0,0.0,0.0,0.0,0.0,0.0,0.0,0,1.0,0.0,1.0,3.0,13140010.0,1.0,0.6666667,0.0,1,0,0,0,0,0,0,0,0,0,0,0,0,0,0,0,0,1,0,0,0,0
20.0,0.0,1.0,240.0,0.0,16.0,42.0,0.0,0.0,11.0,0.09090909090909083,0.0,0.0,0.0,0.0,0.0,0.0,0.0,0.0,1,1.0,0.0,1.0,3.0,63520505.0,1.0,0.6666667,1.0,1,0,0,0,0,0,0,0,0,0,0,0,0,0,0,0,0,1,0,0,0,0
20.0,0.0,0.0,0.0,0.0,0.0,0.0,0.0,0.0,11.0,0.0,0.0,0.0,0.0,0.0,0.0,0.0,0.0,0.0,0,0.0,0.0,1.0,3.0,13140010.0,1.0,0.6666667,0.0,1,0,0,0,0,0,0,0,0,0,0,0,0,0,0,0,0,1,0,0,0,0
21.0,1.0,0.0,0.0,0.0,0.0,0.0,0.0,0.0,7.0,0.18181818181818188,1.0,0.0,0.0,0.0,0.0,0.0,0.0,0.0,1,0.0,0.0,1.0,3.0,63520505.0,1.0,0.6666667,1.0,1,0,0,0,0,0,0,0,0,0,0,0,0,0,0,1,0,0,0,0,0,0
21.0,0.0,1.0,0.0,240000.0,30.0,21.0,0.0,0.0,11.0,0.09090909090909083,0.0,0.0,0.0,0.0,0.0,0.0,0.0,0.0,0,0.0,0.0,1.0,3.0,66210010.0,0.0,0.6666667,0.0,1,0,0,0,0,0,0,0,0,0,0,0,0,0,0,0,0,1,0,0,0,0
24.0,0.0,1.0,200.0,0.0,25.0,60.0,0.0,0.0,11.0,0.45454545454545436,0.0,0.0,0.0,0.0,0.0,0.0,0.0,0.0,1,1.0,0.0,1.0,3.0,13140010.0,0.0,0.6666667,0.0,1,0,0,0,0,0,0,0,0,0,0,0,0,0,0,0,0,1,0,0,0,0
21.0,0.0,0.0,0.0,0.0,0.0,0.0,0.0,0.0,11.0,0.18181818181818188,0.0,0.0,0.0,0.0,0.0,0.0,0.0,0.0,0,0.0,0.0,1.0,3.0,63520505.0,1.0,0.6666667,0.0,1,0,0,0,0,0,0,0,0,0,0,0,0,0,0,0,0,1,0,0,0,0
22.0,1.0,0.0,0.0,0.0,0.0,0.0,0.0,0.0,12.0,0.18181818181818188,0.0,0.0,0.0,0.0,0.0,0.0,0.0,0.0,0,0.0,0.0,1.0,4.0,33140005.0,1.0,0.6666667,0.0,1,0,0,0,0,0,0,0,0,0,0,0,0,0,0,0,0,1,0,0,0,0
24.0,1.0,0.0,0.0,0.0,0.0,0.0,0.0,0.0,11.0,0.45454545454545436,0.0,0.0,0.0,0.0,0.0,0.0,0.0,0.0,0,0.0,0.0,1.0,4.0,63110005.0,1.0,0.6666667,0.0,1,0,0,0,0,0,0,0,0,0,0,0,0,0,0,0,0,1,0,0,0,0
26.0,1.0,1.0,0.0,0.0,15.0,40.0,0.0,0.0,11.0,0.6363636363636365,1.0,1.0,0.03,0.0,0.7333333333333333,0.15126050420168066,0.0,0.0,1,0.0,1.0,1.0,4.0,33140005.0,1.0,0.6666667,1.0,1,0,0,0,0,0,0,0,0,0,0,0,0,0,0,0,0,1,0,0,0,0
20.0,0.0,0.0,0.0,0.0,0.0,0.0,0.0,0.0,11.0,0.09090909090909083,0.0,0.0,0.0,0.0,0.0,0.0,0.0,0.0,1,0.0,0.0,1.0,4.0,63110005.0,1.0,0.6666667,1.0,1,0,0,0,0,0,0,0,0,0,0,0,0,0,0,0,0,1,0,0,0,0
22.0,1.0,1.0,200.0,0.0,26.0,48.0,0.0,1.0,11.0,0.18181818181818188,1.0,0.0,0.0,0.0,0.0,0.0,0.0,0.0,0,1.0,0.0,1.0,4.0,33140005.0,1.0,0.6666667,0.0,1,0,0,0,0,0,0,0,0,0,0,0,0,0,0,0,0,1,0,0,0,0
21.0,1.0,1.0,370.0,0.0,20.0,30.0,0.0,0.0,11.0,0.18181818181818188,0.0,0.0,0.0,0.0,0.0,0.0,0.0,0.0,1,1.0,0.0,1.0,4.0,33140005.0,0.0,0.6666667,0.0,1,0,0,0,0,0,0,0,0,0,0,0,0,0,0,0,0,1,0,0,0,0
25.0,0.0,1.0,360.0,0.0,28.0,48.0,0.0,0.0,11.0,0.45454545454545436,0.0,1.0,0.18,0.0,1.0,0.5378151260504201,0.0,0.0,0,1.0,1.0,1.0,4.0,63110005.0,1.0,0.6666667,0.0,1,0,0,0,0,0,0,0,0,0,0,0,0,0,0,0,0,1,0,0,0,0
21.0,0.0,1.0,0.0,120000.0,20.0,64.0,0.0,0.0,11.0,0.18181818181818188,0.0,1.0,0.18,0.0,0.5,0.13445378151260504,0.0,1.0,1,0.0,1.0,1.0,4.0,63110005.0,0.0,0.6666667,0.0,1,0,0,0,0,0,0,0,0,0,0,0,0,0,0,0,0,1,0,0,0,0
20.0,0.0,0.0,0.0,0.0,0.0,0.0,0.0,0.0,11.0,0.09090909090909083,0.0,1.0,0.12,0.0,0.4,0.3025210084033613,0.0,0.0,1,0.0,1.0,1.0,4.0,33140005.0,1.0,0.6666667,1.0,1,0,0,0,0,0,0,0,0,0,0,0,0,0,0,0,0,1,0,0,0,0
25.0,1.0,1.0,700.0,0.0,30.0,98.0,0.0,0.0,11.0,0.5454545454545452,1.0,1.0,0.358,0.0,0.7333333333333333,0.1680672268907563,0.0,0.0,1,1.0,1.0,1.0,4.0,33140005.0,0.0,0.6666667,0.0,1,0,0,0,0,0,0,0,0,0,0,0,0,0,0,0,0,1,0,0,0,0
20.0,0.0,1.0,408.0,0.0,30.0,56.0,1.0,1.0,11.0,0.0,0.0,0.0,0.0,0.0,0.0,0.0,0.0,0.0,1,1.0,0.0,1.0,4.0,63110005.0,0.0,0.6666667,0.0,1,0,0,0,0,0,0,0,0,0,0,0,0,0,0,0,0,1,0,0,0,0
23.0,1.0,1.0,0.0,200000.0,30.0,60.0,0.0,0.0,11.0,0.36363636363636354,0.0,0.0,0.0,0.0,0.0,0.0,0.0,0.0,1,0.0,0.0,1.0,4.0,63110005.0,0.0,0.6666667,0.0,1,0,0,0,0,0,0,0,0,0,0,0,0,0,0,0,0,1,0,0,0,0
23.0,0.0,0.0,0.0,0.0,0.0,0.0,0.0,0.0,11.0,0.36363636363636354,0.0,1.0,0.0,0.1111111111111111,0.3333333333333333,0.04201680672268907,0.0,0.0,1,0.0,0.0,1.0,4.0,33140005.0,1.0,0.6666667,1.0,1,0,0,0,0,0,0,0,0,0,0,0,0,0,0,0,0,1,0,0,0,0
23.0,0.0,1.0,360.0,0.0,26.0,54.0,1.0,1.0,11.0,0.2727272727272727,0.0,0.0,0.0,0.0,0.0,0.0,0.0,0.0,1,1.0,0.0,1.0,5.0,83220005.0,0.0,0.667023,0.0,1,0,0,0,0,0,0,0,0,0,0,0,0,0,0,0,0,1,0,0,0,0
22.0,0.0,0.0,0.0,0.0,0.0,0.0,0.0,0.0,11.0,0.18181818181818188,0.0,0.0,0.0,0.0,0.0,0.0,0.0,0.0,0,0.0,0.0,1.0,5.0,33140005.0,1.0,0.667023,0.0,1,0,0,0,0,0,0,0,0,0,0,0,0,0,0,0,0,1,0,0,0,0
23.0,0.0,1.0,120.0,0.0,26.0,36.0,0.0,0.0,11.0,0.36363636363636354,0.0,0.0,0.0,0.0,0.0,0.0,0.0,0.0,0,1.0,0.0,1.0,5.0,33160005.0,1.0,0.667023,0.0,1,0,0,0,0,0,0,0,0,0,0,0,0,0,0,0,0,1,0,0,0,0
24.0,0.0,1.0,0.0,300000.0,28.0,48.0,0.0,0.0,11.0,0.36363636363636354,0.0,0.0,0.0,0.0,0.0,0.0,0.0,0.0,0,0.0,0.0,1.0,5.0,64330010.0,0.0,0.667023,0.0,1,0,0,0,0,0,0,0,0,0,0,0,0,0,0,0,0,1,0,0,0,0
25.0,0.0,1.0,400.0,0.0,26.0,48.0,1.0,1.0,11.0,0.5454545454545452,0.0,0.0,0.0,0.0,0.0,0.0,0.0,0.0,0,1.0,0.0,1.0,5.0,84210330.0,0.0,0.667023,0.0,1,0,0,0,0,0,0,0,0,0,0,0,0,0,0,0,0,1,0,0,0,0
20.0,0.0,1.0,120.0,0.0,8.0,22.0,0.0,0.0,11.0,0.09090909090909083,0.0,0.0,0.0,0.0,0.0,0.0,0.0,0.0,0,1.0,0.0,1.0,5.0,33160005.0,1.0,0.667023,0.0,1,0,0,0,0,0,0,0,0,0,0,0,0,0,0,0,0,1,0,0,0,0
25.0,0.0,1.0,240.0,0.0,26.0,48.0,0.0,0.0,11.0,0.45454545454545436,0.0,0.0,0.0,0.0,0.0,0.0,0.0,0.0,0,1.0,0.0,1.0,5.0,13120005.0,1.0,0.667023,0.0,1,0,0,0,0,0,0,0,0,0,0,0,0,0,0,0,0,1,0,0,0,0
22.0,0.0,0.0,0.0,0.0,0.0,0.0,0.0,0.0,11.0,0.18181818181818188,0.0,0.0,0.0,0.0,0.0,0.0,0.0,0.0,0,0.0,0.0,1.0,5.0,83220005.0,0.0,0.667023,0.0,1,0,0,0,0,0,0,0,0,0,0,0,0,0,0,0,0,1,0,0,0,0
20.0,0.0,1.0,400.0,0.0,26.0,66.0,0.0,0.0,11.0,0.09090909090909083,0.0,0.0,0.0,0.0,0.0,0.0,0.0,0.0,1,1.0,0.0,1.0,5.0,93710505.0,0.0,0.667023,0.0,1,0,0,0,0,0,0,0,0,0,0,0,0,0,0,0,0,1,0,0,0,0
25.0,1.0,0.0,0.0,0.0,0.0,0.0,0.0,0.0,11.0,0.45454545454545436,0.0,0.0,0.0,0.0,0.0,0.0,0.0,0.0,0,0.0,0.0,1.0,5.0,13420005.0,1.0,0.667023,0.0,1,0,0,0,0,0,0,0,0,0,0,0,0,0,0,0,0,1,0,0,0,0
25.0,0.0,0.0,0.0,0.0,0.0,0.0,0.0,0.0,11.0,0.45454545454545436,0.0,0.0,0.0,0.0,0.0,0.0,0.0,0.0,1,0.0,0.0,1.0,5.0,13120005.0,1.0,0.667023,1.0,1,0,0,0,0,0,0,0,0,0,0,0,0,0,0,0,0,1,0,0,0,0
24.0,0.0,0.0,0.0,0.0,0.0,0.0,0.0,0.0,11.0,0.45454545454545436,0.0,1.0,0.0,0.06666666666666667,0.6,0.13445378151260504,0.0,0.0,1,0.0,0.0,1.0,5.0,83520025.0,0.0,0.667023,0.0,1,0,0,0,0,0,0,0,0,0,0,0,0,0,0,0,0,1,0,0,0,0
20.0,0.0,0.0,0.0,0.0,0.0,0.0,0.0,0.0,11.0,0.09090909090909083,0.0,0.0,0.0,0.0,0.0,0.0,0.0,0.0,0,0.0,0.0,1.0,5.0,33140005.0,0.0,0.667023,0.0,1,0,0,0,0,0,0,0,0,0,0,0,0,0,0,0,0,1,0,0,0,0
23.0,0.0,1.0,120.0,0.0,8.0,72.0,0.0,0.0,11.0,0.36363636363636354,0.0,1.0,0.12,0.0,0.26666666666666666,0.1680672268907563,0.0,0.0,0,1.0,1.0,1.0,5.0,13120005.0,0.0,0.667023,0.0,1,0,0,0,0,0,0,0,0,0,0,0,0,0,0,0,0,1,0,0,0,0
21.0,0.0,1.0,0.0,200000.0,25.0,20.0,0.0,0.0,9.0,0.18181818181818188,0.0,0.0,0.0,0.0,0.0,0.0,0.0,0.0,1,0.0,0.0,1.0,5.0,33140005.0,1.0,0.667023,1.0,1,0,0,0,0,0,0,0,0,0,0,0,0,0,0,1,0,0,0,0,0,0
20.0,0.0,0.0,0.0,0.0,0.0,0.0,0.0,0.0,11.0,0.0,0.0,0.0,0.0,0.0,0.0,0.0,0.0,0.0,0,0.0,0.0,1.0,5.0,13120005.0,0.0,0.667023,0.0,1,0,0,0,0,0,0,0,0,0,0,0,0,0,0,0,1,0,0,0,0,0
22.0,0.0,1.0,0.0,200000.0,15.0,40.0,0.0,0.0,11.0,0.2727272727272727,0.0,1.0,0.19999999999999998,0.0,0.5,0.40336134453781514,0.0,0.0,0,0.0,1.0,1.0,5.0,93710505.0,1.0,0.667023,0.0,1,0,0,0,0,0,0,0,0,0,0,0,0,0,0,0,0,1,0,0,0,0
21.0,0.0,0.0,0.0,0.0,0.0,0.0,0.0,0.0,11.0,0.09090909090909083,0.0,0.0,0.0,0.0,0.0,0.0,0.0,0.0,1,0.0,0.0,1.0,5.0,83420105.0,0.0,0.667023,0.0,1,0,0,0,0,0,0,0,0,0,0,0,0,0,0,0,0,1,0,0,0,0
21.0,1.0,0.0,0.0,0.0,0.0,0.0,0.0,0.0,11.0,0.09090909090909083,0.0,1.0,0.192,0.0,0.9333333333333333,0.7647058823529411,0.0,0.0,0,0.0,1.0,1.0,5.0,63550005.0,1.0,0.667023,0.0,1,0,0,0,0,0,0,0,0,0,0,0,0,0,0,0,0,1,0,0,0,0
24.0,0.0,1.0,250.0,0.0,26.0,48.0,0.0,0.0,11.0,0.45454545454545436,0.0,0.0,0.0,0.0,0.0,0.0,0.0,0.0,0,1.0,0.0,1.0,5.0,63240050.0,1.0,0.667023,0.0,1,0,0,0,0,0,0,0,0,0,0,0,0,0,0,0,0,1,0,0,0,0
21.0,0.0,1.0,200.0,0.0,30.0,48.0,0.0,0.0,11.0,0.18181818181818188,0.0,1.0,0.0,0.2222222222222222,0.8666666666666667,0.40336134453781514,0.0,0.0,1,1.0,0.0,1.0,5.0,13140005.0,0.0,0.667023,0.0,1,0,0,0,0,0,0,0,0,0,0,0,0,0,0,0,0,1,0,0,0,0
20.0,0.0,0.0,0.0,0.0,0.0,0.0,0.0,0.0,11.0,0.0,0.0,0.0,0.0,0.0,0.0,0.0,0.0,0.0,0,0.0,0.0,1.0,5.0,64330010.0,0.0,0.667023,0.0,1,0,0,0,0,0,0,0,0,0,0,0,0,0,0,0,0,1,0,0,0,0
22.0,0.0,0.0,0.0,0.0,0.0,0.0,0.0,0.0,11.0,0.2727272727272727,0.0,0.0,0.0,0.0,0.0,0.0,0.0,0.0,0,0.0,0.0,1.0,5.0,63550005.0,1.0,0.667023,0.0,1,0,0,0,0,0,0,0,0,0,0,0,0,0,0,0,0,1,0,0,0,0
20.0,0.0,1.0,248.0,0.0,30.0,104.0,0.0,0.0,11.0,0.09090909090909083,0.0,0.0,0.0,0.0,0.0,0.0,0.0,0.0,0,1.0,0.0,1.0,5.0,93820005.0,0.0,0.667023,0.0,1,0,0,0,0,0,0,0,0,0,0,0,0,0,0,0,0,1,0,0,0,0
21.0,0.0,1.0,330.0,0.0,15.0,48.0,0.0,1.0,11.0,0.18181818181818188,0.0,0.0,0.0,0.0,0.0,0.0,0.0,0.0,0,1.0,0.0,1.0,5.0,13120005.0,1.0,0.667023,0.0,1,0,0,0,0,0,0,0,0,0,0,0,0,0,0,0,0,1,0,0,0,0
26.0,0.0,1.0,434.0,0.0,30.0,70.0,0.0,1.0,10.0,0.5454545454545452,1.0,1.0,0.06,0.0,0.8666666666666667,0.4369747899159664,0.0,0.0,1,1.0,1.0,1.0,5.0,64330010.0,0.0,0.667023,0.0,1,0,0,0,0,0,0,0,0,0,0,0,0,0,0,0,1,0,0,0,0,0
21.0,0.0,0.0,0.0,0.0,0.0,0.0,0.0,0.0,11.0,0.09090909090909083,0.0,0.0,0.0,0.0,0.0,0.0,0.0,0.0,0,0.0,0.0,1.0,5.0,13210005.0,0.0,0.667023,0.0,1,0,0,0,0,0,0,0,0,0,0,0,0,0,0,0,0,1,0,0,0,0
20.0,0.0,1.0,381.5,0.0,30.0,56.0,0.0,0.0,11.0,0.09090909090909083,0.0,0.0,0.0,0.0,0.0,0.0,0.0,0.0,1,1.0,0.0,1.0,5.0,84210330.0,0.0,0.667023,0.0,1,0,0,0,0,0,0,0,0,0,0,0,0,0,0,0,0,1,0,0,0,0
20.0,0.0,0.0,0.0,0.0,0.0,0.0,0.0,0.0,11.0,0.09090909090909083,1.0,0.0,0.0,0.0,0.0,0.0,0.0,0.0,0,0.0,0.0,1.0,5.0,63550005.0,0.0,0.667023,0.0,1,0,0,0,0,0,0,0,0,0,0,0,0,0,0,0,0,1,0,0,0,0
21.0,0.0,1.0,180.0,0.0,30.0,49.0,0.0,0.0,11.0,0.18181818181818188,0.0,0.0,0.0,0.0,0.0,0.0,0.0,0.0,1,1.0,0.0,1.0,5.0,13140005.0,0.0,0.667023,0.0,1,0,0,0,0,0,0,0,0,0,0,0,0,0,0,0,0,1,0,0,0,0
21.0,0.0,1.0,0.0,360000.0,30.0,84.0,0.0,0.0,11.0,0.18181818181818188,0.0,0.0,0.0,0.0,0.0,0.0,0.0,0.0,0,0.0,0.0,1.0,5.0,84210005.0,0.0,0.667023,0.0,1,0,0,0,0,0,0,0,0,0,0,0,0,0,0,0,0,1,0,0,0,0
24.0,0.0,1.0,0.0,150000.0,30.0,70.0,0.0,0.0,11.0,0.36363636363636354,0.0,0.0,0.0,0.0,0.0,0.0,0.0,0.0,1,0.0,0.0,1.0,5.0,84210330.0,1.0,0.667023,1.0,1,0,0,0,0,0,0,0,0,0,0,0,0,0,0,0,0,1,0,0,0,0
23.0,0.0,0.0,0.0,0.0,0.0,0.0,0.0,0.0,11.0,0.2727272727272727,0.0,0.0,0.0,0.0,0.0,0.0,0.0,0.0,1,0.0,0.0,1.0,5.0,63550005.0,1.0,0.667023,1.0,1,0,0,0,0,0,0,0,0,0,0,0,0,0,0,0,0,1,0,0,0,0
25.0,0.0,1.0,160.0,0.0,30.0,96.0,0.0,0.0,11.0,0.5454545454545452,0.0,0.0,0.0,0.0,0.0,0.0,0.0,0.0,0,1.0,0.0,1.0,5.0,83220005.0,0.0,0.667023,0.0,1,0,0,0,0,0,0,0,0,0,0,0,0,0,0,0,0,1,0,0,0,0
21.0,1.0,1.0,360.0,0.0,30.0,80.0,0.0,0.0,11.0,0.09090909090909083,1.0,1.0,0.0,0.0,1.0,0.7058823529411764,0.0,0.0,1,1.0,0.0,1.0,5.0,63550005.0,0.0,0.667023,0.0,1,0,0,0,0,0,0,0,0,0,0,0,0,0,0,0,0,1,0,0,0,0
20.0,0.0,1.0,0.0,160000.0,7.0,21.0,0.0,0.0,9.0,0.0,0.0,0.0,0.0,0.0,0.0,0.0,0.0,0.0,1,0.0,0.0,1.0,5.0,83520025.0,0.0,0.667023,0.0,1,0,0,0,0,0,0,0,0,0,0,0,0,0,0,1,0,0,0,0,0,0
22.0,0.0,1.0,381.5,0.0,26.0,72.0,1.0,0.0,11.0,0.18181818181818188,0.0,0.0,0.0,0.0,0.0,0.0,0.0,0.0,1,1.0,0.0,1.0,5.0,33160005.0,0.0,0.667023,0.0,1,0,0,0,0,0,0,0,0,0,0,0,0,0,0,0,0,1,0,0,0,0
24.0,1.0,0.0,0.0,0.0,0.0,0.0,0.0,0.0,10.0,0.36363636363636354,0.0,0.0,0.0,0.0,0.0,0.0,0.0,0.0,1,0.0,0.0,1.0,5.0,64330010.0,1.0,0.667023,1.0,1,0,0,0,0,0,0,0,0,0,0,0,0,0,0,0,0,1,0,0,0,0
20.0,1.0,1.0,300.0,0.0,23.0,56.0,0.0,1.0,11.0,0.09090909090909083,1.0,1.0,0.182,0.0,0.8666666666666667,0.5546218487394958,0.0,0.0,0,1.0,1.0,1.0,5.0,83420105.0,0.0,0.667023,0.0,1,0,0,0,0,0,0,0,0,0,0,0,0,0,0,0,0,1,0,0,0,0
22.0,1.0,1.0,240.0,0.0,15.0,42.0,0.0,0.0,11.0,0.2727272727272727,0.0,0.0,0.0,0.0,0.0,0.0,0.0,0.0,1,1.0,0.0,1.0,5.0,84210005.0,1.0,0.667023,1.0,1,0,0,0,0,0,0,0,0,0,0,0,0,0,0,0,0,1,0,0,0,0
20.0,1.0,0.0,0.0,0.0,0.0,0.0,0.0,0.0,11.0,0.0,0.0,0.0,0.0,0.0,0.0,0.0,0.0,0.0,1,0.0,0.0,1.0,5.0,83220005.0,1.0,0.667023,1.0,1,0,0,0,0,0,0,0,0,0,0,0,0,0,0,0,0,1,0,0,0,0
24.0,0.0,1.0,300.0,0.0,27.0,90.0,0.0,0.0,11.0,0.45454545454545436,1.0,0.0,0.0,0.0,0.0,0.0,0.0,0.0,1,1.0,0.0,1.0,5.0,64330010.0,1.0,0.667023,1.0,1,0,0,0,0,0,0,0,0,0,0,0,0,0,0,0,0,1,0,0,0,0
27.0,0.0,0.0,0.0,0.0,0.0,0.0,0.0,0.0,11.0,0.6363636363636365,0.0,1.0,0.0,0.27777777777777773,0.7333333333333333,0.3361344537815126,0.0,0.0,0,0.0,0.0,1.0,5.0,33160005.0,1.0,0.667023,0.0,1,0,0,0,0,0,0,0,0,0,0,0,0,0,0,0,0,1,0,0,0,0
20.0,0.0,0.0,0.0,0.0,0.0,0.0,0.0,0.0,11.0,0.09090909090909083,0.0,1.0,0.3,0.0,0.4,0.1764705882352941,0.0,0.0,0,0.0,1.0,1.0,5.0,83220005.0,0.0,0.667023,0.0,1,0,0,0,0,0,0,0,0,0,0,0,0,0,0,0,0,1,0,0,0,0
22.0,0.0,1.0,306.0,0.0,20.0,40.0,1.0,1.0,11.0,0.2727272727272727,0.0,0.0,0.0,0.0,0.0,0.0,0.0,0.0,0,1.0,0.0,1.0,5.0,83420105.0,0.0,0.667023,0.0,1,0,0,0,0,0,0,0,0,0,0,0,0,0,0,0,0,1,0,0,0,0
23.0,0.0,1.0,0.0,150000.0,15.0,12.0,0.0,0.0,11.0,0.2727272727272727,0.0,0.0,0.0,0.0,0.0,0.0,0.0,0.0,0,0.0,0.0,1.0,5.0,83420105.0,0.0,0.667023,0.0,1,0,0,0,0,0,0,0,0,0,0,0,0,0,0,0,0,1,0,0,0,0
22.0,0.0,1.0,450.0,0.0,26.0,84.0,0.0,0.0,11.0,0.2727272727272727,0.0,0.0,0.0,0.0,0.0,0.0,0.0,0.0,0,1.0,0.0,1.0,5.0,84210005.0,0.0,0.667023,0.0,1,0,0,0,0,0,0,0,0,0,0,0,0,0,0,0,0,1,0,0,0,0
22.0,0.0,1.0,160.0,0.0,28.0,70.0,0.0,0.0,11.0,0.18181818181818188,0.0,0.0,0.0,0.0,0.0,0.0,0.0,0.0,0,1.0,0.0,1.0,5.0,84210330.0,0.0,0.667023,0.0,1,0,0,0,0,0,0,0,0,0,0,0,0,0,0,0,0,1,0,0,0,0
25.0,1.0,1.0,250.0,0.0,20.0,40.0,0.0,0.0,11.0,0.5454545454545452,0.0,1.0,0.0,0.15555555555555556,0.6666666666666666,0.12605042016806722,0.0,0.0,0,1.0,0.0,1.0,5.0,13420005.0,1.0,0.667023,0.0,1,0,0,0,0,0,0,0,0,0,0,0,0,0,0,0,0,1,0,0,0,0
21.0,0.0,1.0,0.0,75000.0,15.0,84.0,0.0,0.0,11.0,0.09090909090909083,0.0,0.0,0.0,0.0,0.0,0.0,0.0,0.0,0,0.0,0.0,1.0,5.0,83420105.0,0.0,0.667023,0.0,1,0,0,0,0,0,0,0,0,0,0,0,0,0,0,0,0,1,0,0,0,0
22.0,0.0,1.0,381.5,0.0,30.0,60.0,0.0,0.0,11.0,0.18181818181818188,0.0,0.0,0.0,0.0,0.0,0.0,0.0,0.0,1,1.0,0.0,1.0,5.0,93820005.0,1.0,0.667023,1.0,1,0,0,0,0,0,0,0,0,0,0,0,0,0,0,0,0,1,0,0,0,0
20.0,0.0,1.0,181.0,0.0,18.0,90.0,0.0,0.0,11.0,0.0,0.0,0.0,0.0,0.0,0.0,0.0,0.0,0.0,0,1.0,0.0,1.0,5.0,33140005.0,0.0,0.667023,0.0,1,0,0,0,0,0,0,0,0,0,0,0,0,0,0,0,0,1,0,0,0,0
23.0,0.0,0.0,0.0,0.0,0.0,0.0,0.0,0.0,11.0,0.36363636363636354,0.0,0.0,0.0,0.0,0.0,0.0,0.0,0.0,0,0.0,0.0,1.0,5.0,93710505.0,1.0,0.667023,0.0,1,0,0,0,0,0,0,0,0,0,0,0,0,0,0,0,0,1,0,0,0,0
21.0,0.0,1.0,0.0,200000.0,26.0,60.0,0.0,0.0,11.0,0.18181818181818188,0.0,1.0,0.3,0.0,1.0,0.40336134453781514,0.0,0.0,0,0.0,1.0,1.0,5.0,93710505.0,0.0,0.667023,0.0,1,0,0,0,0,0,0,0,0,0,0,0,0,0,0,0,0,1,0,0,0,0
20.0,0.0,1.0,408.0,0.0,28.0,60.0,0.0,0.0,11.0,0.09090909090909083,0.0,1.0,0.09,0.0,1.0,0.5882352941176471,0.0,0.0,1,1.0,1.0,1.0,5.0,83220005.0,0.0,0.667023,0.0,1,0,0,0,0,0,0,0,0,0,0,0,0,0,0,0,1,0,0,0,0,0
21.0,0.0,1.0,408.0,0.0,30.0,100.0,0.0,0.0,11.0,0.09090909090909083,0.0,0.0,0.0,0.0,0.0,0.0,0.0,0.0,0,1.0,0.0,1.0,5.0,93710505.0,0.0,0.667023,0.0,1,0,0,0,0,0,0,0,0,0,0,0,0,0,0,0,0,1,0,0,0,0
20.0,0.0,1.0,408.0,0.0,26.0,48.0,1.0,1.0,12.0,0.0,0.0,1.0,0.19999999999999998,0.0,0.8666666666666667,0.5462184873949579,0.0,0.0,1,1.0,1.0,1.0,5.0,93710505.0,1.0,0.667023,1.0,1,0,0,0,0,0,0,0,0,0,0,0,0,0,0,0,0,1,0,0,0,0
21.0,0.0,1.0,152.0,0.0,8.0,20.0,0.0,0.0,11.0,0.18181818181818188,0.0,0.0,0.0,0.0,0.0,0.0,0.0,0.0,0,1.0,0.0,1.0,5.0,13420005.0,1.0,0.667023,0.0,1,0,0,0,0,0,0,0,0,0,0,0,0,0,0,0,0,1,0,0,0,0
20.0,0.0,0.0,0.0,0.0,0.0,0.0,0.0,0.0,11.0,0.0,0.0,0.0,0.0,0.0,0.0,0.0,0.0,0.0,1,0.0,0.0,1.0,5.0,33160005.0,0.0,0.667023,0.0,1,0,0,0,0,0,0,0,0,0,0,0,0,0,0,0,0,1,0,0,0,0
26.0,0.0,1.0,408.0,0.0,26.0,48.0,1.0,0.0,15.0,0.6363636363636365,0.0,0.0,0.0,0.0,0.0,0.0,0.0,0.0,0,1.0,0.0,1.0,5.0,13420005.0,0.0,0.667023,0.0,1,0,0,0,0,0,0,0,0,0,0,0,0,0,0,0,0,1,0,0,0,0
25.0,0.0,0.0,0.0,0.0,0.0,0.0,0.0,0.0,11.0,0.45454545454545436,0.0,0.0,0.0,0.0,0.0,0.0,0.0,0.0,0,0.0,0.0,1.0,5.0,64330010.0,1.0,0.667023,0.0,1,0,0,0,0,0,0,0,0,0,0,0,0,0,0,0,0,1,0,0,0,0
22.0,0.0,1.0,553.0,0.0,26.0,48.0,0.0,0.0,11.0,0.2727272727272727,0.0,0.0,0.0,0.0,0.0,0.0,0.0,0.0,0,1.0,0.0,1.0,5.0,93820005.0,1.0,0.667023,0.0,1,0,0,0,0,0,0,0,0,0,0,0,0,0,0,0,0,1,0,0,0,0
24.0,0.0,1.0,170.0,0.0,12.0,30.0,0.0,0.0,11.0,0.36363636363636354,0.0,1.0,0.0,0.21777777777777776,0.4,0.226890756302521,0.0,0.0,0,1.0,0.0,1.0,5.0,93820005.0,0.0,0.667023,0.0,1,0,0,0,0,0,0,0,0,0,0,0,0,0,0,0,0,1,0,0,0,0
22.0,0.0,1.0,650.0,0.0,30.0,72.0,1.0,1.0,11.0,0.18181818181818188,0.0,0.0,0.0,0.0,0.0,0.0,0.0,0.0,1,1.0,0.0,1.0,5.0,13420005.0,0.0,0.667023,0.0,1,0,0,0,0,0,0,0,0,0,0,0,0,0,0,0,0,1,0,0,0,0
21.0,0.0,1.0,186.0,0.0,15.0,48.0,0.0,0.0,11.0,0.18181818181818188,0.0,0.0,0.0,0.0,0.0,0.0,0.0,0.0,1,1.0,0.0,1.0,5.0,13140005.0,0.0,0.667023,0.0,1,0,0,0,0,0,0,0,0,0,0,0,0,0,0,0,0,1,0,0,0,0
20.0,0.0,1.0,100.0,0.0,28.0,70.0,0.0,0.0,9.0,0.09090909090909083,0.0,0.0,0.0,0.0,0.0,0.0,0.0,0.0,0,1.0,0.0,1.0,5.0,84210330.0,1.0,0.667023,0.0,1,0,0,0,0,0,0,0,0,0,0,0,0,0,0,0,0,1,0,0,0,0
21.0,1.0,1.0,400.0,0.0,26.0,60.0,0.0,1.0,11.0,0.09090909090909083,0.0,1.0,0.12,0.0,0.9,0.40336134453781514,0.0,0.0,1,1.0,1.0,1.0,5.0,84210005.0,0.0,0.667023,0.0,1,0,0,0,0,0,0,0,0,0,0,0,0,0,0,0,0,1,0,0,0,0
21.0,0.0,1.0,300.0,0.0,26.0,48.0,0.0,0.0,11.0,0.18181818181818188,0.0,0.0,0.0,0.0,0.0,0.0,0.0,0.0,0,1.0,0.0,1.0,5.0,13120005.0,0.0,0.667023,0.0,1,0,0,0,0,0,0,0,0,0,0,0,0,0,0,0,0,1,0,0,0,0
22.0,0.0,1.0,600.0,0.0,28.0,56.0,1.0,1.0,11.0,0.18181818181818188,0.0,0.0,0.0,0.0,0.0,0.0,0.0,0.0,1,1.0,0.0,1.0,5.0,83420105.0,0.0,0.667023,0.0,1,0,0,0,0,0,0,0,0,0,0,0,0,0,0,0,0,1,0,0,0,0
22.0,0.0,1.0,300.0,0.0,27.0,72.0,0.0,0.0,11.0,0.2727272727272727,0.0,0.0,0.0,0.0,0.0,0.0,0.0,0.0,0,1.0,0.0,1.0,5.0,63550005.0,1.0,0.667023,0.0,1,0,0,0,0,0,0,0,0,0,0,0,0,0,0,0,0,1,0,0,0,0
23.0,0.0,1.0,408.0,0.0,30.0,60.0,1.0,1.0,11.0,0.36363636363636354,1.0,0.0,0.0,0.0,0.0,0.0,0.0,0.0,1,1.0,0.0,1.0,5.0,84210330.0,1.0,0.667023,1.0,1,0,0,0,0,0,0,0,0,0,0,0,0,0,0,0,0,1,0,0,0,0
23.0,1.0,1.0,120.0,0.0,8.0,10.0,0.0,0.0,11.0,0.2727272727272727,0.0,0.0,0.0,0.0,0.0,0.0,0.0,0.0,1,1.0,0.0,1.0,5.0,13210005.0,1.0,0.667023,1.0,1,0,0,0,0,0,0,0,0,0,0,0,0,0,0,0,0,1,0,0,0,0
21.0,0.0,1.0,100.0,0.0,26.0,30.0,0.0,0.0,11.0,0.09090909090909083,0.0,1.0,0.25,0.0,0.7333333333333333,0.3361344537815126,0.0,0.0,0,1.0,1.0,1.0,5.0,13140005.0,0.0,0.667023,0.0,1,0,0,0,0,0,0,0,0,0,0,0,0,0,0,0,0,1,0,0,0,0
20.0,0.0,1.0,100.0,0.0,26.0,52.0,0.0,0.0,11.0,0.09090909090909083,0.0,1.0,0.0,0.08888888888888888,1.0,0.8067226890756303,0.0,0.0,0,1.0,0.0,1.0,5.0,33160005.0,1.0,0.667023,0.0,1,0,0,0,0,0,0,0,0,0,0,0,0,0,0,0,0,1,0,0,0,0
22.0,0.0,0.0,0.0,0.0,0.0,0.0,0.0,0.0,11.0,0.18181818181818188,0.0,0.0,0.0,0.0,0.0,0.0,0.0,0.0,1,0.0,0.0,1.0,5.0,93820005.0,0.0,0.667023,0.0,1,0,0,0,0,0,0,0,0,0,0,0,0,0,0,0,0,1,0,0,0,0
25.0,0.0,1.0,200.0,0.0,20.0,25.0,0.0,0.0,11.0,0.45454545454545436,0.0,0.0,0.0,0.0,0.0,0.0,0.0,0.0,1,1.0,0.0,1.0,5.0,93710505.0,1.0,0.667023,1.0,1,0,0,0,0,0,0,0,0,0,0,0,0,0,0,0,0,1,0,0,0,0
20.0,0.0,1.0,0.0,400000.0,26.0,70.0,0.0,0.0,11.0,0.09090909090909083,0.0,0.0,0.0,0.0,0.0,0.0,0.0,0.0,0,0.0,0.0,1.0,5.0,93820005.0,0.0,0.667023,0.0,1,0,0,0,0,0,0,0,0,0,0,0,0,0,0,0,0,1,0,0,0,0
21.0,0.0,1.0,0.0,80000.0,15.0,20.0,0.0,0.0,11.0,0.09090909090909083,0.0,0.0,0.0,0.0,0.0,0.0,0.0,0.0,0,0.0,0.0,1.0,5.0,83520025.0,0.0,0.667023,0.0,1,0,0,0,0,0,0,0,0,0,0,0,0,0,0,0,0,1,0,0,0,0
24.0,0.0,1.0,280.0,0.0,30.0,10.0,0.0,0.0,11.0,0.45454545454545436,0.0,0.0,0.0,0.0,0.0,0.0,0.0,0.0,0,1.0,0.0,1.0,5.0,93820005.0,1.0,0.667023,0.0,1,0,0,0,0,0,0,0,0,0,0,0,0,0,0,0,0,1,0,0,0,0
21.0,1.0,1.0,140.0,0.0,26.0,36.0,0.0,0.0,11.0,0.09090909090909083,1.0,0.0,0.0,0.0,0.0,0.0,0.0,0.0,1,1.0,0.0,1.0,5.0,33160005.0,1.0,0.667023,1.0,1,0,0,0,0,0,0,0,0,0,0,0,0,0,0,0,0,1,0,0,0,0
25.0,0.0,1.0,500.0,0.0,26.0,48.0,0.0,0.0,11.0,0.45454545454545436,0.0,1.0,0.09999999999999999,0.0,0.8666666666666667,0.6050420168067226,1.0,1.0,1,1.0,1.0,1.0,5.0,83420105.0,0.0,0.667023,0.0,1,0,0,0,0,0,0,0,0,0,0,0,0,0,0,0,0,1,0,0,0,0
27.0,0.0,0.0,0.0,0.0,0.0,0.0,0.0,0.0,11.0,0.6363636363636365,0.0,0.0,0.0,0.0,0.0,0.0,0.0,0.0,0,0.0,0.0,1.0,5.0,13140005.0,1.0,0.667023,0.0,1,0,0,0,0,0,0,0,0,0,0,0,0,0,0,0,0,1,0,0,0,0
24.0,1.0,1.0,210.0,0.0,26.0,60.0,0.0,0.0,11.0,0.36363636363636354,1.0,0.0,0.0,0.0,0.0,0.0,0.0,0.0,1,1.0,0.0,1.0,5.0,13140005.0,1.0,0.667023,1.0,1,0,0,0,0,0,0,0,0,0,0,0,0,0,0,0,0,1,0,0,0,0
21.0,0.0,1.0,120.0,0.0,30.0,70.0,0.0,0.0,11.0,0.18181818181818188,0.0,0.0,0.0,0.0,0.0,0.0,0.0,0.0,1,1.0,0.0,1.0,5.0,63550005.0,1.0,0.667023,1.0,1,0,0,0,0,0,0,0,0,0,0,0,0,0,0,0,0,1,0,0,0,0
26.0,0.0,0.0,0.0,0.0,0.0,0.0,0.0,0.0,14.0,0.5454545454545452,0.0,0.0,0.0,0.0,0.0,0.0,0.0,0.0,0,0.0,0.0,1.0,5.0,13120005.0,1.0,0.667023,0.0,1,0,0,0,0,0,0,0,0,0,0,0,0,0,0,0,0,1,0,0,0,0
25.0,0.0,1.0,381.5,0.0,20.0,56.0,0.0,0.0,11.0,0.5454545454545452,0.0,0.0,0.0,0.0,0.0,0.0,0.0,0.0,1,1.0,0.0,1.0,5.0,13120005.0,0.0,0.667023,0.0,1,0,0,0,0,0,0,0,0,0,0,0,0,0,0,0,0,1,0,0,0,0
21.0,0.0,1.0,300.0,0.0,28.0,72.0,0.0,0.0,11.0,0.09090909090909083,0.0,0.0,0.0,0.0,0.0,0.0,0.0,0.0,0,1.0,0.0,1.0,5.0,63240050.0,1.0,0.667023,0.0,1,0,0,0,0,0,0,0,0,0,0,0,0,0,0,0,0,1,0,0,0,0
23.0,1.0,1.0,350.0,0.0,6.0,48.0,1.0,0.0,11.0,0.2727272727272727,0.0,1.0,0.0,0.0,0.7333333333333333,0.3361344537815126,0.0,0.0,0,1.0,0.0,1.0,5.0,13420005.0,1.0,0.667023,0.0,1,0,0,0,0,0,0,0,0,0,0,0,0,0,0,0,0,1,0,0,0,0
27.0,1.0,1.0,408.0,0.0,30.0,56.0,1.0,1.0,11.0,0.6363636363636365,0.0,1.0,0.0,0.24999999999999997,0.7333333333333333,0.42016806722689076,0.0,0.0,1,1.0,0.0,1.0,5.0,84210330.0,0.0,0.667023,0.0,1,0,0,0,0,0,0,0,0,0,0,0,0,0,0,0,0,1,0,0,0,0
25.0,1.0,1.0,408.0,0.0,4.0,32.0,1.0,1.0,10.0,0.5454545454545452,0.0,0.0,0.0,0.0,0.0,0.0,0.0,0.0,0,1.0,0.0,1.0,5.0,13210005.0,1.0,0.667023,0.0,1,0,0,0,0,0,0,0,0,0,0,0,0,0,0,0,0,1,0,0,0,0
21.0,0.0,1.0,556.0,0.0,20.0,40.0,1.0,1.0,11.0,0.09090909090909083,0.0,0.0,0.0,0.0,0.0,0.0,0.0,0.0,1,1.0,0.0,1.0,5.0,13420005.0,1.0,0.667023,1.0,1,0,0,0,0,0,0,0,0,0,0,0,0,0,0,0,0,1,0,0,0,0
23.0,0.0,1.0,160.0,0.0,26.0,30.0,1.0,0.0,11.0,0.36363636363636354,0.0,0.0,0.0,0.0,0.0,0.0,0.0,0.0,1,1.0,0.0,1.0,5.0,13210005.0,0.0,0.667023,0.0,1,0,0,0,0,0,0,0,0,0,0,0,0,0,0,0,0,1,0,0,0,0
21.0,0.0,0.0,0.0,0.0,0.0,0.0,0.0,0.0,11.0,0.18181818181818188,0.0,0.0,0.0,0.0,0.0,0.0,0.0,0.0,0,0.0,0.0,1.0,5.0,93820005.0,0.0,0.667023,0.0,1,0,0,0,0,0,0,0,0,0,0,0,0,0,0,0,0,1,0,0,0,0
20.0,0.0,1.0,600.0,0.0,30.0,49.0,1.0,0.0,14.0,0.0,0.0,0.0,0.0,0.0,0.0,0.0,0.0,0.0,0,1.0,0.0,1.0,5.0,64330010.0,1.0,0.667023,0.0,1,0,0,0,0,0,0,0,0,0,0,0,0,0,0,0,0,1,0,0,0,0
26.0,1.0,1.0,180.0,0.0,15.0,66.0,0.0,0.0,11.0,0.5454545454545452,0.0,0.0,0.0,0.0,0.0,0.0,0.0,0.0,0,1.0,0.0,1.0,5.0,83520025.0,0.0,0.667023,0.0,1,0,0,0,0,0,0,0,0,0,0,0,0,0,0,0,0,1,0,0,0,0
27.0,1.0,1.0,120.0,0.0,8.0,98.0,0.0,0.0,11.0,0.6363636363636365,0.0,0.0,0.0,0.0,0.0,0.0,0.0,0.0,1,1.0,0.0,1.0,5.0,13210005.0,0.0,0.667023,0.0,1,0,0,0,0,0,0,0,0,0,0,0,0,0,0,0,0,1,0,0,0,0
21.0,0.0,1.0,408.0,0.0,26.0,48.0,1.0,1.0,11.0,0.09090909090909083,0.0,0.0,0.0,0.0,0.0,0.0,0.0,0.0,1,1.0,0.0,1.0,5.0,93710505.0,0.0,0.667023,0.0,1,0,0,0,0,0,0,0,0,0,0,0,0,0,0,0,0,1,0,0,0,0
20.0,0.0,1.0,0.0,200000.0,12.0,9.0,0.0,0.0,11.0,0.09090909090909083,0.0,0.0,0.0,0.0,0.0,0.0,0.0,0.0,0,0.0,0.0,1.0,5.0,63550005.0,0.0,0.667023,0.0,1,0,0,0,0,0,0,0,0,0,0,0,0,0,0,0,0,1,0,0,0,0
20.0,0.0,0.0,0.0,0.0,0.0,0.0,0.0,0.0,11.0,0.0,0.0,0.0,0.0,0.0,0.0,0.0,0.0,0.0,1,0.0,0.0,1.0,5.0,13120005.0,1.0,0.667023,1.0,1,0,0,0,0,0,0,0,0,0,0,0,0,0,0,0,0,1,0,0,0,0
21.0,0.0,1.0,250.0,0.0,26.0,72.0,1.0,1.0,9.0,0.18181818181818188,0.0,0.0,0.0,0.0,0.0,0.0,0.0,0.0,0,1.0,0.0,1.0,5.0,64330010.0,0.0,0.667023,0.0,1,0,0,0,0,0,0,0,0,0,0,0,0,0,0,0,1,0,0,0,0,0
23.0,1.0,0.0,0.0,0.0,0.0,0.0,0.0,0.0,9.0,0.36363636363636354,1.0,0.0,0.0,0.0,0.0,0.0,0.0,0.0,1,0.0,0.0,1.0,5.0,13210005.0,1.0,0.667023,1.0,1,0,0,0,0,0,0,0,0,0,0,0,0,0,0,1,0,0,0,0,0,0
20.0,0.0,0.0,0.0,0.0,0.0,0.0,0.0,0.0,11.0,0.09090909090909083,0.0,0.0,0.0,0.0,0.0,0.0,0.0,0.0,0,0.0,0.0,1.0,5.0,33160005.0,0.0,0.667023,0.0,1,0,0,0,0,0,0,0,0,0,0,0,0,0,0,0,0,1,0,0,0,0
25.0,0.0,1.0,500.0,0.0,30.0,70.0,0.0,1.0,11.0,0.45454545454545436,0.0,0.0,0.0,0.0,0.0,0.0,0.0,0.0,1,1.0,0.0,1.0,5.0,83420105.0,0.0,0.667023,0.0,1,0,0,0,0,0,0,0,0,0,0,0,0,0,0,0,0,1,0,0,0,0
26.0,0.0,1.0,408.0,0.0,28.0,56.0,1.0,1.0,11.0,0.5454545454545452,0.0,1.0,0.0,0.2222222222222222,1.0,0.4117647058823529,0.0,0.0,0,1.0,0.0,1.0,5.0,83420105.0,0.0,0.667023,0.0,1,0,0,0,0,0,0,0,0,0,0,0,0,0,0,0,0,1,0,0,0,0
25.0,0.0,1.0,0.0,140000.0,6.0,24.0,0.0,0.0,11.0,0.45454545454545436,0.0,0.0,0.0,0.0,0.0,0.0,0.0,0.0,0,0.0,0.0,1.0,5.0,33160005.0,0.0,0.667023,0.0,1,0,0,0,0,0,0,0,0,0,0,0,0,0,0,0,0,1,0,0,0,0
26.0,1.0,0.0,0.0,0.0,0.0,0.0,0.0,0.0,11.0,0.6363636363636365,1.0,1.0,0.0,0.15555555555555556,0.7333333333333333,0.08403361344537814,0.0,0.0,1,0.0,0.0,1.0,5.0,13420005.0,1.0,0.667023,1.0,1,0,0,0,0,0,0,0,0,0,0,0,0,0,0,0,0,1,0,0,0,0
23.0,1.0,1.0,350.0,0.0,20.0,48.0,1.0,0.0,11.0,0.2727272727272727,0.0,0.0,0.0,0.0,0.0,0.0,0.0,0.0,0,1.0,0.0,1.0,5.0,33160005.0,0.0,0.667023,0.0,1,0,0,0,0,0,0,0,0,0,0,0,0,0,0,0,0,1,0,0,0,0
24.0,0.0,1.0,170.0,0.0,28.0,72.0,0.0,0.0,9.0,0.45454545454545436,0.0,0.0,0.0,0.0,0.0,0.0,0.0,0.0,1,1.0,0.0,1.0,5.0,83420105.0,1.0,0.667023,1.0,1,0,0,0,0,0,0,0,0,0,0,0,0,0,0,0,0,1,0,0,0,0
23.0,1.0,1.0,408.0,0.0,28.0,84.0,1.0,1.0,11.0,0.36363636363636354,1.0,0.0,0.0,0.0,0.0,0.0,0.0,0.0,0,1.0,0.0,1.0,5.0,93710505.0,0.0,0.667023,0.0,1,0,0,0,0,0,0,0,0,0,0,0,0,0,0,0,0,1,0,0,0,0
20.0,0.0,1.0,250.0,0.0,17.0,105.0,1.0,1.0,11.0,0.0,0.0,0.0,0.0,0.0,0.0,0.0,0.0,0.0,1,1.0,0.0,1.0,5.0,93820005.0,1.0,0.667023,1.0,1,0,0,0,0,0,0,0,0,0,0,0,0,0,0,0,0,1,0,0,0,0
22.0,0.0,0.0,0.0,0.0,0.0,0.0,0.0,0.0,11.0,0.18181818181818188,0.0,0.0,0.0,0.0,0.0,0.0,0.0,0.0,0,0.0,0.0,1.0,5.0,93820005.0,1.0,0.667023,0.0,1,0,0,0,0,0,0,0,0,0,0,0,0,0,0,0,0,1,0,0,0,0
21.0,0.0,1.0,0.0,0.0,20.0,40.0,0.0,0.0,11.0,0.18181818181818188,0.0,0.0,0.0,0.0,0.0,0.0,0.0,0.0,1,0.0,0.0,1.0,5.0,83520025.0,0.0,0.667023,0.0,1,0,0,0,0,0,0,0,0,0,0,0,0,0,0,0,0,1,0,0,0,0
25.0,1.0,1.0,0.0,90000.0,20.0,40.0,0.0,0.0,11.0,0.5454545454545452,1.0,0.0,0.0,0.0,0.0,0.0,0.0,0.0,0,0.0,0.0,1.0,5.0,13120005.0,1.0,0.667023,0.0,1,0,0,0,0,0,0,0,0,0,0,0,0,0,0,0,0,1,0,0,0,0
21.0,0.0,0.0,0.0,0.0,0.0,0.0,0.0,0.0,11.0,0.09090909090909083,0.0,1.0,0.15,0.0,0.5,0.13445378151260504,0.0,0.0,0,0.0,1.0,1.0,5.0,33140005.0,1.0,0.667023,0.0,1,0,0,0,0,0,0,0,0,0,0,0,0,0,0,0,0,1,0,0,0,0
21.0,0.0,1.0,381.5,0.0,30.0,56.0,0.0,0.0,11.0,0.09090909090909083,0.0,0.0,0.0,0.0,0.0,0.0,0.0,0.0,1,1.0,0.0,1.0,5.0,33140005.0,1.0,0.667023,1.0,1,0,0,0,0,0,0,0,0,0,0,0,0,0,0,0,0,1,0,0,0,0
22.0,0.0,1.0,640.0,0.0,30.0,84.0,1.0,1.0,11.0,0.18181818181818188,0.0,0.0,0.0,0.0,0.0,0.0,0.0,0.0,1,1.0,0.0,1.0,5.0,33140005.0,0.0,0.667023,0.0,1,0,0,0,0,0,0,0,0,0,0,0,0,0,0,0,0,0,1,0,0,0
22.0,0.0,0.0,0.0,0.0,0.0,0.0,0.0,0.0,11.0,0.2727272727272727,0.0,0.0,0.0,0.0,0.0,0.0,0.0,0.0,0,0.0,0.0,1.0,5.0,13210005.0,1.0,0.667023,0.0,1,0,0,0,0,0,0,0,0,0,0,0,0,0,0,0,0,1,0,0,0,0
22.0,0.0,1.0,130.0,0.0,15.0,84.0,0.0,0.0,11.0,0.2727272727272727,0.0,1.0,0.18,0.0,0.8666666666666667,0.40336134453781514,0.0,0.0,0,1.0,1.0,1.0,5.0,13140005.0,1.0,0.667023,0.0,1,0,0,0,0,0,0,0,0,0,0,0,0,0,0,0,0,1,0,0,0,0
20.0,0.0,1.0,0.0,300000.0,20.0,18.0,0.0,0.0,11.0,0.0,0.0,0.0,0.0,0.0,0.0,0.0,0.0,0.0,1,0.0,0.0,1.0,5.0,13210005.0,1.0,0.667023,1.0,1,0,0,0,0,0,0,0,0,0,0,0,0,0,0,0,0,1,0,0,0,0
20.0,1.0,0.0,0.0,0.0,0.0,0.0,0.0,0.0,11.0,0.0,1.0,1.0,0.06,0.0,0.8666666666666667,0.40336134453781514,0.0,0.0,1,0.0,1.0,1.0,5.0,63240050.0,1.0,0.667023,1.0,1,0,0,0,0,0,0,0,0,0,0,0,0,0,0,0,0,1,0,0,0,0
22.0,0.0,1.0,150.0,0.0,10.0,24.0,0.0,0.0,11.0,0.2727272727272727,0.0,1.0,0.19499999999999998,0.0,0.7333333333333333,0.3361344537815126,0.0,0.0,1,1.0,1.0,1.0,5.0,33140005.0,0.0,0.667023,0.0,1,0,0,0,0,0,0,0,0,0,0,0,0,0,0,0,0,1,0,0,0,0
22.0,1.0,1.0,650.0,0.0,30.0,84.0,0.0,1.0,11.0,0.18181818181818188,0.0,0.0,0.0,0.0,0.0,0.0,0.0,0.0,1,1.0,0.0,1.0,5.0,13120005.0,0.0,0.667023,0.0,1,0,0,0,0,0,0,0,0,0,0,0,0,0,0,0,0,1,0,0,0,0
22.0,0.0,1.0,540.0,0.0,30.0,84.0,0.0,0.0,11.0,0.18181818181818188,0.0,0.0,0.0,0.0,0.0,0.0,0.0,0.0,0,1.0,0.0,1.0,5.0,13140005.0,1.0,0.667023,0.0,1,0,0,0,0,0,0,0,0,0,0,0,0,0,0,0,0,1,0,0,0,0
20.0,0.0,1.0,0.0,100000.0,15.0,105.0,0.0,0.0,11.0,0.09090909090909083,0.0,0.0,0.0,0.0,0.0,0.0,0.0,0.0,0,0.0,0.0,1.0,5.0,13210005.0,0.0,0.667023,0.0,1,0,0,0,0,0,0,0,0,0,0,0,0,0,0,0,0,1,0,0,0,0
25.0,1.0,0.0,0.0,0.0,0.0,0.0,0.0,0.0,11.0,0.5454545454545452,1.0,0.0,0.0,0.0,0.0,0.0,0.0,0.0,0,0.0,0.0,1.0,5.0,33140005.0,1.0,0.667023,0.0,1,0,0,0,0,0,0,0,0,0,0,0,0,0,0,0,0,1,0,0,0,0
24.0,0.0,1.0,408.0,0.0,26.0,72.0,0.0,0.0,12.0,0.45454545454545436,0.0,0.0,0.0,0.0,0.0,0.0,0.0,0.0,0,1.0,0.0,1.0,5.0,84210005.0,0.0,0.667023,0.0,1,0,0,0,0,0,0,0,0,0,0,0,0,0,0,0,0,1,0,0,0,0
26.0,0.0,1.0,0.0,350000.0,20.0,60.0,0.0,0.0,11.0,0.6363636363636365,0.0,1.0,0.0,0.0,0.8666666666666667,0.5042016806722689,0.0,0.0,0,0.0,0.0,1.0,5.0,83420105.0,1.0,0.667023,0.0,1,0,0,0,0,0,0,0,0,0,0,0,0,0,0,0,0,1,0,0,0,0
21.0,0.0,0.0,0.0,0.0,0.0,0.0,0.0,0.0,11.0,0.18181818181818188,0.0,0.0,0.0,0.0,0.0,0.0,0.0,0.0,1,0.0,0.0,1.0,5.0,13420005.0,0.0,0.667023,0.0,1,0,0,0,0,0,0,0,0,0,0,0,0,0,0,0,0,1,0,0,0,0
23.0,0.0,1.0,70.0,0.0,15.0,32.0,0.0,0.0,11.0,0.36363636363636354,0.0,0.0,0.0,0.0,0.0,0.0,0.0,0.0,1,1.0,0.0,1.0,5.0,93710505.0,1.0,0.667023,1.0,1,0,0,0,0,0,0,0,0,0,0,0,0,0,0,0,0,1,0,0,0,0
23.0,1.0,1.0,500.0,0.0,30.0,45.0,1.0,1.0,11.0,0.2727272727272727,1.0,1.0,0.09,0.0,0.8,0.5546218487394958,0.0,0.0,1,1.0,1.0,1.0,5.0,33160005.0,1.0,0.667023,1.0,1,0,0,0,0,0,0,0,0,0,0,0,0,0,0,0,0,1,0,0,0,0
21.0,0.0,1.0,400.0,0.0,28.0,70.0,0.0,0.0,11.0,0.09090909090909083,0.0,1.0,0.36,0.0,1.0,0.7058823529411764,0.0,0.0,1,1.0,1.0,1.0,5.0,93820005.0,0.0,0.667023,0.0,1,0,0,0,0,0,0,0,0,0,0,0,0,0,0,0,0,1,0,0,0,0
19.0,0.0,1.0,408.0,0.0,30.0,56.0,0.0,0.0,11.0,0.0,0.0,1.0,0.16,0.0,0.7333333333333333,0.37815126050420167,0.0,0.0,1,1.0,1.0,1.0,5.0,33140005.0,0.0,0.667023,0.0,1,0,0,0,0,0,0,0,0,0,0,0,0,0,0,0,0,1,0,0,0,0
26.0,0.0,0.0,0.0,0.0,0.0,0.0,0.0,0.0,11.0,0.5454545454545452,0.0,0.0,0.0,0.0,0.0,0.0,0.0,0.0,1,0.0,0.0,1.0,7.0,85220010.0,0.0,0.6666667,0.0,1,0,0,0,0,0,0,0,0,0,0,0,0,0,0,0,0,1,0,0,0,0
22.0,0.0,0.0,0.0,0.0,0.0,0.0,0.0,0.0,11.0,0.2727272727272727,0.0,0.0,0.0,0.0,0.0,0.0,0.0,0.0,1,0.0,0.0,1.0,7.0,85220010.0,0.0,0.6666667,0.0,1,0,0,0,0,0,0,0,0,0,0,0,0,0,0,0,0,1,0,0,0,0
20.0,0.0,1.0,0.0,0.0,26.0,42.0,0.0,0.0,5.0,0.09090909090909083,0.0,0.0,0.0,0.0,0.0,0.0,0.0,0.0,0,0.0,0.0,1.0,7.0,85220010.0,0.0,0.6666667,0.0,1,0,0,0,0,0,0,0,0,0,0,0,0,0,0,0,0,1,0,0,0,0
21.0,0.0,0.0,0.0,0.0,0.0,0.0,0.0,0.0,11.0,0.18181818181818188,0.0,1.0,0.19,0.0,1.0,0.7983193277310924,0.0,0.0,0,0.0,1.0,1.0,7.0,85220010.0,0.0,0.6666667,0.0,1,0,0,0,0,0,0,0,0,0,0,0,0,0,0,0,0,1,0,0,0,0
22.0,0.0,1.0,0.0,360000.0,26.0,60.0,0.0,0.0,11.0,0.18181818181818188,0.0,0.0,0.0,0.0,0.0,0.0,0.0,0.0,0,0.0,0.0,1.0,7.0,85220010.0,0.0,0.6666667,0.0,1,0,0,0,0,0,0,0,0,0,0,0,0,0,0,0,0,1,0,0,0,0
26.0,1.0,1.0,0.0,450000.0,26.0,84.0,0.0,0.0,11.0,0.6363636363636365,1.0,0.0,0.0,0.0,0.0,0.0,0.0,0.0,1,0.0,0.0,1.0,7.0,85220010.0,0.0,0.6666667,0.0,1,0,0,0,0,0,0,0,0,0,0,0,0,0,0,0,0,1,0,0,0,0
21.0,0.0,1.0,48.0,0.0,8.0,20.0,0.0,0.0,11.0,0.18181818181818188,0.0,0.0,0.0,0.0,0.0,0.0,0.0,0.0,0,1.0,0.0,1.0,7.0,85220010.0,0.0,0.6666667,0.0,1,0,0,0,0,0,0,0,0,0,0,0,0,0,0,0,0,1,0,0,0,0
25.0,1.0,1.0,0.0,100000.0,30.0,42.0,0.0,0.0,11.0,0.5454545454545452,1.0,1.0,0.0,0.3333333333333333,1.0,0.47058823529411764,0.0,0.0,1,0.0,0.0,1.0,7.0,85220010.0,0.0,0.6666667,0.0,1,0,0,0,0,0,0,0,0,0,0,0,0,0,0,0,0,1,0,0,0,0
23.0,0.0,1.0,240.0,0.0,23.0,40.0,0.0,0.0,11.0,0.2727272727272727,0.0,0.0,0.0,0.0,0.0,0.0,0.0,0.0,1,1.0,0.0,1.0,7.0,85220010.0,0.0,0.6666667,0.0,1,0,0,0,0,0,0,0,0,0,0,0,0,0,0,0,0,1,0,0,0,0
21.0,0.0,1.0,452.0,0.0,26.0,48.0,1.0,1.0,11.0,0.09090909090909083,0.0,0.0,0.0,0.0,0.0,0.0,0.0,0.0,1,1.0,0.0,1.0,8.0,13710040.0,0.0,0.65789473,0.0,1,0,0,0,0,0,0,0,0,0,0,0,0,0,0,0,0,1,0,0,0,0
20.0,0.0,1.0,280.0,0.0,28.0,54.0,0.0,1.0,11.0,0.0,0.0,1.0,0.38999999999999996,0.0,1.0,0.3529411764705882,0.0,0.0,0,1.0,1.0,1.0,8.0,13710040.0,0.0,0.65789473,0.0,1,0,0,0,0,0,0,0,0,0,0,0,0,0,0,0,0,1,0,0,0,0
22.0,0.0,1.0,408.0,0.0,24.0,54.0,0.0,1.0,11.0,0.18181818181818188,0.0,1.0,0.0,0.13333333333333333,0.6666666666666666,0.1680672268907563,0.0,0.0,0,1.0,0.0,1.0,8.0,13710040.0,1.0,0.65789473,0.0,1,0,0,0,0,0,0,0,0,0,0,0,0,0,0,0,0,1,0,0,0,0
22.0,0.0,1.0,240.0,0.0,26.0,72.0,0.0,0.0,11.0,0.2727272727272727,0.0,0.0,0.0,0.0,0.0,0.0,0.0,0.0,0,1.0,0.0,1.0,8.0,13710040.0,0.0,0.65789473,0.0,1,0,0,0,0,0,0,0,0,0,0,0,0,0,0,0,0,1,0,0,0,0
25.0,1.0,0.0,0.0,0.0,0.0,0.0,0.0,0.0,11.0,0.45454545454545436,1.0,0.0,0.0,0.0,0.0,0.0,0.0,0.0,0,0.0,0.0,1.0,8.0,13710040.0,1.0,0.65789473,0.0,1,0,0,0,0,0,0,0,0,0,0,0,0,0,0,0,0,1,0,0,0,0
23.0,0.0,0.0,0.0,0.0,0.0,0.0,0.0,0.0,11.0,0.2727272727272727,0.0,0.0,0.0,0.0,0.0,0.0,0.0,0.0,0,0.0,0.0,1.0,8.0,13710040.0,0.0,0.65789473,0.0,1,0,0,0,0,0,0,0,0,0,0,0,0,0,0,0,0,1,0,0,0,0
20.0,0.0,1.0,400.0,0.0,20.0,98.0,0.0,0.0,11.0,0.09090909090909083,0.0,1.0,0.16,0.0,0.8666666666666667,0.40336134453781514,0.0,0.0,1,1.0,1.0,1.0,8.0,13710040.0,0.0,0.65789473,0.0,1,0,0,0,0,0,0,0,0,0,0,0,0,0,0,0,0,1,0,0,0,0
21.0,0.0,1.0,381.5,0.0,26.0,40.0,0.0,0.0,11.0,0.18181818181818188,0.0,1.0,0.19999999999999998,0.0,0.8666666666666667,0.40336134453781514,0.0,0.0,1,1.0,1.0,1.0,8.0,13710040.0,0.0,0.65789473,0.0,1,0,0,0,0,0,0,0,0,0,0,0,0,0,0,0,0,1,0,0,0,0
24.0,1.0,1.0,408.0,0.0,26.0,48.0,0.0,0.0,11.0,0.36363636363636354,1.0,1.0,0.5499999999999999,0.0,0.8666666666666667,0.40336134453781514,1.0,1.0,0,1.0,1.0,1.0,8.0,13710040.0,1.0,0.65789473,0.0,1,0,0,0,0,0,0,0,0,0,0,0,0,0,0,0,0,1,0,0,0,0
25.0,0.0,1.0,381.5,0.0,22.0,48.0,0.0,0.0,11.0,0.45454545454545436,0.0,1.0,0.358,0.0,0.7333333333333333,0.3361344537815126,1.0,1.0,1,1.0,1.0,1.0,8.0,13710040.0,1.0,0.65789473,1.0,1,0,0,0,0,0,0,0,0,0,0,0,0,0,0,0,0,1,0,0,0,0
21.0,0.0,0.0,0.0,0.0,0.0,0.0,0.0,0.0,11.0,0.09090909090909083,0.0,0.0,0.0,0.0,0.0,0.0,0.0,0.0,0,0.0,0.0,1.0,9.0,63240015.0,0.0,0.675,0.0,1,0,0,0,0,0,0,0,0,0,0,0,0,0,0,0,0,1,0,0,0,0
21.0,0.0,0.0,0.0,0.0,0.0,0.0,0.0,0.0,11.0,0.18181818181818188,0.0,0.0,0.0,0.0,0.0,0.0,0.0,0.0,1,0.0,0.0,1.0,9.0,63240015.0,1.0,0.675,1.0,1,0,0,0,0,0,0,0,0,0,0,0,0,0,0,0,0,1,0,0,0,0
20.0,0.0,1.0,74.8,0.0,4.0,10.0,0.0,0.0,11.0,0.09090909090909083,0.0,0.0,0.0,0.0,0.0,0.0,0.0,0.0,0,1.0,0.0,1.0,9.0,63240015.0,1.0,0.675,0.0,1,0,0,0,0,0,0,0,0,0,0,0,0,0,0,0,0,1,0,0,0,0
23.0,0.0,0.0,0.0,0.0,0.0,0.0,0.0,0.0,11.0,0.36363636363636354,0.0,0.0,0.0,0.0,0.0,0.0,0.0,0.0,0,0.0,0.0,1.0,9.0,63240015.0,1.0,0.675,0.0,1,0,0,0,0,0,0,0,0,0,0,0,0,0,0,0,0,1,0,0,0,0
22.0,0.0,1.0,170.0,0.0,15.0,86.0,0.0,0.0,11.0,0.2727272727272727,0.0,0.0,0.0,0.0,0.0,0.0,0.0,0.0,1,1.0,0.0,1.0,9.0,63240015.0,1.0,0.675,1.0,1,0,0,0,0,0,0,0,0,0,0,0,0,0,0,0,0,1,0,0,0,0
21.0,1.0,0.0,0.0,0.0,0.0,0.0,0.0,0.0,11.0,0.09090909090909083,0.0,1.0,0.13999999999999999,0.0,0.8666666666666667,0.6050420168067226,0.0,0.0,1,0.0,1.0,1.0,9.0,63240015.0,1.0,0.675,1.0,1,0,0,0,0,0,0,0,0,0,0,0,0,0,0,0,0,1,0,0,0,0
22.0,1.0,0.0,0.0,0.0,0.0,0.0,0.0,0.0,11.0,0.18181818181818188,0.0,0.0,0.0,0.0,0.0,0.0,0.0,0.0,0,0.0,0.0,1.0,9.0,63240015.0,1.0,0.675,0.0,1,0,0,0,0,0,0,0,0,0,0,0,0,0,0,0,0,0,1,0,0,0
22.0,0.0,1.0,180.0,0.0,25.0,91.0,0.0,0.0,11.0,0.18181818181818188,0.0,1.0,0.12,0.0,1.0,0.4117647058823529,0.0,0.0,0,1.0,1.0,1.0,10.0,13140005.0,1.0,0.6666667,0.0,1,0,0,0,0,0,0,0,0,0,0,0,0,0,0,0,0,1,0,0,0,0
21.0,1.0,1.0,400.0,0.0,26.0,48.0,1.0,0.0,11.0,0.09090909090909083,1.0,1.0,0.144,0.0,0.8666666666666667,0.37815126050420167,0.0,0.0,1,1.0,1.0,1.0,10.0,83220015.0,0.0,0.6666667,0.0,1,0,0,0,0,0,0,0,0,0,0,0,0,0,0,0,0,1,0,0,0,0
26.0,0.0,1.0,200.0,0.0,20.0,40.0,0.0,0.0,11.0,0.5454545454545452,0.0,0.0,0.0,0.0,0.0,0.0,0.0,0.0,0,1.0,0.0,1.0,10.0,13140005.0,1.0,0.6666667,0.0,1,0,0,0,0,0,0,0,0,0,0,0,0,0,0,0,0,1,0,0,0,0
20.0,0.0,0.0,0.0,0.0,0.0,0.0,0.0,0.0,11.0,0.09090909090909083,0.0,0.0,0.0,0.0,0.0,0.0,0.0,0.0,1,0.0,0.0,1.0,10.0,83220015.0,0.0,0.6666667,0.0,1,0,0,0,0,0,0,0,0,0,0,0,0,0,0,0,0,1,0,0,0,0
23.0,1.0,1.0,540.0,0.0,24.0,72.0,0.0,0.0,5.0,0.2727272727272727,0.0,0.0,0.0,0.0,0.0,0.0,0.0,0.0,1,1.0,0.0,1.0,10.0,86110505.0,0.0,0.6666667,0.0,1,0,0,0,0,0,0,0,0,0,0,0,0,0,0,0,0,1,0,0,0,0
21.0,0.0,0.0,0.0,0.0,0.0,0.0,0.0,0.0,11.0,0.09090909090909083,0.0,0.0,0.0,0.0,0.0,0.0,0.0,0.0,1,0.0,0.0,1.0,10.0,13140005.0,0.0,0.6666667,0.0,1,0,0,0,0,0,0,0,0,0,0,0,0,0,0,0,0,1,0,0,0,0
22.0,0.0,1.0,440.0,0.0,24.0,48.0,0.0,1.0,11.0,0.2727272727272727,0.0,0.0,0.0,0.0,0.0,0.0,0.0,0.0,1,1.0,0.0,1.0,10.0,86110505.0,0.0,0.6666667,0.0,1,0,0,0,0,0,0,0,0,0,0,0,0,0,0,0,0,1,0,0,0,0
21.0,0.0,1.0,160.0,0.0,26.0,48.0,0.0,0.0,11.0,0.09090909090909083,0.0,1.0,0.19999999999999998,0.0,0.8666666666666667,0.40336134453781514,0.0,1.0,1,1.0,1.0,1.0,10.0,83220015.0,0.0,0.6666667,0.0,1,0,0,0,0,0,0,0,0,0,0,0,0,0,0,0,0,1,0,0,0,0
26.0,1.0,1.0,0.0,300000.0,26.0,48.0,0.0,0.0,11.0,0.5454545454545452,0.0,0.0,0.0,0.0,0.0,0.0,0.0,0.0,1,0.0,0.0,1.0,10.0,86110505.0,0.0,0.6666667,0.0,1,0,0,0,0,0,0,0,0,0,0,0,0,0,0,0,0,1,0,0,0,0
26.0,1.0,1.0,0.0,100000.0,2.0,13.0,0.0,0.0,11.0,0.5454545454545452,0.0,0.0,0.0,0.0,0.0,0.0,0.0,0.0,1,0.0,0.0,1.0,10.0,13140005.0,1.0,0.6666667,1.0,1,0,0,0,0,0,0,0,0,0,0,0,0,0,0,0,0,1,0,0,0,0
22.0,0.0,1.0,0.0,200000.0,20.0,30.0,0.0,0.0,11.0,0.2727272727272727,0.0,0.0,0.0,0.0,0.0,0.0,0.0,0.0,0,0.0,0.0,1.0,10.0,83220015.0,0.0,0.6666667,0.0,1,0,0,0,0,0,0,0,0,0,0,0,0,0,0,0,0,1,0,0,0,0
20.0,1.0,1.0,0.0,450000.0,10.0,16.0,0.0,0.0,11.0,0.0,0.0,1.0,0.0,0.28888888888888886,0.5,0.31932773109243695,0.0,0.0,0,0.0,0.0,1.0,10.0,83220015.0,0.0,0.6666667,0.0,1,0,0,0,0,0,0,0,0,0,0,0,0,0,0,0,0,1,0,0,0,0
20.0,0.0,1.0,200.0,0.0,25.0,66.0,0.0,0.0,11.0,0.09090909090909083,0.0,0.0,0.0,0.0,0.0,0.0,0.0,0.0,0,1.0,0.0,1.0,10.0,13140005.0,1.0,0.6666667,0.0,1,0,0,0,0,0,0,0,0,0,0,0,0,0,0,0,0,1,0,0,0,0
24.0,1.0,1.0,0.0,200000.0,30.0,84.0,0.0,0.0,11.0,0.45454545454545436,0.0,1.0,0.312,0.0,0.8666666666666667,0.40336134453781514,0.0,0.0,0,0.0,1.0,1.0,10.0,86110505.0,0.0,0.6666667,0.0,1,0,0,0,0,0,0,0,0,0,0,0,0,0,0,0,0,1,0,0,0,0
20.0,0.0,0.0,0.0,0.0,0.0,0.0,0.0,0.0,8.0,0.0,0.0,1.0,0.0,0.24444444444444444,0.7333333333333333,0.40336134453781514,0.0,0.0,1,0.0,0.0,1.0,10.0,13140005.0,0.0,0.6666667,0.0,1,0,0,0,0,0,0,0,0,0,0,0,0,0,0,0,0,1,0,0,0,0
24.0,0.0,1.0,381.5,0.0,28.0,84.0,1.0,0.0,11.0,0.45454545454545436,0.0,0.0,0.0,0.0,0.0,0.0,0.0,0.0,0,1.0,0.0,1.0,10.0,83220015.0,0.0,0.6666667,0.0,1,0,0,0,0,0,0,0,0,0,0,0,0,0,0,0,0,1,0,0,0,0
24.0,1.0,0.0,0.0,0.0,0.0,0.0,0.0,0.0,11.0,0.45454545454545436,1.0,0.0,0.0,0.0,0.0,0.0,0.0,0.0,0,0.0,0.0,1.0,10.0,13140005.0,1.0,0.6666667,0.0,1,0,0,0,0,0,0,0,0,0,0,0,0,0,0,0,0,1,0,0,0,0
23.0,0.0,0.0,0.0,0.0,0.0,0.0,0.0,0.0,11.0,0.2727272727272727,0.0,0.0,0.0,0.0,0.0,0.0,0.0,0.0,0,0.0,0.0,1.0,10.0,83220015.0,0.0,0.6666667,0.0,1,0,0,0,0,0,0,0,0,0,0,0,0,0,0,1,0,0,0,0,0,0
20.0,0.0,1.0,350.0,0.0,28.0,96.0,0.0,0.0,11.0,0.09090909090909083,0.0,1.0,0.27999999999999997,0.0,0.7333333333333333,0.37815126050420167,0.0,0.0,0,1.0,1.0,1.0,10.0,86110505.0,0.0,0.6666667,0.0,1,0,0,0,0,0,0,0,0,0,0,0,0,0,0,0,0,1,0,0,0,0
21.0,1.0,1.0,0.0,150000.0,15.0,48.0,0.0,0.0,11.0,0.09090909090909083,0.0,1.0,0.0,0.18888888888888888,0.8666666666666667,0.40336134453781514,0.0,0.0,0,0.0,0.0,1.0,10.0,83220015.0,0.0,0.6666667,0.0,1,0,0,0,0,0,0,0,0,0,0,0,0,0,0,0,0,1,0,0,0,0
21.0,0.0,1.0,150.0,0.0,26.0,54.0,0.0,0.0,11.0,0.09090909090909083,0.0,0.0,0.0,0.0,0.0,0.0,0.0,0.0,1,1.0,0.0,1.0,10.0,83220015.0,0.0,0.6666667,0.0,1,0,0,0,0,0,0,0,0,0,0,0,0,0,0,0,0,1,0,0,0,0
20.0,1.0,1.0,0.0,350000.0,26.0,60.0,0.0,0.0,11.0,0.0,0.0,0.0,0.0,0.0,0.0,0.0,0.0,0.0,0,0.0,0.0,1.0,10.0,86110505.0,0.0,0.6666667,0.0,1,0,0,0,0,0,0,0,0,0,0,0,0,0,0,0,0,1,0,0,0,0
22.0,0.0,1.0,470.0,0.0,30.0,90.0,0.0,0.0,11.0,0.2727272727272727,0.0,1.0,0.147,0.0,0.7,0.7058823529411764,0.0,0.0,1,1.0,1.0,1.0,10.0,86110505.0,0.0,0.6666667,0.0,1,0,0,0,0,0,0,0,0,0,0,0,0,0,0,0,0,1,0,0,0,0
20.0,0.0,1.0,150.0,0.0,26.0,36.0,0.0,0.0,11.0,0.0,0.0,0.0,0.0,0.0,0.0,0.0,0.0,0.0,1,1.0,0.0,1.0,10.0,86110505.0,0.0,0.6666667,0.0,1,0,0,0,0,0,0,0,0,0,0,0,0,0,0,0,0,1,0,0,0,0
26.0,0.0,1.0,0.0,200000.0,20.0,48.0,0.0,0.0,11.0,0.5454545454545452,0.0,0.0,0.0,0.0,0.0,0.0,0.0,0.0,0,0.0,0.0,1.0,10.0,86110505.0,0.0,0.6666667,0.0,1,0,0,0,0,0,0,0,0,0,0,0,0,0,0,0,0,1,0,0,0,0
24.0,1.0,1.0,396.0,0.0,26.0,48.0,1.0,0.0,11.0,0.36363636363636354,0.0,1.0,0.16999999999999998,0.0,0.8,0.25210084033613445,0.0,0.0,1,1.0,1.0,1.0,10.0,83220015.0,0.0,0.6666667,0.0,1,0,0,0,0,0,0,0,0,0,0,0,0,0,0,0,0,1,0,0,0,0
22.0,0.0,1.0,408.0,0.0,28.0,54.0,1.0,1.0,11.0,0.18181818181818188,0.0,0.0,0.0,0.0,0.0,0.0,0.0,0.0,0,1.0,0.0,1.0,11.0,13410005.0,0.0,0.6666667,0.0,1,0,0,0,0,0,0,0,0,0,0,0,0,0,0,0,0,1,0,0,0,0
25.0,1.0,1.0,0.0,28000.0,12.0,28.0,0.0,0.0,8.0,0.5454545454545452,1.0,0.0,0.0,0.0,0.0,0.0,0.0,0.0,0,0.0,0.0,1.0,11.0,13410005.0,1.0,0.6666667,0.0,1,0,0,0,0,0,0,0,0,0,0,0,0,0,1,0,0,0,0,0,0,0
23.0,0.0,1.0,400.0,0.0,26.0,48.0,0.0,0.0,11.0,0.36363636363636354,0.0,0.0,0.0,0.0,0.0,0.0,0.0,0.0,1,1.0,0.0,1.0,11.0,13410005.0,0.0,0.6666667,0.0,1,0,0,0,0,0,0,0,0,0,0,0,0,0,0,0,0,1,0,0,0,0
23.0,1.0,1.0,80.0,0.0,2.0,20.0,0.0,0.0,9.0,0.2727272727272727,1.0,1.0,0.358,0.0,0.7333333333333333,0.1680672268907563,0.0,0.0,0,1.0,1.0,1.0,11.0,13410005.0,1.0,0.6666667,0.0,1,0,0,0,0,0,0,0,0,0,0,0,0,0,1,0,0,0,0,0,0,0
26.0,0.0,1.0,200.0,0.0,20.0,40.0,0.0,0.0,11.0,0.5454545454545452,0.0,0.0,0.0,0.0,0.0,0.0,0.0,0.0,0,1.0,0.0,1.0,11.0,13410130.0,0.0,0.6666667,0.0,1,0,0,0,0,0,0,0,0,0,0,0,0,0,0,0,0,1,0,0,0,0
23.0,0.0,0.0,0.0,0.0,0.0,0.0,0.0,0.0,11.0,0.2727272727272727,0.0,1.0,0.09999999999999999,0.0,0.7333333333333333,0.3361344537815126,0.0,0.0,1,0.0,1.0,1.0,11.0,13410005.0,1.0,0.6666667,1.0,1,0,0,0,0,0,0,0,0,0,0,0,0,0,0,0,0,1,0,0,0,0
20.0,0.0,0.0,0.0,0.0,0.0,0.0,0.0,0.0,11.0,0.09090909090909083,0.0,1.0,0.03,0.0,0.8666666666666667,0.6050420168067226,0.0,0.0,1,0.0,1.0,1.0,11.0,13410005.0,0.0,0.6666667,0.0,1,0,0,0,0,0,0,0,0,0,0,0,0,0,0,0,0,1,0,0,0,0
23.0,0.0,0.0,0.0,0.0,0.0,0.0,0.0,0.0,14.0,0.36363636363636354,0.0,0.0,0.0,0.0,0.0,0.0,0.0,0.0,1,0.0,0.0,1.0,11.0,13410130.0,1.0,0.6666667,1.0,1,0,0,0,0,0,0,0,0,0,0,0,0,0,0,0,0,1,0,0,0,0
26.0,1.0,0.0,0.0,0.0,0.0,0.0,0.0,0.0,7.0,0.6363636363636365,1.0,0.0,0.0,0.0,0.0,0.0,0.0,0.0,0,0.0,0.0,1.0,11.0,13410130.0,1.0,0.6666667,0.0,1,0,0,0,0,0,0,0,0,0,0,0,0,1,0,0,0,0,0,0,0,0
21.0,1.0,1.0,160.0,0.0,20.0,63.0,0.0,0.0,11.0,0.09090909090909083,1.0,0.0,0.0,0.0,0.0,0.0,0.0,0.0,0,1.0,0.0,1.0,11.0,13410130.0,1.0,0.6666667,0.0,1,0,0,0,0,0,0,0,0,0,0,0,0,0,0,0,1,0,0,0,0,0
24.0,0.0,1.0,0.0,250000.0,30.0,90.0,0.0,0.0,11.0,0.36363636363636354,0.0,1.0,0.15,0.0,0.4,0.25210084033613445,0.0,0.0,1,0.0,1.0,1.0,11.0,13410130.0,1.0,0.6666667,1.0,1,0,0,0,0,0,0,0,0,0,0,0,0,0,0,0,0,1,0,0,0,0
23.0,0.0,1.0,325.0,0.0,25.0,48.0,0.0,0.0,11.0,0.36363636363636354,0.0,1.0,0.0,0.06666666666666667,1.0,0.4117647058823529,0.0,0.0,0,1.0,0.0,1.0,11.0,13410130.0,0.0,0.6666667,0.0,1,0,0,0,0,0,0,0,0,0,0,0,0,0,0,0,0,1,0,0,0,0
21.0,0.0,1.0,500.0,0.0,28.0,60.0,0.0,1.0,11.0,0.09090909090909083,0.0,1.0,0.358,0.0,1.0,0.47058823529411764,1.0,1.0,1,1.0,1.0,1.0,11.0,13410005.0,1.0,0.6666667,1.0,1,0,0,0,0,0,0,0,0,0,0,0,0,0,0,0,0,1,0,0,0,0
24.0,0.0,1.0,0.0,200000.0,15.0,40.0,0.0,0.0,11.0,0.45454545454545436,0.0,0.0,0.0,0.0,0.0,0.0,0.0,0.0,0,0.0,0.0,1.0,11.0,13410130.0,1.0,0.6666667,0.0,1,0,0,0,0,0,0,0,0,0,0,0,0,0,0,0,0,1,0,0,0,0
22.0,0.0,0.0,0.0,0.0,0.0,0.0,0.0,0.0,11.0,0.2727272727272727,0.0,0.0,0.0,0.0,0.0,0.0,0.0,0.0,1,0.0,0.0,1.0,11.0,13410130.0,1.0,0.6666667,1.0,1,0,0,0,0,0,0,0,0,0,0,0,0,0,0,0,0,1,0,0,0,0
23.0,0.0,1.0,0.0,350000.0,27.0,24.0,0.0,0.0,11.0,0.36363636363636354,0.0,0.0,0.0,0.0,0.0,0.0,0.0,0.0,1,0.0,0.0,1.0,11.0,13410005.0,0.0,0.6666667,0.0,1,0,0,0,0,0,0,0,0,0,0,0,0,0,0,0,0,1,0,0,0,0
25.0,0.0,1.0,408.0,0.0,26.0,84.0,1.0,1.0,11.0,0.5454545454545452,0.0,0.0,0.0,0.0,0.0,0.0,0.0,0.0,1,1.0,0.0,1.0,11.0,13410005.0,1.0,0.6666667,1.0,1,0,0,0,0,0,0,0,0,0,0,0,0,0,0,0,0,1,0,0,0,0
23.0,0.0,1.0,408.0,0.0,29.0,70.0,1.0,1.0,11.0,0.36363636363636354,1.0,0.0,0.0,0.0,0.0,0.0,0.0,0.0,0,1.0,0.0,1.0,12.0,63220205.0,0.0,0.6666667,0.0,1,0,0,0,0,0,0,0,0,0,0,0,0,0,0,0,0,0,0,1,0,0
20.0,0.0,0.0,0.0,0.0,0.0,0.0,0.0,0.0,11.0,0.09090909090909083,0.0,0.0,0.0,0.0,0.0,0.0,0.0,0.0,0,0.0,0.0,1.0,12.0,63220205.0,0.0,0.6666667,0.0,1,0,0,0,0,0,0,0,0,0,0,0,0,0,0,0,0,1,0,0,0,0
23.0,0.0,1.0,408.0,0.0,26.0,48.0,1.0,1.0,11.0,0.2727272727272727,0.0,0.0,0.0,0.0,0.0,0.0,0.0,0.0,1,1.0,0.0,1.0,12.0,13710005.0,0.0,0.6666667,0.0,1,0,0,0,0,0,0,0,0,0,0,0,0,0,0,0,0,1,0,0,0,0
25.0,0.0,0.0,0.0,0.0,0.0,0.0,0.0,0.0,11.0,0.45454545454545436,0.0,1.0,0.35,0.0,0.8666666666666667,0.7058823529411764,1.0,0.0,0,0.0,1.0,1.0,12.0,63220205.0,1.0,0.6666667,0.0,1,0,0,0,0,0,0,0,0,0,0,0,0,0,0,0,0,1,0,0,0,0
22.0,1.0,1.0,0.0,280000.0,25.0,30.0,0.0,0.0,11.0,0.2727272727272727,0.0,0.0,0.0,0.0,0.0,0.0,0.0,0.0,1,0.0,0.0,1.0,12.0,96170030.0,0.0,0.6666667,0.0,1,0,0,0,0,0,0,0,0,0,0,0,0,0,0,1,0,0,0,0,0,0
21.0,0.0,1.0,600.0,0.0,26.0,48.0,1.0,1.0,11.0,0.18181818181818188,1.0,1.0,0.3,0.0,1.0,0.47058823529411764,1.0,1.0,1,1.0,1.0,1.0,12.0,96170030.0,0.0,0.6666667,0.0,1,0,0,0,0,0,0,0,0,0,0,0,0,0,0,0,0,1,0,0,0,0
24.0,1.0,0.0,0.0,0.0,0.0,0.0,0.0,0.0,9.0,0.45454545454545436,1.0,0.0,0.0,0.0,0.0,0.0,0.0,0.0,1,0.0,0.0,1.0,12.0,96170030.0,1.0,0.6666667,1.0,1,0,0,0,0,0,0,0,0,0,0,0,0,0,0,1,0,0,0,0,0,0
26.0,0.0,1.0,160.0,0.0,26.0,48.0,1.0,1.0,11.0,0.5454545454545452,0.0,0.0,0.0,0.0,0.0,0.0,0.0,0.0,0,1.0,0.0,1.0,12.0,63220205.0,0.0,0.6666667,0.0,1,0,0,0,0,0,0,0,0,0,0,0,0,0,0,0,0,1,0,0,0,0
22.0,0.0,1.0,408.0,0.0,28.0,84.0,1.0,1.0,11.0,0.18181818181818188,0.0,0.0,0.0,0.0,0.0,0.0,0.0,0.0,0,1.0,0.0,1.0,12.0,96170030.0,0.0,0.6666667,0.0,1,0,0,0,0,0,0,0,0,0,0,0,0,0,0,0,0,1,0,0,0,0
26.0,0.0,0.0,0.0,0.0,0.0,0.0,0.0,0.0,11.0,0.5454545454545452,0.0,0.0,0.0,0.0,0.0,0.0,0.0,0.0,1,0.0,0.0,1.0,12.0,63110005.0,0.0,0.6666667,0.0,1,0,0,0,0,0,0,0,0,0,0,0,0,0,0,1,0,0,0,0,0,0
26.0,0.0,1.0,250.0,0.0,26.0,24.0,0.0,0.0,11.0,0.5454545454545452,0.0,1.0,0.25,0.0,0.8666666666666667,0.40336134453781514,0.0,0.0,0,1.0,1.0,1.0,12.0,33140005.0,1.0,0.6666667,0.0,1,0,0,0,0,0,0,0,0,0,0,0,0,0,0,0,0,1,0,0,0,0
22.0,1.0,1.0,0.0,0.0,30.0,70.0,0.0,0.0,10.0,0.18181818181818188,1.0,0.0,0.0,0.0,0.0,0.0,0.0,0.0,0,0.0,0.0,1.0,12.0,63110005.0,1.0,0.6666667,0.0,1,0,0,0,0,0,0,0,0,0,0,0,0,0,0,0,1,0,0,0,0,0
21.0,0.0,1.0,250.0,0.0,26.0,54.0,0.0,0.0,11.0,0.09090909090909083,0.0,0.0,0.0,0.0,0.0,0.0,0.0,0.0,1,1.0,0.0,1.0,12.0,63220205.0,0.0,0.6666667,0.0,1,0,0,0,0,0,0,0,0,0,0,0,0,0,0,0,0,1,0,0,0,0
25.0,0.0,1.0,200.0,0.0,20.0,60.0,0.0,0.0,11.0,0.45454545454545436,0.0,1.0,0.16,0.0,0.4666666666666667,0.20168067226890757,0.0,0.0,0,1.0,1.0,1.0,12.0,33140005.0,1.0,0.6666667,0.0,1,0,0,0,0,0,0,0,0,0,0,0,0,0,0,0,0,1,0,0,0,0
25.0,0.0,1.0,160.0,0.0,20.0,10.0,0.0,0.0,11.0,0.45454545454545436,0.0,0.0,0.0,0.0,0.0,0.0,0.0,0.0,1,1.0,0.0,1.0,12.0,63110005.0,1.0,0.6666667,1.0,1,0,0,0,0,0,0,0,0,0,0,0,0,0,0,0,0,1,0,0,0,0
21.0,0.0,0.0,0.0,0.0,0.0,0.0,0.0,0.0,11.0,0.09090909090909083,0.0,0.0,0.0,0.0,0.0,0.0,0.0,0.0,0,0.0,0.0,1.0,12.0,13710005.0,0.0,0.6666667,0.0,1,0,0,0,0,0,0,0,0,0,0,0,0,0,0,0,0,1,0,0,0,0
27.0,1.0,0.0,0.0,0.0,0.0,0.0,0.0,0.0,11.0,0.6363636363636365,1.0,0.0,0.0,0.0,0.0,0.0,0.0,0.0,0,0.0,0.0,1.0,12.0,96170030.0,1.0,0.6666667,0.0,1,0,0,0,0,0,0,0,0,0,0,0,0,0,0,0,0,1,0,0,0,0
23.0,0.0,1.0,408.0,0.0,26.0,54.0,1.0,1.0,11.0,0.2727272727272727,0.0,1.0,0.25,0.0,0.6666666666666666,0.31092436974789917,0.0,0.0,1,1.0,1.0,1.0,12.0,13710005.0,0.0,0.6666667,0.0,1,0,0,0,0,0,0,0,0,0,0,0,0,0,0,0,0,1,0,0,0,0
21.0,0.0,0.0,0.0,0.0,0.0,0.0,0.0,0.0,11.0,0.18181818181818188,0.0,0.0,0.0,0.0,0.0,0.0,0.0,0.0,1,0.0,0.0,1.0,12.0,63110005.0,1.0,0.6666667,1.0,1,0,0,0,0,0,0,0,0,0,0,0,0,0,0,0,0,1,0,0,0,0
24.0,1.0,1.0,650.0,0.0,28.0,56.0,1.0,1.0,11.0,0.36363636363636354,0.0,0.0,0.0,0.0,0.0,0.0,0.0,0.0,1,1.0,0.0,1.0,12.0,33140005.0,1.0,0.6666667,1.0,1,0,0,0,0,0,0,0,0,0,0,0,0,0,0,0,0,1,0,0,0,0
21.0,0.0,0.0,0.0,0.0,0.0,0.0,0.0,0.0,11.0,0.18181818181818188,0.0,0.0,0.0,0.0,0.0,0.0,0.0,0.0,1,0.0,0.0,1.0,12.0,33140005.0,1.0,0.6666667,1.0,1,0,0,0,0,0,0,0,0,0,0,0,0,0,0,0,0,1,0,0,0,0
20.0,0.0,1.0,600.0,0.0,26.0,84.0,1.0,1.0,11.0,0.0,0.0,0.0,0.0,0.0,0.0,0.0,0.0,0.0,1,1.0,0.0,1.0,12.0,33140005.0,0.0,0.6666667,0.0,1,0,0,0,0,0,0,0,0,0,0,0,0,0,0,0,0,1,0,0,0,0
22.0,0.0,1.0,160.0,0.0,25.0,60.0,0.0,0.0,11.0,0.18181818181818188,0.0,1.0,0.15,0.0,1.0,0.25210084033613445,0.0,0.0,0,1.0,1.0,1.0,12.0,63110005.0,0.0,0.6666667,0.0,1,0,0,0,0,0,0,0,0,0,0,0,0,0,0,0,0,1,0,0,0,0
20.0,0.0,0.0,0.0,0.0,0.0,0.0,0.0,0.0,14.0,0.0,0.0,0.0,0.0,0.0,0.0,0.0,0.0,0.0,1,0.0,0.0,1.0,12.0,13710005.0,0.0,0.6666667,0.0,1,0,0,0,0,0,0,0,0,0,0,0,0,0,0,0,0,1,0,0,0,0
23.0,0.0,1.0,300.0,0.0,28.0,70.0,0.0,0.0,11.0,0.2727272727272727,0.0,0.0,0.0,0.0,0.0,0.0,0.0,0.0,1,1.0,0.0,1.0,12.0,96170030.0,1.0,0.6666667,1.0,1,0,0,0,0,0,0,0,0,0,0,0,0,0,0,0,0,1,0,0,0,0
25.0,0.0,0.0,0.0,0.0,0.0,0.0,0.0,0.0,11.0,0.5454545454545452,0.0,0.0,0.0,0.0,0.0,0.0,0.0,0.0,0,0.0,0.0,1.0,12.0,63220205.0,0.0,0.6666667,0.0,1,0,0,0,0,0,0,0,0,0,0,0,0,0,0,0,0,1,0,0,0,0
23.0,0.0,1.0,350.0,0.0,30.0,56.0,0.0,0.0,11.0,0.2727272727272727,0.0,0.0,0.0,0.0,0.0,0.0,0.0,0.0,1,1.0,0.0,1.0,12.0,96170030.0,1.0,0.6666667,1.0,1,0,0,0,0,0,0,0,0,0,0,0,0,0,0,0,0,1,0,0,0,0
22.0,0.0,1.0,308.0,0.0,26.0,48.0,1.0,1.0,11.0,0.2727272727272727,0.0,0.0,0.0,0.0,0.0,0.0,0.0,0.0,0,1.0,0.0,1.0,12.0,33140005.0,0.0,0.6666667,0.0,1,0,0,0,0,0,0,0,0,0,0,0,0,0,0,0,0,1,0,0,0,0
21.0,0.0,1.0,50.0,0.0,8.0,84.0,0.0,0.0,11.0,0.09090909090909083,1.0,0.0,0.0,0.0,0.0,0.0,0.0,0.0,0,1.0,0.0,1.0,12.0,63220205.0,1.0,0.6666667,0.0,1,0,0,0,0,0,0,0,0,0,0,0,0,0,0,0,0,1,0,0,0,0
23.0,0.0,1.0,408.0,0.0,26.0,48.0,1.0,0.0,11.0,0.2727272727272727,0.0,0.0,0.0,0.0,0.0,0.0,0.0,0.0,1,1.0,0.0,1.0,12.0,63110005.0,0.0,0.6666667,0.0,1,0,0,0,0,0,0,0,0,0,0,0,0,0,0,0,0,1,0,0,0,0
22.0,0.0,1.0,408.0,0.0,26.0,48.0,1.0,1.0,11.0,0.09090909090909083,0.0,0.0,0.0,0.0,0.0,0.0,0.0,0.0,1,1.0,0.0,1.0,12.0,13710005.0,1.0,0.6666667,1.0,1,0,0,0,0,0,0,0,0,0,0,0,0,0,0,0,0,1,0,0,0,0
23.0,0.0,1.0,160.0,0.0,20.0,48.0,0.0,0.0,11.0,0.2727272727272727,0.0,1.0,0.06,0.0,0.3333333333333333,0.25210084033613445,0.0,0.0,1,1.0,1.0,1.0,12.0,63220205.0,1.0,0.6666667,1.0,1,0,0,0,0,0,0,0,0,0,0,0,0,0,0,0,0,1,0,0,0,0
23.0,0.0,1.0,620.0,0.0,24.0,56.0,1.0,1.0,11.0,0.36363636363636354,0.0,0.0,0.0,0.0,0.0,0.0,0.0,0.0,1,1.0,0.0,1.0,12.0,13710005.0,0.0,0.6666667,0.0,1,0,0,0,0,0,0,0,0,0,0,0,0,0,0,0,0,1,0,0,0,0
22.0,0.0,0.0,0.0,0.0,0.0,0.0,0.0,0.0,11.0,0.18181818181818188,0.0,0.0,0.0,0.0,0.0,0.0,0.0,0.0,0,0.0,0.0,1.0,12.0,13710005.0,0.0,0.6666667,0.0,1,0,0,0,0,0,0,0,0,0,0,0,0,0,0,0,0,1,0,0,0,0
26.0,1.0,1.0,600.0,0.0,30.0,86.0,1.0,0.0,11.0,0.5454545454545452,1.0,1.0,0.39999999999999997,0.0,0.8666666666666667,0.5042016806722689,0.0,0.0,1,1.0,1.0,1.0,12.0,96170030.0,0.0,0.6666667,0.0,1,0,0,0,0,0,0,0,0,0,0,0,0,0,0,0,0,1,0,0,0,0
23.0,1.0,1.0,381.5,0.0,27.0,72.0,1.0,1.0,11.0,0.2727272727272727,1.0,0.0,0.0,0.0,0.0,0.0,0.0,0.0,1,1.0,0.0,1.0,13.0,63220235.0,1.0,0.675,1.0,1,0,0,0,0,0,0,0,0,0,0,0,0,0,0,0,0,1,0,0,0,0
26.0,1.0,0.0,0.0,0.0,0.0,0.0,0.0,0.0,11.0,0.5454545454545452,0.0,1.0,0.0,0.27777777777777773,0.5333333333333333,0.20168067226890757,0.0,0.0,0,0.0,0.0,1.0,13.0,63220235.0,1.0,0.675,0.0,1,0,0,0,0,0,0,0,0,0,0,0,0,0,0,0,0,1,0,0,0,0
24.0,1.0,1.0,250.0,0.0,16.0,84.0,0.0,0.0,11.0,0.45454545454545436,0.0,0.0,0.0,0.0,0.0,0.0,0.0,0.0,0,1.0,0.0,1.0,13.0,63220235.0,0.0,0.675,0.0,1,0,0,0,0,0,0,0,0,0,0,0,0,0,0,0,0,1,0,0,0,0
21.0,0.0,1.0,150.0,0.0,26.0,60.0,0.0,0.0,11.0,0.09090909090909083,0.0,0.0,0.0,0.0,0.0,0.0,0.0,0.0,1,1.0,0.0,1.0,13.0,63220235.0,1.0,0.675,1.0,1,0,0,0,0,0,0,0,0,0,0,0,0,0,0,0,0,1,0,0,0,0
25.0,0.0,1.0,0.0,70000.0,7.0,70.0,0.0,0.0,7.0,0.5454545454545452,0.0,1.0,0.0,0.19999999999999998,1.0,0.5882352941176471,0.0,0.0,0,0.0,0.0,1.0,13.0,63220235.0,0.0,0.675,0.0,1,0,0,0,0,0,0,0,0,0,0,0,0,1,0,0,0,0,0,0,0,0
24.0,0.0,1.0,0.0,160000.0,26.0,36.0,0.0,0.0,11.0,0.45454545454545436,0.0,1.0,0.3815,0.0,1.0,0.47058823529411764,1.0,1.0,0,0.0,1.0,1.0,13.0,63220235.0,0.0,0.675,0.0,1,0,0,0,0,0,0,0,0,0,0,0,0,0,0,0,0,1,0,0,0,0
20.0,1.0,1.0,360.0,0.0,30.0,105.0,0.0,0.0,11.0,0.09090909090909083,0.0,0.0,0.0,0.0,0.0,0.0,0.0,0.0,0,1.0,0.0,1.0,13.0,63220235.0,1.0,0.675,0.0,1,0,0,0,0,0,0,0,0,0,0,0,0,0,0,0,0,1,0,0,0,0
23.0,0.0,1.0,408.0,0.0,30.0,70.0,0.0,0.0,11.0,0.2727272727272727,0.0,1.0,0.36,0.0,1.0,0.5882352941176471,0.0,0.0,0,1.0,1.0,1.0,13.0,63220235.0,1.0,0.675,0.0,1,0,0,0,0,0,0,0,0,0,0,0,0,0,0,0,0,1,0,0,0,0
22.0,0.0,1.0,381.5,0.0,26.0,72.0,1.0,0.0,11.0,0.2727272727272727,0.0,0.0,0.0,0.0,0.0,0.0,0.0,0.0,1,1.0,0.0,1.0,13.0,63220235.0,1.0,0.675,1.0,1,0,0,0,0,0,0,0,0,0,0,0,0,0,0,0,0,1,0,0,0,0
23.0,1.0,0.0,0.0,0.0,0.0,0.0,0.0,0.0,11.0,0.36363636363636354,1.0,0.0,0.0,0.0,0.0,0.0,0.0,0.0,1,0.0,0.0,1.0,13.0,63220235.0,1.0,0.675,1.0,1,0,0,0,0,0,0,0,0,0,0,0,0,0,0,0,0,1,0,0,0,0
21.0,0.0,0.0,0.0,0.0,0.0,0.0,0.0,0.0,11.0,0.09090909090909083,0.0,0.0,0.0,0.0,0.0,0.0,0.0,0.0,0,0.0,0.0,1.0,14.0,63110240.0,1.0,0.6666667,0.0,1,0,0,0,0,0,0,0,0,0,0,0,0,0,0,0,0,1,0,0,0,0
21.0,1.0,1.0,100.0,0.0,26.0,42.0,0.0,0.0,11.0,0.09090909090909083,0.0,1.0,0.09999999999999999,0.0,1.0,0.7058823529411764,0.0,0.0,0,1.0,1.0,1.0,14.0,63110240.0,1.0,0.6666667,0.0,1,0,0,0,0,0,0,0,0,0,0,0,0,0,0,0,0,1,0,0,0,0
21.0,0.0,1.0,0.0,60000.0,30.0,36.0,0.0,0.0,11.0,0.09090909090909083,0.0,1.0,0.09999999999999999,0.0,1.0,0.4117647058823529,0.0,0.0,1,0.0,1.0,1.0,14.0,63110240.0,0.0,0.6666667,0.0,1,0,0,0,0,0,0,0,0,0,0,0,0,0,0,0,0,1,0,0,0,0
23.0,0.0,1.0,0.0,300000.0,8.0,6.0,0.0,0.0,11.0,0.2727272727272727,0.0,0.0,0.0,0.0,0.0,0.0,0.0,0.0,0,0.0,0.0,1.0,14.0,63110240.0,0.0,0.6666667,0.0,1,0,0,0,0,0,0,0,0,0,0,0,0,0,0,0,0,1,0,0,0,0
23.0,0.0,1.0,140.0,0.0,20.0,20.0,1.0,0.0,14.0,0.36363636363636354,0.0,0.0,0.0,0.0,0.0,0.0,0.0,0.0,1,1.0,0.0,1.0,14.0,63110240.0,1.0,0.6666667,1.0,1,0,0,0,0,0,0,0,0,0,0,0,0,0,0,0,0,1,0,0,0,0
25.0,0.0,1.0,0.0,0.0,20.0,40.0,0.0,0.0,11.0,0.45454545454545436,0.0,0.0,0.0,0.0,0.0,0.0,0.0,0.0,1,0.0,0.0,1.0,14.0,63110240.0,1.0,0.6666667,1.0,1,0,0,0,0,0,0,0,0,0,0,0,0,0,0,0,0,1,0,0,0,0
24.0,0.0,1.0,500.0,0.0,30.0,54.0,1.0,1.0,11.0,0.36363636363636354,1.0,0.0,0.0,0.0,0.0,0.0,0.0,0.0,0,1.0,0.0,1.0,15.0,13530005.0,1.0,0.6666667,0.0,1,0,0,0,0,0,0,0,0,0,0,0,0,0,0,0,0,1,0,0,0,0
23.0,0.0,1.0,381.5,0.0,30.0,70.0,0.0,0.0,11.0,0.2727272727272727,0.0,0.0,0.0,0.0,0.0,0.0,0.0,0.0,0,1.0,0.0,1.0,15.0,13140010.0,1.0,0.6666667,0.0,1,0,0,0,0,0,0,0,0,0,0,0,0,0,0,0,0,1,0,0,0,0
22.0,0.0,1.0,480.0,0.0,26.0,96.0,0.0,1.0,11.0,0.18181818181818188,0.0,0.0,0.0,0.0,0.0,0.0,0.0,0.0,0,1.0,0.0,1.0,15.0,13140010.0,1.0,0.6666667,0.0,1,0,0,0,0,0,0,0,0,0,0,0,0,0,0,0,0,1,0,0,0,0
20.0,0.0,1.0,127.0,0.0,28.0,60.0,1.0,1.0,11.0,0.09090909090909083,0.0,0.0,0.0,0.0,0.0,0.0,0.0,0.0,0,1.0,0.0,1.0,15.0,13710005.0,0.0,0.6666667,0.0,1,0,0,0,0,0,0,0,0,0,0,0,0,0,0,0,0,1,0,0,0,0
23.0,0.0,1.0,0.0,100000.0,26.0,60.0,0.0,0.0,11.0,0.2727272727272727,0.0,0.0,0.0,0.0,0.0,0.0,0.0,0.0,0,0.0,0.0,1.0,15.0,13710005.0,0.0,0.6666667,0.0,1,0,0,0,0,0,0,0,0,0,0,0,0,0,0,0,0,1,0,0,0,0
24.0,0.0,1.0,180.0,0.0,28.0,84.0,0.0,0.0,11.0,0.45454545454545436,0.0,0.0,0.0,0.0,0.0,0.0,0.0,0.0,0,1.0,0.0,1.0,15.0,13140010.0,1.0,0.6666667,0.0,1,0,0,0,0,0,0,0,0,0,0,0,0,0,0,0,0,1,0,0,0,0
22.0,1.0,0.0,0.0,0.0,0.0,0.0,0.0,0.0,11.0,0.18181818181818188,1.0,0.0,0.0,0.0,0.0,0.0,0.0,0.0,0,0.0,0.0,1.0,15.0,13530005.0,1.0,0.6666667,0.0,1,0,0,0,0,0,0,0,0,0,0,0,0,0,0,0,0,1,0,0,0,0
25.0,0.0,1.0,0.0,200000.0,30.0,98.0,0.0,0.0,11.0,0.5454545454545452,0.0,0.0,0.0,0.0,0.0,0.0,0.0,0.0,0,0.0,0.0,1.0,15.0,13710005.0,0.0,0.6666667,0.0,1,0,0,0,0,0,0,0,0,0,0,0,0,0,0,0,0,1,0,0,0,0
24.0,1.0,0.0,0.0,0.0,0.0,0.0,0.0,0.0,11.0,0.36363636363636354,1.0,1.0,0.158,0.0,0.6,0.5378151260504201,0.0,0.0,0,0.0,1.0,1.0,15.0,13530005.0,1.0,0.6666667,0.0,1,0,0,0,0,0,0,0,0,0,0,0,0,0,0,0,0,1,0,0,0,0
25.0,0.0,0.0,0.0,0.0,0.0,0.0,0.0,0.0,11.0,0.5454545454545452,0.0,1.0,0.049999999999999996,0.0,0.8666666666666667,0.3529411764705882,0.0,0.0,0,0.0,1.0,1.0,15.0,13140010.0,1.0,0.6666667,0.0,1,0,0,0,0,0,0,0,0,0,0,0,0,0,0,0,0,1,0,0,0,0
20.0,0.0,0.0,0.0,0.0,0.0,0.0,0.0,0.0,11.0,0.09090909090909083,0.0,0.0,0.0,0.0,0.0,0.0,0.0,0.0,0,0.0,0.0,1.0,15.0,13710005.0,0.0,0.6666667,0.0,1,0,0,0,0,0,0,0,0,0,0,0,0,0,0,0,0,1,0,0,0,0
25.0,0.0,1.0,408.0,0.0,20.0,30.0,1.0,0.0,15.0,0.5454545454545452,0.0,0.0,0.0,0.0,0.0,0.0,0.0,0.0,0,1.0,0.0,1.0,15.0,13710005.0,0.0,0.6666667,0.0,1,0,0,0,0,0,0,0,0,0,0,0,0,0,0,0,0,0,0,0,0,1
26.0,1.0,0.0,0.0,0.0,0.0,0.0,0.0,0.0,12.0,0.5454545454545452,1.0,0.0,0.0,0.0,0.0,0.0,0.0,0.0,0,0.0,0.0,1.0,15.0,63240050.0,1.0,0.6666667,0.0,1,0,0,0,0,0,0,0,0,0,0,0,0,0,0,0,0,1,0,0,0,0
25.0,0.0,0.0,0.0,0.0,0.0,0.0,0.0,0.0,11.0,0.45454545454545436,0.0,1.0,0.13,0.0,1.0,0.47058823529411764,0.0,0.0,1,0.0,1.0,1.0,16.0,13120005.0,1.0,0.8646003,1.0,0,1,0,0,0,0,0,0,0,0,0,0,0,0,0,0,0,1,0,0,0,0
20.0,0.0,1.0,168.0,0.0,26.0,24.0,0.0,0.0,13.0,0.0,0.0,0.0,0.0,0.0,0.0,0.0,0.0,0.0,0,1.0,0.0,1.0,16.0,13210015.0,1.0,0.8646003,0.0,0,1,0,0,0,0,0,0,0,0,0,0,0,0,0,0,0,1,0,0,0,0
24.0,0.0,0.0,0.0,0.0,0.0,0.0,0.0,0.0,11.0,0.36363636363636354,0.0,0.0,0.0,0.0,0.0,0.0,0.0,0.0,1,0.0,0.0,1.0,16.0,13140005.0,1.0,0.8646003,1.0,0,1,0,0,0,0,0,0,0,0,0,0,0,0,0,0,0,1,0,0,0,0
21.0,0.0,1.0,408.0,0.0,26.0,72.0,0.0,0.0,11.0,0.18181818181818188,0.0,1.0,0.0,0.2222222222222222,0.6666666666666666,0.7058823529411764,0.0,0.0,1,1.0,0.0,1.0,16.0,93510030.0,0.0,0.8646003,0.0,0,1,0,0,0,0,0,0,0,0,0,0,0,0,0,0,0,1,0,0,0,0
24.0,1.0,1.0,55.0,0.0,26.0,48.0,0.0,0.0,11.0,0.36363636363636354,1.0,1.0,0.432,0.0,0.8666666666666667,0.6050420168067226,0.0,0.0,1,1.0,1.0,1.0,16.0,13140005.0,1.0,0.8646003,1.0,0,1,0,0,0,0,0,0,0,0,0,0,0,0,0,0,0,1,0,0,0,0
24.0,0.0,1.0,408.0,0.0,26.0,48.0,0.0,1.0,11.0,0.36363636363636354,0.0,0.0,0.0,0.0,0.0,0.0,0.0,0.0,1,1.0,0.0,1.0,16.0,13210015.0,1.0,0.8646003,1.0,0,1,0,0,0,0,0,0,0,0,0,0,0,0,0,0,0,1,0,0,0,0
24.0,1.0,1.0,600.0,0.0,28.0,48.0,1.0,1.0,11.0,0.36363636363636354,0.0,0.0,0.0,0.0,0.0,0.0,0.0,0.0,1,1.0,0.0,1.0,16.0,63420020.0,1.0,0.8646003,1.0,0,1,0,0,0,0,0,0,0,0,0,0,0,0,0,0,0,1,0,0,0,0
20.0,0.0,1.0,55.0,0.0,26.0,48.0,0.0,0.0,12.0,0.09090909090909083,0.0,0.0,0.0,0.0,0.0,0.0,0.0,0.0,1,1.0,0.0,1.0,16.0,13210015.0,0.0,0.8646003,0.0,0,1,0,0,0,0,0,0,0,0,0,0,0,0,0,0,0,1,0,0,0,0
21.0,0.0,1.0,408.0,0.0,26.0,48.0,1.0,1.0,11.0,0.18181818181818188,0.0,1.0,0.44999999999999996,0.0,0.7333333333333333,0.3361344537815126,1.0,1.0,1,1.0,1.0,1.0,16.0,63530020.0,1.0,0.8646003,1.0,0,1,0,0,0,0,0,0,0,0,0,0,0,0,0,0,0,1,0,0,0,0
22.0,0.0,1.0,408.0,0.0,23.0,48.0,1.0,1.0,11.0,0.2727272727272727,0.0,1.0,0.358,0.0,0.8666666666666667,0.6050420168067226,0.0,0.0,1,1.0,1.0,1.0,16.0,63530020.0,1.0,0.8646003,1.0,0,1,0,0,0,0,0,0,0,0,0,0,0,0,0,0,0,1,0,0,0,0
25.0,0.0,1.0,600.0,0.0,20.0,48.0,1.0,1.0,11.0,0.45454545454545436,0.0,1.0,0.18,0.0,0.5,0.40336134453781514,0.0,0.0,1,1.0,1.0,1.0,16.0,13140005.0,1.0,0.8646003,1.0,0,1,0,0,0,0,0,0,0,0,0,0,0,0,0,0,0,1,0,0,0,0
25.0,1.0,1.0,408.0,0.0,26.0,66.0,1.0,1.0,6.0,0.5454545454545452,0.0,1.0,0.0,0.3333333333333333,0.8666666666666667,0.38655462184873945,0.0,0.0,0,1.0,0.0,1.0,16.0,83610205.0,0.0,0.8646003,0.0,0,1,0,0,0,0,0,0,0,0,0,0,1,0,0,0,0,0,0,0,0,0
22.0,1.0,1.0,55.0,0.0,26.0,48.0,0.0,0.0,11.0,0.18181818181818188,1.0,0.0,0.0,0.0,0.0,0.0,0.0,0.0,1,1.0,0.0,1.0,16.0,13530005.0,1.0,0.8646003,1.0,0,1,0,0,0,0,0,0,0,0,0,0,0,0,0,0,0,1,0,0,0,0
22.0,0.0,1.0,810.0,0.0,20.0,45.0,0.0,0.0,11.0,0.18181818181818188,0.0,0.0,0.0,0.0,0.0,0.0,0.0,0.0,1,1.0,0.0,1.0,16.0,13530005.0,0.0,0.8646003,0.0,0,1,0,0,0,0,0,0,0,0,0,0,0,0,0,0,0,1,0,0,0,0
22.0,0.0,1.0,408.0,0.0,22.0,40.0,1.0,1.0,11.0,0.18181818181818188,0.0,1.0,0.46799999999999997,0.0,0.8666666666666667,0.4369747899159664,0.0,0.0,1,1.0,1.0,1.0,16.0,13210015.0,1.0,0.8646003,1.0,0,1,0,0,0,0,0,0,0,0,0,0,0,0,0,0,0,1,0,0,0,0
23.0,0.0,1.0,408.0,0.0,20.0,40.0,1.0,1.0,11.0,0.36363636363636354,0.0,0.0,0.0,0.0,0.0,0.0,0.0,0.0,0,1.0,0.0,1.0,16.0,93510030.0,1.0,0.8646003,0.0,0,1,0,0,0,0,0,0,0,0,0,0,0,0,0,1,0,0,0,0,0,0
25.0,0.0,1.0,730.0,0.0,30.0,73.0,0.0,0.0,11.0,0.45454545454545436,0.0,1.0,0.38999999999999996,0.0,0.8666666666666667,0.5630252100840336,0.0,0.0,1,1.0,1.0,1.0,16.0,93510030.0,1.0,0.8646003,1.0,0,1,0,0,0,0,0,0,0,0,0,0,0,0,0,0,1,0,0,0,0,0
22.0,0.0,1.0,408.0,0.0,26.0,48.0,1.0,1.0,11.0,0.18181818181818188,0.0,1.0,0.39999999999999997,0.0,0.8666666666666667,0.40336134453781514,1.0,1.0,0,1.0,1.0,1.0,16.0,13210015.0,0.0,0.8646003,0.0,0,1,0,0,0,0,0,0,0,0,0,0,0,0,0,0,0,1,0,0,0,0
22.0,1.0,1.0,381.5,0.0,30.0,70.0,1.0,1.0,6.0,0.2727272727272727,1.0,0.0,0.0,0.0,0.0,0.0,0.0,0.0,0,1.0,0.0,1.0,16.0,83610205.0,1.0,0.8646003,0.0,0,1,0,0,0,0,0,0,0,0,0,0,0,0,0,0,0,1,0,0,0,0
24.0,0.0,0.0,0.0,0.0,0.0,0.0,0.0,0.0,9.0,0.45454545454545436,0.0,1.0,0.75,0.0,0.5333333333333333,0.1680672268907563,0.0,0.0,1,0.0,1.0,1.0,16.0,13120005.0,1.0,0.8646003,1.0,0,1,0,0,0,0,0,0,0,0,0,0,0,0,0,0,0,1,0,0,0,0
24.0,0.0,0.0,0.0,0.0,0.0,0.0,0.0,0.0,11.0,0.36363636363636354,0.0,1.0,0.25,0.0,1.0,0.47058823529411764,0.0,0.0,1,0.0,1.0,1.0,16.0,13530005.0,1.0,0.8646003,1.0,0,1,0,0,0,0,0,0,0,0,0,0,0,0,0,0,0,1,0,0,0,0
23.0,0.0,1.0,408.0,0.0,20.0,20.0,0.0,0.0,11.0,0.2727272727272727,0.0,0.0,0.0,0.0,0.0,0.0,0.0,0.0,1,1.0,0.0,1.0,16.0,13140005.0,0.0,0.8646003,0.0,0,1,0,0,0,0,0,0,0,0,0,0,0,0,0,0,0,1,0,0,0,0
24.0,0.0,0.0,0.0,0.0,0.0,0.0,0.0,0.0,11.0,0.36363636363636354,0.0,0.0,0.0,0.0,0.0,0.0,0.0,0.0,1,0.0,0.0,1.0,16.0,13710005.0,0.0,0.8646003,0.0,0,1,0,0,0,0,0,0,0,0,0,0,0,0,0,0,0,1,0,0,0,0
26.0,1.0,1.0,500.0,0.0,20.0,48.0,1.0,1.0,11.0,0.5454545454545452,0.0,1.0,0.5399999999999999,0.0,1.0,0.6470588235294117,1.0,1.0,1,1.0,1.0,1.0,16.0,13140005.0,0.0,0.8646003,0.0,0,1,0,0,0,0,0,0,0,0,0,0,0,0,0,0,0,1,0,0,0,0
24.0,1.0,1.0,408.0,0.0,26.0,48.0,1.0,0.0,11.0,0.36363636363636354,1.0,1.0,0.44999999999999996,0.0,1.0,0.6470588235294117,0.0,0.0,0,1.0,1.0,1.0,16.0,63420020.0,1.0,0.8646003,0.0,0,1,0,0,0,0,0,0,0,0,0,0,0,0,1,0,0,0,0,0,0,0
21.0,0.0,1.0,408.0,0.0,26.0,48.0,1.0,1.0,11.0,0.09090909090909083,0.0,1.0,0.08,0.0,0.5,0.1764705882352941,0.0,0.0,0,1.0,1.0,1.0,16.0,63530020.0,0.0,0.8646003,0.0,0,1,0,0,0,0,0,0,0,0,0,0,0,0,0,0,0,1,0,0,0,0
24.0,1.0,1.0,900.0,0.0,24.0,64.0,1.0,1.0,11.0,0.45454545454545436,1.0,1.0,0.6,0.0,0.8666666666666667,0.36974789915966383,1.0,1.0,1,1.0,1.0,1.0,16.0,63530020.0,0.0,0.8646003,0.0,0,1,0,0,0,0,0,0,0,0,0,0,0,0,0,0,0,1,0,0,0,0
21.0,0.0,1.0,381.5,0.0,26.0,48.0,0.0,0.0,11.0,0.09090909090909083,0.0,1.0,0.39999999999999997,0.0,1.0,0.47058823529411764,0.0,0.0,0,1.0,1.0,1.0,16.0,83610205.0,0.0,0.8646003,0.0,0,1,0,0,0,0,0,0,0,0,0,0,0,0,0,0,0,1,0,0,0,0
24.0,0.0,1.0,0.0,50000.0,2.0,9.0,0.0,0.0,11.0,0.45454545454545436,0.0,0.0,0.0,0.0,0.0,0.0,0.0,0.0,1,0.0,0.0,1.0,16.0,13210015.0,0.0,0.8646003,0.0,0,1,0,0,0,0,0,0,0,0,0,0,0,0,0,0,0,1,0,0,0,0
23.0,0.0,1.0,450.0,0.0,24.0,48.0,0.0,0.0,11.0,0.2727272727272727,0.0,1.0,0.45999999999999996,0.0,1.0,0.7058823529411764,1.0,0.0,1,1.0,1.0,1.0,16.0,13120005.0,0.0,0.8646003,0.0,0,1,0,0,0,0,0,0,0,0,0,0,0,0,0,0,0,1,0,0,0,0
22.0,0.0,1.0,156.0,0.0,7.0,48.0,0.0,0.0,11.0,0.18181818181818188,0.0,0.0,0.0,0.0,0.0,0.0,0.0,0.0,1,1.0,0.0,1.0,16.0,13210015.0,1.0,0.8646003,1.0,0,1,0,0,0,0,0,0,0,0,0,0,0,0,0,0,0,1,0,0,0,0
20.0,0.0,1.0,550.0,0.0,26.0,38.0,1.0,1.0,11.0,0.09090909090909083,0.0,1.0,0.19999999999999998,0.0,0.8666666666666667,0.3529411764705882,0.0,0.0,1,1.0,1.0,1.0,16.0,13210015.0,0.0,0.8646003,0.0,0,1,0,0,0,0,0,0,0,0,0,0,0,0,0,0,0,1,0,0,0,0
26.0,1.0,1.0,0.0,80000.0,4.0,8.0,0.0,0.0,5.0,0.5454545454545452,1.0,0.0,0.0,0.0,0.0,0.0,0.0,0.0,1,0.0,0.0,1.0,16.0,13710005.0,1.0,0.8646003,1.0,0,1,0,0,0,0,0,0,0,0,0,1,0,0,0,0,0,0,0,0,0,0
23.0,1.0,0.0,0.0,0.0,0.0,0.0,0.0,0.0,11.0,0.2727272727272727,1.0,0.0,0.0,0.0,0.0,0.0,0.0,0.0,0,0.0,0.0,1.0,16.0,63530020.0,1.0,0.8646003,0.0,0,1,0,0,0,0,0,0,0,0,0,0,0,0,0,0,0,1,0,0,0,0
22.0,1.0,1.0,430.0,0.0,28.0,56.0,1.0,1.0,11.0,0.2727272727272727,0.0,1.0,0.27999999999999997,0.0,0.8666666666666667,0.40336134453781514,0.0,0.0,1,1.0,1.0,1.0,16.0,13530005.0,0.0,0.8646003,0.0,0,1,0,0,0,0,0,0,0,0,0,0,0,0,0,0,0,1,0,0,0,0
25.0,0.0,0.0,0.0,0.0,0.0,0.0,0.0,0.0,10.0,0.5454545454545452,0.0,1.0,0.36,0.0,0.8666666666666667,0.5042016806722689,0.0,0.0,1,0.0,1.0,1.0,16.0,13710005.0,0.0,0.8646003,0.0,0,1,0,0,0,0,0,0,0,0,0,0,0,0,0,1,0,0,0,0,0,0
21.0,0.0,1.0,408.0,0.0,22.0,50.0,1.0,1.0,11.0,0.18181818181818188,0.0,0.0,0.0,0.0,0.0,0.0,0.0,0.0,1,1.0,0.0,1.0,16.0,63530020.0,0.0,0.8646003,0.0,0,1,0,0,0,0,0,0,0,0,0,0,0,0,0,0,0,1,0,0,0,0
21.0,1.0,1.0,140.0,0.0,26.0,42.0,0.0,0.0,9.0,0.09090909090909083,0.0,0.0,0.0,0.0,0.0,0.0,0.0,0.0,1,1.0,0.0,1.0,16.0,63420020.0,1.0,0.8646003,1.0,0,1,0,0,0,0,0,0,0,0,0,0,0,0,0,1,0,0,0,0,0,0
22.0,0.0,1.0,408.0,0.0,26.0,48.0,1.0,1.0,11.0,0.18181818181818188,0.0,1.0,0.25,0.0,0.8666666666666667,0.40336134453781514,0.0,0.0,1,1.0,1.0,1.0,16.0,93510030.0,1.0,0.8646003,1.0,0,1,0,0,0,0,0,0,0,0,0,0,0,0,0,0,0,1,0,0,0,0
21.0,0.0,1.0,408.0,0.0,26.0,48.0,1.0,1.0,11.0,0.09090909090909083,0.0,1.0,0.358,0.0,0.8666666666666667,0.5546218487394958,0.0,0.0,0,1.0,1.0,1.0,17.0,63530020.0,0.0,0.74596775,0.0,0,1,0,0,0,0,0,0,0,0,0,0,0,0,0,0,0,1,0,0,0,0
24.0,0.0,1.0,408.0,0.0,26.0,48.0,1.0,1.0,11.0,0.36363636363636354,0.0,1.0,0.0,0.26666666666666666,0.8666666666666667,0.4621848739495798,0.0,0.0,1,1.0,0.0,1.0,17.0,13610005.0,1.0,0.74596775,1.0,0,1,0,0,0,0,0,0,0,0,0,0,0,0,0,0,0,1,0,0,0,0
22.0,0.0,1.0,600.0,0.0,26.0,60.0,1.0,1.0,11.0,0.18181818181818188,0.0,1.0,0.44,0.0,0.7333333333333333,0.3361344537815126,0.0,0.0,0,1.0,1.0,1.0,17.0,63530020.0,0.0,0.74596775,0.0,0,1,0,0,0,0,0,0,0,0,0,0,0,0,0,0,0,1,0,0,0,0
22.0,0.0,1.0,190.0,0.0,26.0,36.0,0.0,0.0,11.0,0.2727272727272727,0.0,1.0,0.12,0.0,0.8666666666666667,0.3361344537815126,0.0,0.0,1,1.0,1.0,1.0,17.0,13710030.0,1.0,0.74596775,1.0,0,1,0,0,0,0,0,0,0,0,0,0,0,0,0,0,0,1,0,0,0,0
26.0,1.0,1.0,200.0,0.0,22.0,30.0,0.0,0.0,8.0,0.5454545454545452,1.0,1.0,0.312,0.0,0.8666666666666667,0.40336134453781514,0.0,0.0,0,1.0,1.0,1.0,17.0,13120005.0,1.0,0.74596775,0.0,0,1,0,0,0,0,0,0,0,0,0,0,0,0,1,0,0,0,0,0,0,0
23.0,0.0,1.0,0.0,250000.0,22.0,40.0,0.0,0.0,11.0,0.36363636363636354,0.0,1.0,0.32,0.0,0.8666666666666667,0.47058823529411764,0.0,0.0,0,0.0,1.0,1.0,17.0,63530020.0,0.0,0.74596775,0.0,0,1,0,0,0,0,0,0,0,0,0,0,0,0,0,0,0,1,0,0,0,0
21.0,0.0,1.0,300.0,0.0,28.0,77.0,0.0,0.0,11.0,0.09090909090909083,0.0,1.0,0.27999999999999997,0.0,0.8,0.40336134453781514,0.0,0.0,1,1.0,1.0,1.0,17.0,13120005.0,1.0,0.74596775,1.0,0,1,0,0,0,0,0,0,0,0,0,0,0,0,0,0,0,1,0,0,0,0
21.0,0.0,1.0,450.0,0.0,20.0,40.0,0.0,0.0,11.0,0.09090909090909083,0.0,1.0,0.35,0.0,0.2,0.7058823529411764,0.0,0.0,1,1.0,1.0,1.0,17.0,13120005.0,1.0,0.74596775,1.0,0,1,0,0,0,0,0,0,0,0,0,0,0,0,0,0,0,1,0,0,0,0
27.0,1.0,0.0,0.0,0.0,0.0,0.0,0.0,0.0,11.0,0.6363636363636365,1.0,0.0,0.0,0.0,0.0,0.0,0.0,0.0,0,0.0,0.0,1.0,17.0,13610005.0,1.0,0.74596775,0.0,0,1,0,0,0,0,0,1,0,0,0,0,0,0,0,0,0,0,0,0,0,0
23.0,0.0,1.0,900.0,0.0,26.0,48.0,1.0,1.0,11.0,0.2727272727272727,0.0,1.0,0.39999999999999997,0.0,0.9333333333333333,0.453781512605042,0.0,0.0,1,1.0,1.0,1.0,17.0,63530020.0,0.0,0.74596775,0.0,0,1,0,0,0,0,0,0,0,0,0,0,0,0,0,0,0,1,0,0,0,0
26.0,0.0,1.0,700.0,0.0,28.0,72.0,1.0,1.0,11.0,0.5454545454545452,0.0,1.0,0.5,0.0,1.0,0.7058823529411764,1.0,1.0,1,1.0,1.0,1.0,17.0,13120005.0,1.0,0.74596775,1.0,0,1,0,0,0,0,0,0,0,0,0,0,0,0,0,0,0,1,0,0,0,0
25.0,1.0,0.0,0.0,0.0,0.0,0.0,0.0,0.0,7.0,0.45454545454545436,1.0,0.0,0.0,0.0,0.0,0.0,0.0,0.0,0,0.0,0.0,1.0,17.0,13710030.0,1.0,0.74596775,0.0,0,1,0,0,0,0,0,0,0,0,0,0,0,1,0,0,0,0,0,0,0,0
20.0,0.0,1.0,408.0,0.0,24.0,60.0,1.0,1.0,11.0,0.0,0.0,1.0,0.02,0.0,0.1,0.09243697478991596,0.0,0.0,1,1.0,1.0,1.0,17.0,63530020.0,1.0,0.74596775,1.0,0,1,0,0,0,0,0,0,0,0,0,0,0,0,0,0,0,1,0,0,0,0
21.0,0.0,1.0,200.0,0.0,15.0,32.0,0.0,0.0,11.0,0.09090909090909083,0.0,1.0,0.358,0.0,0.8666666666666667,0.29411764705882354,0.0,0.0,1,1.0,1.0,1.0,17.0,13610005.0,0.0,0.74596775,0.0,0,1,0,0,0,0,0,0,0,0,0,0,0,0,0,0,0,1,0,0,0,0
24.0,1.0,1.0,408.0,0.0,20.0,59.0,1.0,1.0,11.0,0.45454545454545436,0.0,1.0,0.358,0.0,0.8,0.8067226890756303,1.0,0.0,1,1.0,1.0,1.0,17.0,63530020.0,0.0,0.74596775,0.0,0,1,0,0,0,0,0,0,0,0,0,0,0,0,0,0,0,1,0,0,0,0
21.0,0.0,1.0,55.0,0.0,26.0,48.0,0.0,0.0,9.0,0.09090909090909083,0.0,1.0,0.358,0.0,0.9333333333333333,0.6470588235294117,0.0,0.0,1,1.0,1.0,1.0,17.0,13610005.0,1.0,0.74596775,1.0,0,1,0,0,0,0,0,0,0,0,0,0,1,0,0,0,0,0,0,0,0,0
21.0,0.0,1.0,320.0,0.0,24.0,54.0,0.0,0.0,10.0,0.09090909090909083,0.0,0.0,0.0,0.0,0.0,0.0,0.0,0.0,1,1.0,0.0,1.0,17.0,63530020.0,0.0,0.74596775,0.0,0,1,0,0,0,0,0,0,0,0,0,0,0,0,0,0,1,0,0,0,0,0
23.0,1.0,1.0,408.0,0.0,22.0,54.0,0.0,0.0,11.0,0.2727272727272727,1.0,1.0,0.11,0.0,1.0,0.29411764705882354,0.0,0.0,1,1.0,1.0,1.0,17.0,13610005.0,1.0,0.74596775,1.0,0,1,0,0,0,0,0,0,0,0,0,0,0,0,0,0,0,1,0,0,0,0
25.0,0.0,1.0,408.0,0.0,26.0,48.0,0.0,0.0,11.0,0.5454545454545452,0.0,1.0,0.358,0.0,1.0,0.47058823529411764,1.0,0.0,0,1.0,1.0,1.0,17.0,13610005.0,1.0,0.74596775,0.0,0,1,0,0,0,0,0,0,0,0,0,0,0,0,0,0,0,1,0,0,0,0
24.0,1.0,0.0,0.0,0.0,0.0,0.0,0.0,0.0,10.0,0.36363636363636354,0.0,1.0,0.08,0.0,0.06666666666666667,0.06722689075630252,0.0,0.0,1,0.0,1.0,1.0,17.0,63530020.0,1.0,0.74596775,1.0,0,1,0,0,0,0,0,0,0,0,0,0,0,0,1,0,0,0,0,0,0,0
25.0,0.0,1.0,100.0,0.0,26.0,48.0,0.0,0.0,5.0,0.5454545454545452,0.0,1.0,0.358,0.0,0.8666666666666667,0.40336134453781514,0.0,0.0,1,1.0,1.0,1.0,17.0,13710030.0,0.0,0.74596775,0.0,0,1,0,0,0,0,0,0,0,0,0,0,1,0,0,0,0,0,0,0,0,0
21.0,0.0,1.0,400.0,0.0,28.0,57.0,1.0,1.0,11.0,0.18181818181818188,0.0,1.0,0.19999999999999998,0.0,0.9333333333333333,0.40336134453781514,0.0,0.0,0,1.0,1.0,1.0,17.0,13710030.0,0.0,0.74596775,0.0,0,1,0,0,0,0,0,0,0,0,0,0,0,0,0,0,0,1,0,0,0,0
22.0,1.0,1.0,240.0,0.0,22.0,22.0,0.0,0.0,9.0,0.18181818181818188,1.0,1.0,0.24,0.0,0.8,0.40336134453781514,0.0,1.0,1,1.0,1.0,1.0,17.0,13710030.0,1.0,0.74596775,1.0,0,1,0,0,0,0,0,0,0,0,0,0,0,0,0,1,0,0,0,0,0,0
24.0,1.0,1.0,460.0,0.0,24.0,48.0,1.0,1.0,11.0,0.36363636363636354,1.0,1.0,0.18,0.0,0.8666666666666667,0.6554621848739496,0.0,0.0,0,1.0,1.0,1.0,17.0,13120005.0,1.0,0.74596775,0.0,0,1,0,0,0,0,0,0,0,0,0,0,0,0,0,0,0,1,0,0,0,0
27.0,1.0,1.0,120.0,0.0,8.0,14.0,0.0,0.0,11.0,0.6363636363636365,1.0,0.0,0.0,0.0,0.0,0.0,0.0,0.0,1,1.0,0.0,1.0,18.0,63720005.0,1.0,0.7352941,1.0,0,1,0,0,0,0,0,0,0,0,0,0,0,0,0,1,0,0,0,0,0,0
23.0,0.0,0.0,0.0,0.0,0.0,0.0,0.0,0.0,11.0,0.2727272727272727,0.0,1.0,0.358,0.0,1.0,0.7058823529411764,0.0,0.0,0,0.0,1.0,1.0,18.0,63720005.0,1.0,0.7352941,0.0,0,1,0,0,0,0,0,0,0,0,0,0,0,0,0,0,0,1,0,0,0,0
23.0,0.0,1.0,408.0,0.0,15.0,48.0,1.0,1.0,11.0,0.2727272727272727,0.0,0.0,0.0,0.0,0.0,0.0,0.0,0.0,1,1.0,0.0,1.0,18.0,63720005.0,1.0,0.7352941,1.0,0,1,0,0,0,0,0,0,0,0,0,0,0,0,0,0,0,1,0,0,0,0
21.0,1.0,1.0,0.0,132000.0,20.0,30.0,0.0,0.0,10.0,0.18181818181818188,1.0,1.0,0.12,0.0,0.7333333333333333,0.37815126050420167,0.0,0.0,0,0.0,1.0,1.0,18.0,63720005.0,1.0,0.7352941,0.0,0,1,0,0,0,0,0,0,0,0,0,0,0,0,0,1,0,0,0,0,0,0
23.0,0.0,1.0,0.0,50000.0,8.0,15.0,0.0,0.0,11.0,0.2727272727272727,0.0,1.0,0.29,0.0,0.8666666666666667,0.40336134453781514,1.0,0.0,1,0.0,1.0,1.0,18.0,63720005.0,1.0,0.7352941,1.0,0,1,0,0,0,0,0,0,0,0,0,0,0,0,0,0,0,1,0,0,0,0
25.0,0.0,1.0,408.0,0.0,20.0,42.0,1.0,1.0,11.0,0.5454545454545452,0.0,0.0,0.0,0.0,0.0,0.0,0.0,0.0,0,1.0,0.0,1.0,18.0,63720005.0,1.0,0.7352941,0.0,0,1,0,0,0,0,0,0,0,0,0,0,0,0,0,0,0,1,0,0,0,0
27.0,0.0,1.0,500.0,0.0,26.0,48.0,0.0,0.0,11.0,0.6363636363636365,0.0,0.0,0.0,0.0,0.0,0.0,0.0,0.0,1,1.0,0.0,1.0,18.0,63720005.0,1.0,0.7352941,1.0,0,1,0,0,0,0,0,0,0,0,0,0,0,0,0,1,0,0,0,0,0,0
20.0,0.0,1.0,240.0,0.0,12.0,36.0,0.0,0.0,12.0,0.0,0.0,0.0,0.0,0.0,0.0,0.0,0.0,0.0,1,1.0,0.0,1.0,18.0,63720005.0,0.0,0.7352941,0.0,0,1,0,0,0,0,0,0,0,0,0,0,0,0,0,0,0,1,0,0,0,0
22.0,1.0,1.0,0.0,240000.0,20.0,35.0,0.0,0.0,11.0,0.18181818181818188,0.0,1.0,0.0,0.19999999999999998,0.4,0.1764705882352941,0.0,0.0,1,0.0,0.0,1.0,18.0,63720005.0,1.0,0.7352941,1.0,0,1,0,0,0,0,0,0,0,0,0,0,0,0,0,0,0,1,0,0,0,0
23.0,0.0,1.0,420.0,0.0,26.0,48.0,1.0,1.0,11.0,0.2727272727272727,0.0,1.0,0.3815,0.0,0.8666666666666667,0.29411764705882354,1.0,1.0,1,1.0,1.0,1.0,19.0,13120005.0,0.0,0.74615383,0.0,0,1,0,0,0,0,0,0,0,0,0,0,0,0,0,0,0,1,0,0,0,0
24.0,0.0,1.0,408.0,0.0,26.0,48.0,1.0,1.0,11.0,0.36363636363636354,0.0,1.0,0.33999999999999997,0.0,0.9333333333333333,0.5294117647058824,0.0,1.0,0,1.0,1.0,1.0,19.0,13210005.0,0.0,0.74615383,0.0,0,1,0,0,0,0,0,0,0,0,0,0,0,0,0,0,0,1,0,0,0,0
20.0,0.0,1.0,480.0,0.0,20.0,53.0,1.0,1.0,11.0,0.0,0.0,0.0,0.0,0.0,0.0,0.0,0.0,0.0,1,1.0,0.0,1.0,19.0,13120005.0,1.0,0.74615383,1.0,0,1,0,0,0,0,0,0,0,0,0,0,0,0,0,0,0,1,0,0,0,0
22.0,0.0,1.0,190.0,0.0,15.0,40.0,0.0,1.0,11.0,0.18181818181818188,0.0,1.0,0.26,0.0,0.8666666666666667,0.5546218487394958,0.0,0.0,1,1.0,1.0,1.0,19.0,13120005.0,1.0,0.74615383,1.0,0,1,0,0,0,0,0,0,0,0,0,0,0,0,0,0,0,1,0,0,0,0
23.0,0.0,1.0,0.0,400000.0,26.0,78.0,0.0,0.0,11.0,0.36363636363636354,0.0,1.0,0.0,0.2222222222222222,0.4,0.15126050420168066,0.0,0.0,0,0.0,0.0,1.0,19.0,13210005.0,1.0,0.74615383,0.0,0,1,0,0,0,0,0,0,0,0,0,0,0,0,0,0,0,1,0,0,0,0
21.0,0.0,0.0,0.0,0.0,0.0,0.0,0.0,0.0,11.0,0.18181818181818188,0.0,0.0,0.0,0.0,0.0,0.0,0.0,0.0,1,0.0,0.0,1.0,19.0,13210005.0,0.0,0.74615383,0.0,0,1,0,0,0,0,0,0,0,0,0,0,0,0,0,0,0,1,0,0,0,0
20.0,1.0,1.0,300.0,0.0,15.0,63.0,1.0,0.0,11.0,0.0,0.0,0.0,0.0,0.0,0.0,0.0,0.0,0.0,1,1.0,0.0,1.0,19.0,13210005.0,1.0,0.74615383,1.0,0,1,0,0,0,0,0,0,0,0,0,0,0,0,0,0,0,1,0,0,0,0
23.0,1.0,0.0,0.0,0.0,0.0,0.0,0.0,0.0,11.0,0.36363636363636354,0.0,0.0,0.0,0.0,0.0,0.0,0.0,0.0,0,0.0,0.0,1.0,19.0,13210005.0,1.0,0.74615383,0.0,0,1,0,0,0,0,0,0,0,0,0,0,0,0,0,0,0,1,0,0,0,0
26.0,0.0,1.0,408.0,0.0,30.0,42.0,1.0,1.0,11.0,0.5454545454545452,0.0,1.0,0.3815,0.0,0.8666666666666667,0.5042016806722689,1.0,1.0,1,1.0,1.0,1.0,19.0,13120005.0,1.0,0.74615383,1.0,0,1,0,0,0,0,0,0,0,0,0,0,0,0,0,0,0,1,0,0,0,0
23.0,0.0,1.0,408.0,0.0,22.0,40.0,1.0,1.0,11.0,0.2727272727272727,0.0,1.0,0.5599999999999999,0.0,0.8,0.37815126050420167,0.0,0.0,0,1.0,1.0,1.0,19.0,13120005.0,1.0,0.74615383,0.0,0,1,0,0,0,0,0,0,0,0,0,0,0,0,0,0,0,1,0,0,0,0
21.0,0.0,1.0,408.0,0.0,30.0,48.0,1.0,1.0,11.0,0.18181818181818188,0.0,0.0,0.0,0.0,0.0,0.0,0.0,0.0,1,1.0,0.0,1.0,19.0,13210005.0,0.0,0.74615383,0.0,0,1,0,0,0,0,0,0,0,0,0,0,0,0,0,0,0,1,0,0,0,0
22.0,0.0,1.0,381.5,0.0,26.0,48.0,0.0,0.0,11.0,0.18181818181818188,0.0,0.0,0.0,0.0,0.0,0.0,0.0,0.0,1,1.0,0.0,1.0,19.0,13210005.0,1.0,0.74615383,1.0,0,1,0,0,0,0,0,0,0,0,0,0,0,0,0,0,0,1,0,0,0,0
26.0,0.0,1.0,500.0,0.0,26.0,80.0,0.0,0.0,11.0,0.6363636363636365,0.0,1.0,0.44999999999999996,0.0,0.8666666666666667,0.40336134453781514,0.0,0.0,1,1.0,1.0,1.0,19.0,13120005.0,0.0,0.74615383,0.0,0,1,0,0,0,0,0,0,0,0,0,0,0,0,0,0,0,0,0,1,0,0
25.0,1.0,0.0,0.0,0.0,0.0,0.0,0.0,0.0,11.0,0.5454545454545452,1.0,0.0,0.0,0.0,0.0,0.0,0.0,0.0,0,0.0,0.0,1.0,19.0,13120005.0,1.0,0.74615383,0.0,0,1,0,0,0,0,0,0,0,0,0,0,0,0,0,0,0,1,0,0,0,0
26.0,0.0,1.0,700.0,0.0,26.0,55.0,0.0,1.0,11.0,0.5454545454545452,0.0,1.0,0.358,0.0,0.7333333333333333,0.3361344537815126,1.0,1.0,1,1.0,1.0,1.0,19.0,13210005.0,0.0,0.74615383,0.0,0,1,0,0,0,0,0,0,0,0,0,0,0,0,0,0,0,1,0,0,0,0
23.0,0.0,1.0,640.0,0.0,22.0,48.0,1.0,1.0,11.0,0.36363636363636354,0.0,1.0,0.3815,0.0,0.8666666666666667,0.5042016806722689,1.0,1.0,0,1.0,1.0,1.0,19.0,13120005.0,0.0,0.74615383,0.0,0,1,0,0,0,0,0,0,0,0,0,0,0,0,0,0,0,1,0,0,0,0
23.0,0.0,1.0,408.0,0.0,22.0,48.0,1.0,1.0,11.0,0.2727272727272727,0.0,1.0,0.0,0.16666666666666666,0.8,0.20168067226890757,0.0,0.0,1,1.0,0.0,1.0,20.0,63420040.0,0.0,0.75577325,0.0,0,1,0,0,0,0,0,0,0,0,0,0,0,0,0,0,0,1,0,0,0,0
20.0,0.0,1.0,340.0,0.0,28.0,91.0,1.0,1.0,11.0,0.09090909090909083,0.0,0.0,0.0,0.0,0.0,0.0,0.0,0.0,1,1.0,0.0,1.0,20.0,63420040.0,0.0,0.75577325,0.0,0,1,0,0,0,0,0,0,0,0,0,0,0,0,0,0,0,1,0,0,0,0
23.0,0.0,1.0,400.0,0.0,26.0,48.0,0.0,0.0,11.0,0.2727272727272727,0.0,1.0,0.19,0.0,0.8666666666666667,0.40336134453781514,0.0,0.0,1,1.0,1.0,1.0,20.0,63240050.0,0.0,0.75577325,0.0,0,1,0,0,0,0,0,0,0,0,0,0,0,0,0,0,0,1,0,0,0,0
21.0,0.0,1.0,408.0,0.0,26.0,48.0,0.0,0.0,9.0,0.09090909090909083,0.0,1.0,0.0,0.3333333333333333,0.7333333333333333,0.1680672268907563,0.0,0.0,0,1.0,0.0,1.0,20.0,53530030.0,0.0,0.75577325,0.0,0,1,0,0,0,0,0,0,0,0,0,0,0,0,0,1,0,0,0,0,0,0
27.0,0.0,1.0,350.0,0.0,22.0,60.0,1.0,0.0,11.0,0.6363636363636365,0.0,1.0,0.16999999999999998,0.0,0.7333333333333333,0.29411764705882354,0.0,0.0,1,1.0,1.0,1.0,20.0,63420040.0,1.0,0.75577325,1.0,0,1,0,0,0,0,0,0,0,0,0,0,0,0,0,0,0,1,0,0,0,0
24.0,0.0,1.0,385.0,0.0,29.0,70.0,1.0,1.0,11.0,0.36363636363636354,0.0,0.0,0.0,0.0,0.0,0.0,0.0,0.0,0,1.0,0.0,1.0,20.0,13510005.0,0.0,0.75577325,0.0,0,1,0,0,0,0,0,0,0,0,0,0,0,0,0,0,0,1,0,0,0,0
23.0,1.0,1.0,550.0,0.0,22.0,48.0,1.0,1.0,11.0,0.2727272727272727,0.0,1.0,0.0,0.13333333333333333,0.6666666666666666,0.3361344537815126,0.0,0.0,0,1.0,0.0,1.0,20.0,63240050.0,1.0,0.75577325,0.0,0,1,0,0,0,0,0,0,0,0,0,0,0,0,0,0,0,1,0,0,0,0
22.0,0.0,1.0,300.0,0.0,28.0,84.0,0.0,0.0,9.0,0.2727272727272727,0.0,1.0,0.0,0.0,1.0,0.7058823529411764,0.0,0.0,0,1.0,0.0,1.0,20.0,63420040.0,0.0,0.75577325,0.0,0,1,0,0,0,0,0,0,0,0,0,0,0,0,0,0,0,1,0,0,0,0
21.0,0.0,1.0,314.0,0.0,26.0,42.0,1.0,1.0,11.0,0.18181818181818188,0.0,0.0,0.0,0.0,0.0,0.0,0.0,0.0,1,1.0,0.0,1.0,20.0,63240050.0,1.0,0.75577325,1.0,0,1,0,0,0,0,0,0,0,0,0,0,0,0,0,0,0,1,0,0,0,0
23.0,1.0,1.0,300.0,0.0,30.0,80.0,0.0,0.0,11.0,0.2727272727272727,0.0,1.0,0.12,0.0,0.26666666666666666,0.20168067226890757,0.0,0.0,1,1.0,1.0,1.0,20.0,63240050.0,1.0,0.75577325,1.0,0,1,0,0,0,0,0,0,0,0,0,0,0,0,0,0,0,1,0,0,0,0
22.0,0.0,1.0,408.0,0.0,26.0,48.0,1.0,1.0,11.0,0.18181818181818188,0.0,0.0,0.0,0.0,0.0,0.0,0.0,0.0,0,1.0,0.0,1.0,20.0,53530030.0,1.0,0.75577325,0.0,0,1,0,0,0,0,0,0,0,0,0,0,0,0,0,0,0,1,0,0,0,0
21.0,0.0,0.0,0.0,0.0,0.0,0.0,0.0,0.0,11.0,0.09090909090909083,0.0,0.0,0.0,0.0,0.0,0.0,0.0,0.0,1,0.0,0.0,1.0,20.0,13120040.0,0.0,0.75577325,0.0,0,1,0,0,0,0,0,0,0,0,0,0,0,0,0,0,0,1,0,0,0,0
25.0,0.0,1.0,408.0,0.0,26.0,48.0,1.0,1.0,12.0,0.5454545454545452,0.0,1.0,0.11499999999999999,0.0,0.4,0.453781512605042,0.0,0.0,1,1.0,1.0,1.0,20.0,63420040.0,0.0,0.75577325,0.0,0,1,0,0,0,0,0,0,0,0,0,0,0,0,0,0,0,1,0,0,0,0
21.0,1.0,1.0,350.0,0.0,30.0,70.0,0.0,0.0,8.0,0.18181818181818188,1.0,1.0,0.36,0.0,0.8666666666666667,0.40336134453781514,1.0,1.0,0,1.0,1.0,1.0,20.0,13120040.0,1.0,0.75577325,0.0,0,1,0,0,0,0,0,0,0,0,0,0,0,0,1,0,0,0,0,0,0,0
27.0,1.0,1.0,470.0,0.0,26.0,48.0,0.0,1.0,8.0,0.6363636363636365,0.0,1.0,0.358,0.0,1.0,0.47058823529411764,1.0,1.0,1,1.0,1.0,1.0,20.0,63720005.0,1.0,0.75577325,1.0,0,1,0,0,0,0,0,0,0,0,0,0,0,0,0,1,0,0,0,0,0,0
24.0,0.0,1.0,32.0,0.0,2.0,20.0,0.0,0.0,11.0,0.45454545454545436,0.0,0.0,0.0,0.0,0.0,0.0,0.0,0.0,0,1.0,0.0,1.0,20.0,63720005.0,1.0,0.75577325,0.0,0,1,0,0,0,0,0,0,0,0,0,0,0,0,0,0,0,1,0,0,0,0
23.0,0.0,1.0,450.0,0.0,26.0,48.0,1.0,1.0,11.0,0.2727272727272727,0.0,1.0,0.358,0.0,0.16666666666666666,0.3361344537815126,1.0,1.0,0,1.0,1.0,1.0,20.0,13120040.0,0.0,0.75577325,0.0,0,1,0,0,0,0,0,0,0,0,0,0,0,0,0,0,0,1,0,0,0,0
22.0,1.0,1.0,260.0,0.0,26.0,36.0,1.0,1.0,11.0,0.18181818181818188,1.0,1.0,0.22,0.0,0.8666666666666667,0.40336134453781514,0.0,0.0,1,1.0,1.0,1.0,20.0,63240050.0,1.0,0.75577325,1.0,0,1,0,0,0,0,0,0,0,0,0,0,0,0,0,0,0,1,0,0,0,0
26.0,1.0,1.0,448.0,0.0,30.0,64.0,1.0,1.0,11.0,0.5454545454545452,1.0,1.0,0.27999999999999997,0.0,0.8,0.40336134453781514,0.0,0.0,0,1.0,1.0,1.0,20.0,63720005.0,1.0,0.75577325,0.0,0,1,0,0,0,0,0,0,0,0,0,0,0,0,0,0,0,1,0,0,0,0
21.0,1.0,1.0,0.0,150000.0,30.0,16.0,0.0,0.0,6.0,0.09090909090909083,0.0,0.0,0.0,0.0,0.0,0.0,0.0,0.0,0,0.0,0.0,1.0,20.0,33140020.0,1.0,0.75577325,0.0,0,1,0,0,0,0,0,0,0,0,0,0,0,1,0,0,0,0,0,0,0,0
22.0,0.0,1.0,220.0,0.0,22.0,55.0,0.0,0.0,9.0,0.18181818181818188,1.0,0.0,0.0,0.0,0.0,0.0,0.0,0.0,0,1.0,0.0,1.0,20.0,63420040.0,1.0,0.75577325,0.0,0,1,0,0,0,0,0,0,0,0,0,0,0,0,0,0,0,1,0,0,0,0
22.0,0.0,1.0,408.0,0.0,26.0,48.0,0.0,0.0,11.0,0.18181818181818188,0.0,1.0,0.0,0.3333333333333333,0.8666666666666667,0.40336134453781514,0.0,0.0,0,1.0,0.0,1.0,20.0,13710005.0,0.0,0.75577325,0.0,0,1,0,0,0,0,0,0,0,0,0,0,0,0,0,0,0,1,0,0,0,0
22.0,0.0,1.0,150.0,0.0,20.0,48.0,0.0,0.0,11.0,0.2727272727272727,0.0,0.0,0.0,0.0,0.0,0.0,0.0,0.0,1,1.0,0.0,1.0,20.0,13510005.0,0.0,0.75577325,0.0,0,1,0,0,0,0,0,0,0,0,0,0,0,0,0,0,0,1,0,0,0,0
23.0,0.0,1.0,408.0,0.0,24.0,54.0,0.0,0.0,8.0,0.2727272727272727,0.0,0.0,0.0,0.0,0.0,0.0,0.0,0.0,1,1.0,0.0,1.0,20.0,63220030.0,1.0,0.75577325,1.0,0,1,0,0,0,0,0,0,0,0,0,0,0,1,0,0,0,0,0,0,0,0
21.0,0.0,0.0,0.0,0.0,0.0,0.0,0.0,0.0,11.0,0.18181818181818188,0.0,0.0,0.0,0.0,0.0,0.0,0.0,0.0,0,0.0,0.0,1.0,20.0,53530030.0,0.0,0.75577325,0.0,0,1,0,0,0,0,0,0,0,0,0,0,0,0,0,0,0,1,0,0,0,0
21.0,1.0,1.0,150.0,0.0,7.0,30.0,0.0,0.0,11.0,0.18181818181818188,0.0,1.0,0.13999999999999999,0.0,0.5,0.5378151260504201,0.0,0.0,1,1.0,1.0,1.0,20.0,53530030.0,0.0,0.75577325,0.0,0,1,0,0,0,0,0,0,0,0,0,0,0,0,0,0,0,1,0,0,0,0
22.0,0.0,0.0,0.0,0.0,0.0,0.0,0.0,0.0,11.0,0.2727272727272727,0.0,1.0,0.16499999999999998,0.0,0.8,0.6050420168067226,1.0,1.0,0,0.0,1.0,1.0,20.0,63420040.0,1.0,0.75577325,0.0,0,1,0,0,0,0,0,0,0,0,0,0,0,0,0,0,0,1,0,0,0,0
23.0,0.0,1.0,350.0,0.0,26.0,60.0,0.0,0.0,9.0,0.2727272727272727,0.0,1.0,0.358,0.0,0.8666666666666667,0.40336134453781514,1.0,1.0,1,1.0,1.0,1.0,20.0,33140020.0,0.0,0.75577325,0.0,0,1,0,0,0,0,0,0,0,0,0,0,0,0,0,0,0,1,0,0,0,0
23.0,0.0,1.0,408.0,0.0,26.0,48.0,0.0,0.0,11.0,0.2727272727272727,0.0,1.0,0.39999999999999997,0.0,0.8666666666666667,0.40336134453781514,0.0,0.0,1,1.0,1.0,1.0,20.0,33140020.0,1.0,0.75577325,1.0,0,1,0,0,0,0,0,0,0,0,0,0,0,0,0,1,0,0,0,0,0,0
20.0,0.0,0.0,0.0,0.0,0.0,0.0,0.0,0.0,11.0,0.0,0.0,1.0,0.0,0.16666666666666666,0.6666666666666666,0.42016806722689076,0.0,0.0,0,0.0,0.0,1.0,20.0,63720005.0,1.0,0.75577325,0.0,0,1,0,0,0,0,0,0,0,0,0,0,0,0,0,0,0,1,0,0,0,0
23.0,0.0,1.0,120.0,0.0,8.0,13.0,0.0,0.0,11.0,0.2727272727272727,0.0,1.0,0.08,0.0,0.26666666666666666,0.1680672268907563,1.0,1.0,1,1.0,1.0,1.0,20.0,13510005.0,0.0,0.75577325,0.0,0,1,0,0,0,0,0,0,0,0,0,0,0,0,0,0,0,1,0,0,0,0
21.0,0.0,0.0,0.0,0.0,0.0,0.0,0.0,0.0,10.0,0.18181818181818188,0.0,0.0,0.0,0.0,0.0,0.0,0.0,0.0,0,0.0,0.0,1.0,20.0,53530030.0,0.0,0.75577325,0.0,0,1,0,0,0,0,0,0,0,0,0,0,0,0,0,1,0,0,0,0,0,0
22.0,1.0,1.0,300.0,0.0,30.0,84.0,0.0,0.0,5.0,0.18181818181818188,1.0,0.0,0.0,0.0,0.0,0.0,0.0,0.0,1,1.0,0.0,1.0,20.0,53530030.0,1.0,0.75577325,1.0,0,1,0,0,0,0,0,0,0,0,0,1,0,0,0,0,0,0,0,0,0,0
27.0,0.0,1.0,0.0,50000.0,26.0,48.0,0.0,0.0,11.0,0.6363636363636365,0.0,1.0,0.0,0.27777777777777773,0.8666666666666667,0.40336134453781514,0.0,0.0,0,0.0,0.0,1.0,20.0,13120040.0,0.0,0.75577325,0.0,0,1,0,0,0,0,0,0,0,0,0,0,0,0,0,0,0,1,0,0,0,0
24.0,0.0,1.0,150.0,0.0,30.0,70.0,0.0,0.0,11.0,0.45454545454545436,0.0,1.0,0.19999999999999998,0.0,0.9333333333333333,0.2184873949579832,0.0,0.0,0,1.0,1.0,1.0,20.0,13510005.0,0.0,0.75577325,0.0,0,1,0,0,0,0,0,0,0,0,0,0,0,0,0,0,0,1,0,0,0,0
22.0,0.0,1.0,0.0,80000.0,22.0,20.0,0.0,0.0,11.0,0.18181818181818188,0.0,0.0,0.0,0.0,0.0,0.0,0.0,0.0,0,0.0,0.0,1.0,20.0,63720005.0,1.0,0.75577325,0.0,0,1,0,0,0,0,0,0,0,0,0,0,0,0,0,0,0,1,0,0,0,0
21.0,0.0,1.0,120.0,0.0,26.0,48.0,0.0,0.0,11.0,0.18181818181818188,0.0,0.0,0.0,0.0,0.0,0.0,0.0,0.0,1,1.0,0.0,1.0,20.0,53530030.0,0.0,0.75577325,0.0,0,1,0,0,0,0,0,0,0,0,0,0,0,0,0,0,0,1,0,0,0,0
24.0,0.0,1.0,600.0,0.0,20.0,40.0,1.0,1.0,11.0,0.36363636363636354,0.0,1.0,0.02,0.0,1.0,0.5882352941176471,1.0,1.0,0,1.0,1.0,1.0,20.0,63420040.0,1.0,0.75577325,0.0,0,1,0,0,0,0,0,0,0,0,0,0,0,0,0,0,0,1,0,0,0,0
23.0,0.0,1.0,408.0,0.0,26.0,48.0,1.0,1.0,11.0,0.2727272727272727,0.0,1.0,0.3815,0.0,0.9333333333333333,0.40336134453781514,0.0,0.0,0,1.0,1.0,1.0,20.0,63220030.0,0.0,0.75577325,0.0,0,1,0,0,0,0,0,0,0,0,0,0,0,0,0,0,0,1,0,0,0,0
26.0,0.0,1.0,420.0,0.0,26.0,48.0,0.0,0.0,11.0,0.5454545454545452,0.0,0.0,0.0,0.0,0.0,0.0,0.0,0.0,0,1.0,0.0,1.0,20.0,13120040.0,1.0,0.75577325,0.0,0,1,0,0,0,0,0,0,0,0,0,0,0,0,0,0,0,1,0,0,0,0
22.0,0.0,1.0,408.0,0.0,26.0,48.0,1.0,1.0,8.0,0.09090909090909083,0.0,1.0,0.0,0.0,0.8666666666666667,0.40336134453781514,0.0,0.0,0,1.0,0.0,1.0,20.0,53530030.0,0.0,0.75577325,0.0,0,1,0,0,0,0,0,0,0,0,0,0,0,0,1,0,0,0,0,0,0,0
20.0,0.0,0.0,0.0,0.0,0.0,0.0,0.0,0.0,12.0,0.09090909090909083,0.0,1.0,0.0,0.10666666666666666,0.26666666666666666,0.10084033613445378,0.0,0.0,0,0.0,0.0,1.0,20.0,53530030.0,0.0,0.75577325,0.0,0,1,0,0,0,0,0,0,0,0,0,0,0,0,0,0,0,1,0,0,0,0
22.0,0.0,0.0,0.0,0.0,0.0,0.0,0.0,0.0,11.0,0.18181818181818188,0.0,0.0,0.0,0.0,0.0,0.0,0.0,0.0,0,0.0,0.0,1.0,20.0,53530030.0,0.0,0.75577325,0.0,0,1,0,0,0,0,0,0,0,0,0,0,0,0,0,0,1,0,0,0,0,0
20.0,0.0,0.0,0.0,0.0,0.0,0.0,0.0,0.0,11.0,0.0,0.0,0.0,0.0,0.0,0.0,0.0,0.0,0.0,1,0.0,0.0,1.0,20.0,13710005.0,1.0,0.75577325,1.0,0,1,0,0,0,0,0,0,0,0,0,0,0,0,0,0,0,1,0,0,0,0
22.0,0.0,0.0,0.0,0.0,0.0,0.0,0.0,0.0,11.0,0.18181818181818188,0.0,1.0,0.358,0.0,0.8666666666666667,0.40336134453781514,1.0,0.0,0,0.0,1.0,1.0,33.0,63220205.0,1.0,0.75577325,0.0,0,1,0,0,0,0,0,0,0,0,0,0,0,0,0,0,0,1,0,0,0,0
22.0,0.0,1.0,408.0,0.0,26.0,48.0,0.0,1.0,9.0,0.18181818181818188,0.0,1.0,0.0,0.07777777777777778,0.8,0.47058823529411764,0.0,0.0,0,1.0,0.0,1.0,20.0,53530030.0,0.0,0.75577325,0.0,0,1,0,0,0,0,0,0,0,0,0,0,0,0,1,0,0,0,0,0,0,0
22.0,1.0,0.0,0.0,0.0,0.0,0.0,0.0,0.0,11.0,0.2727272727272727,1.0,0.0,0.0,0.0,0.0,0.0,0.0,0.0,0,0.0,0.0,1.0,20.0,53530030.0,1.0,0.75577325,0.0,0,1,0,0,0,0,0,0,0,0,0,1,0,0,0,0,0,0,0,0,0,0
24.0,0.0,1.0,408.0,0.0,28.0,48.0,1.0,1.0,11.0,0.45454545454545436,0.0,1.0,0.3,0.0,0.8666666666666667,0.40336134453781514,0.0,0.0,1,1.0,1.0,1.0,20.0,13710005.0,0.0,0.75577325,0.0,0,1,0,0,0,0,0,0,0,0,0,0,0,0,0,0,0,1,0,0,0,0
20.0,0.0,1.0,480.0,0.0,26.0,66.0,0.0,1.0,5.0,0.09090909090909083,0.0,0.0,0.0,0.0,0.0,0.0,0.0,0.0,0,1.0,0.0,1.0,20.0,63420040.0,0.0,0.75577325,0.0,0,1,0,0,0,0,0,0,0,0,0,0,1,0,0,0,0,0,0,0,0,0
22.0,0.0,1.0,270.0,0.0,26.0,48.0,0.0,0.0,11.0,0.2727272727272727,0.0,0.0,0.0,0.0,0.0,0.0,0.0,0.0,0,1.0,0.0,1.0,20.0,63720005.0,1.0,0.75577325,0.0,0,1,0,0,0,0,0,0,0,0,0,0,0,0,0,0,1,0,0,0,0,0
20.0,0.0,0.0,0.0,0.0,0.0,0.0,0.0,0.0,11.0,0.09090909090909083,0.0,1.0,0.09999999999999999,0.0,0.6666666666666666,0.21008403361344538,0.0,0.0,0,0.0,1.0,1.0,20.0,33140020.0,1.0,0.75577325,0.0,0,1,0,0,0,0,0,0,0,0,0,0,0,0,0,0,0,1,0,0,0,0
21.0,0.0,1.0,408.0,0.0,28.0,84.0,0.0,1.0,11.0,0.18181818181818188,0.0,1.0,0.358,0.0,0.8666666666666667,0.40336134453781514,1.0,0.0,0,1.0,1.0,1.0,20.0,63220030.0,0.0,0.75577325,0.0,0,1,0,0,0,0,0,0,0,0,0,0,0,0,0,0,0,1,0,0,0,0
25.0,1.0,0.0,0.0,0.0,0.0,0.0,0.0,0.0,11.0,0.5454545454545452,1.0,1.0,0.24,0.0,0.8,0.40336134453781514,1.0,1.0,0,0.0,1.0,1.0,20.0,13120040.0,1.0,0.75577325,0.0,0,1,0,0,0,0,0,0,0,0,0,0,0,0,0,0,0,1,0,0,0,0
24.0,0.0,1.0,500.0,0.0,26.0,60.0,0.0,0.0,9.0,0.45454545454545436,0.0,1.0,0.0,0.4222222222222222,0.8666666666666667,0.453781512605042,0.0,0.0,0,1.0,0.0,1.0,20.0,63420040.0,0.0,0.75577325,0.0,0,1,0,0,0,0,0,0,0,0,0,0,0,0,0,0,0,1,0,0,0,0
23.0,1.0,0.0,0.0,0.0,0.0,0.0,0.0,0.0,11.0,0.36363636363636354,1.0,0.0,0.0,0.0,0.0,0.0,0.0,0.0,1,0.0,0.0,1.0,20.0,63720005.0,1.0,0.75577325,1.0,0,1,0,0,0,0,0,0,0,0,0,0,0,0,0,0,0,1,0,0,0,0
20.0,0.0,1.0,360.0,0.0,22.0,20.0,0.0,0.0,11.0,0.09090909090909083,0.0,0.0,0.0,0.0,0.0,0.0,0.0,0.0,0,1.0,0.0,1.0,20.0,63240050.0,0.0,0.75577325,0.0,0,1,0,0,0,0,0,0,0,0,0,0,0,0,0,0,0,1,0,0,0,0
20.0,0.0,1.0,300.0,0.0,26.0,60.0,0.0,0.0,11.0,0.0,0.0,0.0,0.0,0.0,0.0,0.0,0.0,0.0,0,1.0,0.0,1.0,20.0,13120040.0,0.0,0.75577325,0.0,0,1,0,0,0,0,0,0,0,0,0,0,0,0,0,0,0,1,0,0,0,0
23.0,1.0,1.0,360.0,0.0,30.0,98.0,0.0,0.0,11.0,0.36363636363636354,1.0,0.0,0.0,0.0,0.0,0.0,0.0,0.0,1,1.0,0.0,1.0,20.0,33140020.0,0.0,0.75577325,0.0,0,1,0,0,0,0,0,0,0,0,0,0,0,0,0,0,0,1,0,0,0,0
22.0,0.0,1.0,408.0,0.0,24.0,54.0,0.0,0.0,5.0,0.18181818181818188,0.0,1.0,0.19999999999999998,0.0,0.16666666666666666,0.3361344537815126,0.0,0.0,0,1.0,1.0,1.0,20.0,53530030.0,0.0,0.75577325,0.0,0,1,0,0,0,0,0,0,0,0,0,1,0,0,0,0,0,0,0,0,0,0
22.0,0.0,1.0,381.5,0.0,26.0,48.0,0.0,0.0,11.0,0.18181818181818188,0.0,0.0,0.0,0.0,0.0,0.0,0.0,0.0,1,1.0,0.0,1.0,20.0,13710005.0,0.0,0.75577325,0.0,0,1,0,0,0,0,0,0,0,0,0,0,0,0,0,0,0,1,0,0,0,0
23.0,1.0,1.0,408.0,0.0,26.0,48.0,0.0,0.0,9.0,0.2727272727272727,0.0,0.0,0.0,0.0,0.0,0.0,0.0,0.0,1,1.0,0.0,1.0,20.0,33140020.0,1.0,0.75577325,1.0,0,1,0,0,0,0,0,0,0,0,0,0,0,0,0,1,0,0,0,0,0,0
24.0,1.0,1.0,408.0,0.0,26.0,80.0,1.0,1.0,11.0,0.36363636363636354,1.0,1.0,0.0,0.0,0.8,0.06722689075630252,0.0,0.0,1,1.0,0.0,1.0,20.0,13710005.0,0.0,0.75577325,0.0,0,1,0,0,0,0,0,0,0,0,0,0,0,0,0,0,0,1,0,0,0,0
25.0,0.0,1.0,440.0,0.0,26.0,48.0,0.0,0.0,11.0,0.5454545454545452,0.0,1.0,0.144,0.0,0.5,0.453781512605042,0.0,0.0,1,1.0,1.0,1.0,20.0,63220030.0,1.0,0.75577325,1.0,0,1,0,0,0,0,0,0,0,0,0,0,0,0,0,0,0,1,0,0,0,0
20.0,0.0,1.0,300.0,0.0,26.0,68.0,0.0,0.0,11.0,0.0,0.0,0.0,0.0,0.0,0.0,0.0,0.0,0.0,1,1.0,0.0,1.0,20.0,13120040.0,0.0,0.75577325,0.0,0,1,0,0,0,0,0,0,0,0,0,0,0,0,0,0,0,1,0,0,0,0
23.0,0.0,1.0,460.0,0.0,20.0,35.0,1.0,1.0,11.0,0.2727272727272727,0.0,1.0,0.15,0.0,0.13333333333333333,0.06722689075630252,0.0,0.0,1,1.0,1.0,1.0,20.0,13510005.0,1.0,0.75577325,1.0,0,1,0,0,0,0,0,0,0,0,0,0,0,0,0,0,0,1,0,0,0,0
20.0,0.0,1.0,408.0,0.0,26.0,64.0,1.0,1.0,11.0,0.0,0.0,1.0,0.39999999999999997,0.0,0.8666666666666667,0.40336134453781514,0.0,0.0,1,1.0,1.0,1.0,21.0,93510030.0,1.0,0.74766356,1.0,0,1,0,0,0,0,0,0,0,0,0,0,0,0,0,0,0,1,0,0,0,0
24.0,0.0,1.0,350.0,0.0,26.0,54.0,0.0,0.0,6.0,0.45454545454545436,0.0,1.0,0.3,0.0,0.8666666666666667,0.5042016806722689,0.0,0.0,0,1.0,1.0,1.0,21.0,93510030.0,1.0,0.74766356,0.0,0,1,0,0,0,0,0,0,0,0,0,0,0,1,0,0,0,0,0,0,0,0
19.0,0.0,0.0,0.0,0.0,0.0,0.0,0.0,0.0,11.0,0.0,1.0,0.0,0.0,0.0,0.0,0.0,0.0,0.0,1,0.0,0.0,1.0,21.0,93510030.0,1.0,0.74766356,1.0,0,1,0,0,0,0,0,0,0,0,0,1,0,0,0,0,0,0,0,0,0,0
22.0,0.0,1.0,390.0,0.0,26.0,60.0,1.0,1.0,7.0,0.2727272727272727,0.0,0.0,0.0,0.0,0.0,0.0,0.0,0.0,0,1.0,0.0,1.0,22.0,83310020.0,0.0,0.0,0.0,0,1,0,0,0,0,0,0,0,0,0,0,1,0,0,0,0,0,0,0,0,0
27.0,1.0,1.0,500.0,0.0,30.0,84.0,0.0,0.0,9.0,0.5454545454545452,1.0,1.0,0.0,0.0,0.9333333333333333,0.6050420168067226,0.0,0.0,0,1.0,0.0,1.0,22.0,83310020.0,0.0,0.0,0.0,0,1,0,0,0,0,0,0,0,0,0,0,0,0,0,1,0,0,0,0,0,0
23.0,0.0,1.0,408.0,0.0,26.0,48.0,1.0,1.0,11.0,0.36363636363636354,0.0,0.0,0.0,0.0,0.0,0.0,0.0,0.0,1,1.0,0.0,1.0,22.0,83310020.0,0.0,0.0,0.0,0,1,0,0,0,0,0,0,0,0,0,0,0,0,0,0,0,1,0,0,0,0
22.0,0.0,1.0,480.0,0.0,26.0,54.0,0.0,0.0,7.0,0.2727272727272727,0.0,1.0,0.3815,0.0,0.8666666666666667,0.40336134453781514,0.0,0.0,0,1.0,1.0,1.0,22.0,83310020.0,0.0,0.0,0.0,0,1,0,0,0,0,0,0,0,0,0,0,0,0,1,0,0,0,0,0,0,0
23.0,1.0,1.0,350.0,0.0,22.0,48.0,1.0,1.0,11.0,0.36363636363636354,1.0,1.0,0.358,0.0,1.0,0.7058823529411764,1.0,1.0,0,1.0,1.0,1.0,22.0,83310020.0,0.0,0.0,0.0,0,1,0,0,0,0,0,0,0,0,0,0,0,0,0,0,0,1,0,0,0,0
22.0,0.0,1.0,315.0,0.0,24.0,70.0,0.0,0.0,7.0,0.18181818181818188,0.0,1.0,0.15,0.0,1.0,0.7731092436974789,0.0,0.0,0,1.0,1.0,1.0,22.0,83310020.0,0.0,0.0,0.0,0,1,0,0,0,0,0,0,0,0,0,0,0,0,0,1,0,0,0,0,0,0
24.0,1.0,1.0,408.0,0.0,26.0,48.0,1.0,1.0,11.0,0.45454545454545436,1.0,1.0,0.358,0.0,0.8666666666666667,0.38655462184873945,1.0,1.0,1,1.0,1.0,1.0,22.0,83310020.0,0.0,0.0,0.0,0,1,0,0,0,0,0,0,0,0,0,0,0,0,0,0,0,1,0,0,0,0
20.0,0.0,1.0,408.0,0.0,20.0,48.0,1.0,1.0,11.0,0.0,0.0,0.0,0.0,0.0,0.0,0.0,0.0,0.0,0,1.0,0.0,1.0,22.0,83310020.0,0.0,0.0,0.0,0,1,0,0,0,0,0,0,0,0,0,0,0,0,0,0,0,1,0,0,0,0
25.0,1.0,1.0,408.0,0.0,26.0,48.0,1.0,1.0,11.0,0.5454545454545452,1.0,1.0,0.358,0.0,1.0,0.8067226890756303,1.0,1.0,0,1.0,1.0,1.0,22.0,83310020.0,0.0,0.0,0.0,0,1,0,0,0,0,0,0,0,0,0,0,0,0,0,0,0,1,0,0,0,0
23.0,0.0,1.0,1200.0,0.0,16.0,48.0,1.0,1.0,5.0,0.36363636363636354,0.0,1.0,0.0,0.38888888888888884,0.8666666666666667,0.40336134453781514,0.0,0.0,1,1.0,0.0,1.0,22.0,83310020.0,0.0,0.0,0.0,0,1,0,0,0,0,0,0,0,0,0,0,0,0,0,0,0,1,0,0,0,0
21.0,1.0,1.0,300.0,0.0,26.0,48.0,1.0,1.0,11.0,0.18181818181818188,1.0,0.0,0.0,0.0,0.0,0.0,0.0,0.0,0,1.0,0.0,1.0,22.0,83310020.0,0.0,0.0,0.0,0,1,0,0,0,0,0,0,0,0,0,0,0,0,0,0,0,1,0,0,0,0
20.0,0.0,1.0,300.0,0.0,30.0,77.0,0.0,0.0,5.0,0.09090909090909083,0.0,0.0,0.0,0.0,0.0,0.0,0.0,0.0,0,1.0,0.0,1.0,22.0,83310020.0,0.0,0.0,0.0,0,1,0,0,0,0,0,0,0,0,1,0,0,0,0,0,0,0,0,0,0,0
21.0,0.0,1.0,408.0,0.0,28.0,48.0,1.0,1.0,11.0,0.18181818181818188,0.0,1.0,0.5,0.0,0.6666666666666666,0.1680672268907563,0.0,0.0,1,1.0,1.0,1.0,23.0,13150005.0,0.0,0.7751196,0.0,0,1,0,0,0,0,0,0,0,0,0,0,0,0,0,0,0,1,0,0,0,0
23.0,1.0,0.0,0.0,0.0,0.0,0.0,0.0,0.0,11.0,0.2727272727272727,1.0,1.0,0.358,0.0,1.0,0.7058823529411764,1.0,1.0,1,0.0,1.0,1.0,23.0,13150005.0,1.0,0.7751196,1.0,0,1,0,0,0,0,0,0,0,0,0,0,0,0,0,0,0,1,0,0,0,0
26.0,0.0,1.0,1200.0,0.0,22.0,35.0,0.0,0.0,11.0,0.5454545454545452,0.0,1.0,0.39999999999999997,0.0,1.0,0.6470588235294117,0.0,0.0,1,1.0,1.0,1.0,23.0,13120005.0,1.0,0.7751196,1.0,0,1,0,0,0,0,0,0,0,0,0,0,0,0,0,0,0,1,0,0,0,0
20.0,0.0,1.0,360.0,0.0,26.0,48.0,0.0,0.0,11.0,0.0,0.0,0.0,0.0,0.0,0.0,0.0,0.0,0.0,0,1.0,0.0,1.0,23.0,13120005.0,0.0,0.7751196,0.0,0,1,0,0,0,0,0,0,0,0,0,0,0,0,0,0,0,1,0,0,0,0
21.0,0.0,0.0,0.0,0.0,0.0,0.0,0.0,0.0,11.0,0.09090909090909083,0.0,1.0,0.25,0.0,1.0,0.3361344537815126,0.0,0.0,1,0.0,1.0,1.0,23.0,13120005.0,0.0,0.7751196,0.0,0,1,0,0,0,0,0,0,0,0,0,0,0,0,0,0,0,1,0,0,0,0
25.0,0.0,1.0,408.0,0.0,30.0,84.0,1.0,1.0,11.0,0.5454545454545452,0.0,1.0,0.6,0.0,1.0,0.5294117647058824,0.0,0.0,0,1.0,1.0,1.0,23.0,13120005.0,1.0,0.7751196,0.0,0,1,0,0,0,0,0,0,0,0,0,0,0,0,0,0,0,1,0,0,0,0
21.0,0.0,1.0,420.0,0.0,30.0,84.0,0.0,0.0,11.0,0.09090909090909083,0.0,1.0,0.25,0.0,1.0,0.7058823529411764,0.0,0.0,0,1.0,1.0,1.0,23.0,13120005.0,1.0,0.7751196,0.0,0,1,0,0,0,0,0,0,0,0,0,0,0,0,0,0,0,1,0,0,0,0
21.0,0.0,1.0,381.5,0.0,24.0,48.0,0.0,1.0,11.0,0.09090909090909083,0.0,1.0,0.12,0.0,0.26666666666666666,0.20168067226890757,0.0,0.0,0,1.0,1.0,1.0,23.0,13120005.0,1.0,0.7751196,0.0,0,1,0,0,0,0,0,0,0,0,0,0,0,0,0,0,0,1,0,0,0,0
20.0,0.0,1.0,400.0,0.0,26.0,48.0,0.0,0.0,11.0,0.0,0.0,0.0,0.0,0.0,0.0,0.0,0.0,0.0,1,1.0,0.0,1.0,23.0,13150005.0,0.0,0.7751196,0.0,0,1,0,0,0,0,0,0,0,0,0,0,0,0,0,0,0,1,0,0,0,0
22.0,1.0,1.0,408.0,0.0,26.0,48.0,1.0,1.0,11.0,0.2727272727272727,1.0,1.0,0.3815,0.0,1.0,0.47058823529411764,1.0,1.0,1,1.0,1.0,1.0,23.0,13120005.0,1.0,0.7751196,1.0,0,1,0,0,0,0,0,0,0,0,0,0,0,0,0,0,0,1,0,0,0,0
20.0,1.0,1.0,408.0,0.0,26.0,48.0,1.0,1.0,11.0,0.09090909090909083,0.0,0.0,0.0,0.0,0.0,0.0,0.0,0.0,0,1.0,0.0,1.0,23.0,13150005.0,1.0,0.7751196,0.0,0,1,0,0,0,0,0,0,0,0,0,0,0,0,0,0,0,1,0,0,0,0
20.0,0.0,1.0,408.0,0.0,24.0,72.0,1.0,1.0,11.0,0.09090909090909083,0.0,1.0,0.36,0.0,0.6666666666666666,0.3361344537815126,0.0,0.0,1,1.0,1.0,1.0,23.0,13120005.0,0.0,0.7751196,0.0,0,1,0,0,0,0,0,0,0,0,0,0,0,0,0,0,0,1,0,0,0,0
19.0,0.0,0.0,0.0,0.0,0.0,0.0,0.0,0.0,11.0,0.0,0.0,0.0,0.0,0.0,0.0,0.0,0.0,0.0,0,0.0,0.0,1.0,23.0,13120005.0,1.0,0.7751196,0.0,0,1,0,0,0,0,0,0,0,0,0,0,0,0,0,0,0,1,0,0,0,0
24.0,0.0,1.0,120.0,0.0,26.0,48.0,0.0,0.0,11.0,0.45454545454545436,0.0,0.0,0.0,0.0,0.0,0.0,0.0,0.0,1,1.0,0.0,1.0,23.0,13150005.0,1.0,0.7751196,1.0,0,1,0,0,0,0,0,0,0,0,0,0,0,0,0,0,0,1,0,0,0,0
26.0,0.0,0.0,0.0,0.0,0.0,0.0,0.0,0.0,11.0,0.6363636363636365,0.0,1.0,0.48,0.0,0.8,0.47058823529411764,0.0,0.0,0,0.0,1.0,1.0,23.0,13150005.0,1.0,0.7751196,0.0,0,1,0,0,0,0,0,0,0,0,0,0,0,0,0,0,0,0,1,0,0,0
22.0,1.0,1.0,160.0,0.0,22.0,45.0,0.0,0.0,8.0,0.18181818181818188,1.0,0.0,0.0,0.0,0.0,0.0,0.0,0.0,1,1.0,0.0,1.0,24.0,13410105.0,1.0,0.7837838,1.0,0,1,0,0,0,0,0,0,0,0,0,0,0,1,0,0,0,0,0,0,0,0
20.0,0.0,1.0,520.0,0.0,24.0,44.0,1.0,1.0,11.0,0.0,0.0,1.0,0.358,0.0,0.6666666666666666,0.3361344537815126,0.0,0.0,1,1.0,1.0,1.0,24.0,13410105.0,0.0,0.7837838,0.0,0,1,0,0,0,0,0,0,0,0,0,0,0,0,0,0,0,0,1,0,0,0
25.0,0.0,1.0,110.0,0.0,6.0,12.0,0.0,0.0,11.0,0.5454545454545452,0.0,1.0,0.18,0.0,0.7333333333333333,0.3361344537815126,0.0,0.0,1,1.0,1.0,1.0,24.0,13410105.0,1.0,0.7837838,1.0,0,1,0,0,0,0,0,0,0,0,0,0,0,0,0,0,0,1,0,0,0,0
25.0,0.0,1.0,408.0,0.0,26.0,48.0,0.0,0.0,11.0,0.45454545454545436,0.0,1.0,0.0,0.0,1.0,0.3529411764705882,0.0,0.0,0,1.0,0.0,1.0,24.0,13410105.0,1.0,0.7837838,0.0,0,1,0,0,0,0,0,0,0,0,0,0,0,1,0,0,0,0,0,0,0,0
22.0,0.0,1.0,408.0,0.0,26.0,48.0,1.0,1.0,11.0,0.18181818181818188,0.0,0.0,0.0,0.0,0.0,0.0,0.0,0.0,0,1.0,0.0,1.0,24.0,13410105.0,1.0,0.7837838,0.0,0,1,0,0,0,0,0,0,0,0,0,0,0,0,0,0,0,1,0,0,0,0
22.0,1.0,1.0,360.0,0.0,30.0,84.0,0.0,0.0,9.0,0.18181818181818188,0.0,0.0,0.0,0.0,0.0,0.0,0.0,0.0,0,1.0,0.0,1.0,25.0,63110005.0,1.0,0.78303427,0.0,0,1,0,0,0,0,0,0,0,0,0,0,0,0,0,0,0,1,0,0,0,0
23.0,1.0,1.0,408.0,0.0,26.0,54.0,1.0,1.0,11.0,0.36363636363636354,0.0,1.0,0.44999999999999996,0.0,0.8666666666666667,0.453781512605042,0.0,1.0,1,1.0,1.0,1.0,25.0,93820005.0,0.0,0.78303427,0.0,0,1,0,0,0,0,0,0,0,0,0,0,0,0,0,0,0,1,0,0,0,0
27.0,1.0,1.0,0.0,150000.0,26.0,30.0,0.0,0.0,11.0,0.7272727272727273,1.0,0.0,0.0,0.0,0.0,0.0,0.0,0.0,0,0.0,0.0,1.0,25.0,63110005.0,1.0,0.78303427,0.0,0,1,0,0,0,0,0,0,0,0,0,0,0,0,0,0,0,1,0,0,0,0
22.0,0.0,1.0,450.0,0.0,24.0,48.0,1.0,1.0,11.0,0.18181818181818188,0.0,1.0,0.18,0.0,0.3,0.13445378151260504,0.0,0.0,1,1.0,1.0,1.0,25.0,13120040.0,1.0,0.78303427,1.0,0,1,0,0,0,0,0,0,0,0,0,0,0,0,0,0,0,1,0,0,0,0
23.0,1.0,1.0,400.0,0.0,30.0,65.0,1.0,1.0,6.0,0.36363636363636354,0.0,1.0,0.12,0.0,0.8666666666666667,0.6050420168067226,0.0,0.0,0,1.0,1.0,1.0,25.0,13410005.0,1.0,0.78303427,0.0,0,1,0,0,0,0,0,0,0,0,0,0,0,0,1,0,0,0,0,0,0,0
22.0,0.0,1.0,408.0,0.0,26.0,48.0,1.0,1.0,11.0,0.18181818181818188,0.0,0.0,0.0,0.0,0.0,0.0,0.0,0.0,1,1.0,0.0,1.0,25.0,93820005.0,1.0,0.78303427,1.0,0,1,0,0,0,0,0,0,0,0,0,0,0,0,0,0,0,1,0,0,0,0
21.0,0.0,1.0,580.0,0.0,20.0,47.0,1.0,1.0,11.0,0.18181818181818188,0.0,1.0,0.256,0.0,1.0,0.3529411764705882,1.0,1.0,1,1.0,1.0,1.0,25.0,13410005.0,1.0,0.78303427,1.0,0,1,0,0,0,0,0,0,0,0,0,0,0,0,0,0,0,1,0,0,0,0
20.0,0.0,1.0,200.0,0.0,20.0,49.0,0.0,0.0,11.0,0.0,0.0,0.0,0.0,0.0,0.0,0.0,0.0,0.0,1,1.0,0.0,1.0,25.0,63110005.0,1.0,0.78303427,1.0,0,1,0,0,0,0,0,0,0,0,0,0,0,0,0,0,0,1,0,0,0,0
21.0,0.0,1.0,408.0,0.0,22.0,40.0,1.0,1.0,11.0,0.18181818181818188,0.0,1.0,0.12,0.0,0.26666666666666666,0.13445378151260504,0.0,0.0,1,1.0,1.0,1.0,25.0,93820005.0,0.0,0.78303427,0.0,0,1,0,0,0,0,0,0,0,0,0,0,0,0,0,0,0,1,0,0,0,0
22.0,0.0,0.0,0.0,0.0,0.0,0.0,0.0,0.0,11.0,0.2727272727272727,0.0,0.0,0.0,0.0,0.0,0.0,0.0,0.0,1,0.0,0.0,1.0,25.0,13120040.0,1.0,0.78303427,1.0,0,1,0,0,0,0,0,0,0,0,0,0,0,0,0,0,0,1,0,0,0,0
22.0,0.0,1.0,0.0,96000.0,8.0,24.0,0.0,0.0,11.0,0.2727272727272727,0.0,1.0,0.3,0.0,0.8,0.42016806722689076,0.0,0.0,1,0.0,1.0,1.0,25.0,93820005.0,1.0,0.78303427,1.0,0,1,0,0,0,0,0,0,0,0,0,0,0,0,0,0,0,1,0,0,0,0
25.0,0.0,1.0,650.0,0.0,30.0,74.0,0.0,1.0,11.0,0.5454545454545452,0.0,1.0,0.0,0.3333333333333333,0.8666666666666667,0.25210084033613445,0.0,0.0,0,1.0,0.0,1.0,25.0,93820005.0,0.0,0.78303427,0.0,0,1,0,0,0,0,0,0,0,0,0,0,0,0,0,0,0,1,0,0,0,0
26.0,0.0,1.0,240.0,0.0,22.0,40.0,0.0,0.0,5.0,0.5454545454545452,0.0,0.0,0.0,0.0,0.0,0.0,0.0,0.0,0,1.0,0.0,1.0,25.0,63110005.0,0.0,0.78303427,0.0,0,1,0,0,0,0,0,0,0,0,0,1,0,0,0,0,0,0,0,0,0,0
23.0,0.0,1.0,408.0,0.0,26.0,48.0,1.0,1.0,11.0,0.2727272727272727,0.0,0.0,0.0,0.0,0.0,0.0,0.0,0.0,1,1.0,0.0,1.0,25.0,63110005.0,0.0,0.78303427,0.0,0,1,0,0,0,0,0,0,0,0,0,0,0,0,0,0,0,1,0,0,0,0
22.0,1.0,1.0,250.0,0.0,20.0,24.0,0.0,0.0,11.0,0.18181818181818188,0.0,1.0,0.39999999999999997,0.0,0.6666666666666666,0.29411764705882354,1.0,1.0,1,1.0,1.0,1.0,25.0,93820005.0,1.0,0.78303427,1.0,0,1,0,0,0,0,0,0,0,0,0,0,0,0,0,0,0,1,0,0,0,0
21.0,0.0,1.0,381.5,0.0,30.0,70.0,0.0,1.0,11.0,0.18181818181818188,0.0,0.0,0.0,0.0,0.0,0.0,0.0,0.0,1,1.0,0.0,1.0,25.0,13120040.0,1.0,0.78303427,1.0,0,1,0,0,0,0,0,0,0,0,0,0,0,0,0,0,0,1,0,0,0,0
20.0,0.0,0.0,0.0,0.0,0.0,0.0,0.0,0.0,12.0,0.0,0.0,0.0,0.0,0.0,0.0,0.0,0.0,0.0,1,0.0,0.0,1.0,25.0,13410005.0,0.0,0.78303427,0.0,0,1,0,0,0,0,0,0,0,0,0,0,0,0,0,0,0,1,0,0,0,0
23.0,0.0,1.0,408.0,0.0,26.0,48.0,0.0,1.0,11.0,0.2727272727272727,0.0,1.0,0.358,0.0,1.0,0.6386554621848739,0.0,0.0,1,1.0,1.0,1.0,25.0,13410005.0,0.0,0.78303427,0.0,0,1,0,0,0,0,0,0,0,0,0,0,0,0,0,0,0,1,0,0,0,0
20.0,0.0,1.0,408.0,0.0,20.0,84.0,1.0,1.0,11.0,0.09090909090909083,0.0,0.0,0.0,0.0,0.0,0.0,0.0,0.0,1,1.0,0.0,1.0,25.0,93820005.0,0.0,0.78303427,0.0,0,1,0,0,0,0,0,0,0,0,0,0,0,0,0,0,0,1,0,0,0,0
23.0,0.0,1.0,408.0,0.0,20.0,40.0,1.0,1.0,11.0,0.36363636363636354,0.0,0.0,0.0,0.0,0.0,0.0,0.0,0.0,1,1.0,0.0,1.0,26.0,13530005.0,1.0,0.754717,1.0,0,1,0,0,0,0,0,0,0,0,0,0,0,0,0,0,0,1,0,0,0,0
23.0,0.0,1.0,900.0,0.0,20.0,50.0,0.0,0.0,10.0,0.2727272727272727,0.0,0.0,0.0,0.0,0.0,0.0,0.0,0.0,1,1.0,0.0,1.0,26.0,13620010.0,0.0,0.754717,0.0,0,1,0,0,0,0,0,0,0,0,0,0,0,0,0,0,1,0,0,0,0,0
24.0,0.0,1.0,381.5,0.0,26.0,54.0,1.0,1.0,11.0,0.36363636363636354,1.0,1.0,0.12,0.0,0.3333333333333333,0.3361344537815126,0.0,0.0,1,1.0,1.0,1.0,26.0,13620010.0,1.0,0.754717,1.0,0,1,0,0,0,0,0,0,0,0,0,0,0,0,0,0,0,1,0,0,0,0
23.0,0.0,1.0,500.0,0.0,30.0,84.0,0.0,0.0,10.0,0.2727272727272727,0.0,1.0,0.0,0.3333333333333333,0.7333333333333333,0.5042016806722689,0.0,0.0,0,1.0,0.0,1.0,26.0,13530005.0,0.0,0.754717,0.0,0,1,0,0,0,0,0,0,0,0,0,0,0,0,0,1,0,0,0,0,0,0
22.0,0.0,1.0,600.0,0.0,30.0,48.0,1.0,1.0,11.0,0.18181818181818188,0.0,1.0,0.13,0.0,0.8666666666666667,0.40336134453781514,1.0,1.0,0,1.0,1.0,1.0,26.0,13530005.0,1.0,0.754717,0.0,0,1,0,0,0,0,0,0,0,0,0,0,0,0,0,0,0,1,0,0,0,0
23.0,0.0,1.0,400.0,0.0,26.0,48.0,1.0,1.0,11.0,0.2727272727272727,0.0,1.0,0.16,0.0,1.0,0.7058823529411764,0.0,1.0,1,1.0,1.0,1.0,26.0,13620010.0,0.0,0.754717,0.0,0,1,0,0,0,0,0,0,0,0,0,0,0,0,0,0,0,1,0,0,0,0
23.0,1.0,1.0,408.0,0.0,26.0,54.0,1.0,1.0,11.0,0.2727272727272727,0.0,1.0,0.358,0.0,0.6666666666666666,0.40336134453781514,1.0,1.0,1,1.0,1.0,1.0,26.0,13530005.0,1.0,0.754717,1.0,0,1,0,0,0,0,0,0,0,0,0,0,0,0,0,0,0,1,0,0,0,0
23.0,0.0,1.0,381.5,0.0,26.0,48.0,0.0,0.0,11.0,0.2727272727272727,0.0,1.0,0.26,0.0,0.8666666666666667,0.25210084033613445,0.0,0.0,0,1.0,1.0,1.0,26.0,13620010.0,1.0,0.754717,0.0,0,1,0,0,0,0,0,0,0,0,0,0,0,0,1,0,0,0,0,0,0,0
23.0,1.0,1.0,408.0,0.0,26.0,48.0,1.0,1.0,11.0,0.2727272727272727,0.0,1.0,0.16,0.0,0.8333333333333334,0.25210084033613445,0.0,0.0,1,1.0,1.0,1.0,26.0,13530005.0,1.0,0.754717,1.0,0,1,0,0,0,0,0,0,0,0,0,0,0,0,0,0,0,1,0,0,0,0
22.0,0.0,1.0,300.0,0.0,30.0,63.0,0.0,0.0,11.0,0.2727272727272727,1.0,0.0,0.0,0.0,0.0,0.0,0.0,0.0,1,1.0,0.0,1.0,26.0,13620010.0,1.0,0.754717,1.0,0,1,0,0,0,0,0,0,0,0,0,0,0,0,0,0,0,1,0,0,0,0
21.0,1.0,1.0,440.0,0.0,26.0,48.0,1.0,1.0,11.0,0.09090909090909083,1.0,0.0,0.0,0.0,0.0,0.0,0.0,0.0,0,1.0,0.0,1.0,26.0,13620010.0,1.0,0.754717,0.0,0,1,0,0,0,0,0,0,0,0,0,0,0,0,0,0,0,1,0,0,0,0
23.0,0.0,1.0,390.0,0.0,26.0,54.0,0.0,0.0,11.0,0.2727272727272727,0.0,1.0,0.055999999999999994,0.0,0.26666666666666666,0.20168067226890757,0.0,0.0,1,1.0,1.0,1.0,26.0,13620010.0,1.0,0.754717,1.0,0,1,0,0,0,0,0,0,0,0,0,0,0,0,0,0,0,1,0,0,0,0
23.0,1.0,1.0,150.0,0.0,20.0,48.0,0.0,0.0,11.0,0.2727272727272727,1.0,1.0,0.064,0.0,0.13333333333333333,0.06722689075630252,0.0,0.0,0,1.0,1.0,1.0,26.0,13620010.0,1.0,0.754717,0.0,0,1,0,0,0,0,0,0,0,0,0,0,0,0,0,0,0,1,0,0,0,0
24.0,0.0,0.0,0.0,0.0,0.0,0.0,0.0,0.0,11.0,0.36363636363636354,0.0,0.0,0.0,0.0,0.0,0.0,0.0,0.0,0,0.0,0.0,1.0,26.0,13530005.0,1.0,0.754717,0.0,0,1,0,0,0,0,0,0,0,0,0,0,0,0,0,0,0,1,0,0,0,0
24.0,0.0,1.0,200.0,0.0,20.0,25.0,0.0,0.0,11.0,0.45454545454545436,0.0,0.0,0.0,0.0,0.0,0.0,0.0,0.0,0,1.0,0.0,1.0,26.0,13530005.0,1.0,0.754717,0.0,0,1,0,0,0,0,0,0,0,0,0,0,0,0,0,0,0,1,0,0,0,0
23.0,0.0,0.0,0.0,0.0,0.0,0.0,0.0,0.0,11.0,0.2727272727272727,0.0,1.0,0.15,0.0,1.0,0.20168067226890757,0.0,0.0,1,0.0,1.0,1.0,26.0,13530005.0,0.0,0.754717,0.0,0,1,0,0,0,0,0,0,0,0,0,0,0,0,0,0,0,1,0,0,0,0
23.0,0.0,1.0,240.0,0.0,26.0,48.0,0.0,0.0,9.0,0.36363636363636354,0.0,1.0,0.18,0.0,0.8666666666666667,0.40336134453781514,0.0,0.0,0,1.0,1.0,1.0,26.0,13620010.0,1.0,0.754717,0.0,0,1,0,0,0,0,0,0,0,0,0,0,0,0,0,0,1,0,0,0,0,0
19.0,0.0,1.0,225.0,0.0,15.0,54.0,0.0,0.0,11.0,0.0,0.0,1.0,0.107,0.0,0.5,0.7058823529411764,0.0,0.0,1,1.0,1.0,1.0,27.0,13410005.0,0.0,0.7407407,0.0,0,1,0,0,0,0,0,0,0,0,0,0,0,0,0,0,0,1,0,0,0,0
23.0,1.0,0.0,0.0,0.0,0.0,0.0,0.0,0.0,5.0,0.2727272727272727,1.0,0.0,0.0,0.0,0.0,0.0,0.0,0.0,0,0.0,0.0,1.0,27.0,93510005.0,1.0,0.7407407,0.0,0,1,0,0,0,0,0,0,0,0,0,1,0,0,0,0,0,0,0,0,0,0
20.0,0.0,1.0,408.0,0.0,26.0,48.0,1.0,1.0,11.0,0.09090909090909083,0.0,1.0,0.8999999999999999,0.0,1.0,0.6050420168067226,0.0,0.0,0,1.0,1.0,1.0,27.0,13410005.0,0.0,0.7407407,0.0,0,1,0,0,0,0,0,0,0,0,0,0,0,0,0,0,0,1,0,0,0,0
19.0,0.0,1.0,400.0,0.0,26.0,48.0,0.0,0.0,11.0,0.0,0.0,0.0,0.0,0.0,0.0,0.0,0.0,0.0,0,1.0,0.0,1.0,27.0,13410005.0,1.0,0.7407407,0.0,0,1,0,0,0,0,0,0,0,0,0,0,0,0,0,0,0,1,0,0,0,0
27.0,1.0,0.0,0.0,0.0,0.0,0.0,0.0,0.0,6.0,0.6363636363636365,1.0,1.0,0.0,0.2222222222222222,1.0,0.5042016806722689,0.0,0.0,0,0.0,0.0,1.0,27.0,93510005.0,1.0,0.7407407,0.0,0,1,0,0,0,0,0,0,0,0,0,0,1,0,0,0,0,0,0,0,0,0
25.0,0.0,1.0,600.0,0.0,26.0,48.0,0.0,0.0,11.0,0.5454545454545452,0.0,0.0,0.0,0.0,0.0,0.0,0.0,0.0,0,1.0,0.0,1.0,27.0,93510005.0,1.0,0.7407407,0.0,0,1,0,0,0,0,0,0,0,0,0,0,0,0,0,0,0,1,0,0,0,0
23.0,1.0,1.0,260.0,0.0,12.0,28.0,0.0,0.0,10.0,0.36363636363636354,1.0,1.0,0.44999999999999996,0.0,1.0,0.5294117647058824,0.0,0.0,0,1.0,1.0,1.0,27.0,93510005.0,1.0,0.7407407,0.0,0,1,0,0,0,0,0,0,0,0,0,1,0,0,0,0,0,0,0,0,0,0
25.0,0.0,1.0,0.0,180000.0,28.0,60.0,0.0,0.0,11.0,0.45454545454545436,0.0,1.0,0.18,0.0,0.6666666666666666,0.3361344537815126,0.0,0.0,1,0.0,1.0,1.0,27.0,93510005.0,0.0,0.7407407,0.0,0,1,0,0,0,0,0,0,0,0,0,0,0,0,0,0,0,1,0,0,0,0
20.0,0.0,1.0,500.0,0.0,24.0,72.0,1.0,0.0,11.0,0.09090909090909083,0.0,1.0,0.048,0.0,0.13333333333333333,0.1092436974789916,0.0,0.0,1,1.0,1.0,1.0,27.0,93510005.0,1.0,0.7407407,1.0,0,1,0,0,0,0,0,0,0,0,0,0,0,0,0,0,0,1,0,0,0,0
25.0,0.0,1.0,408.0,0.0,26.0,48.0,0.0,0.0,3.0,0.45454545454545436,0.0,1.0,0.3,0.0,0.8666666666666667,0.7731092436974789,0.0,1.0,1,1.0,1.0,1.0,27.0,93510005.0,1.0,0.7407407,1.0,0,1,0,0,0,0,0,0,0,0,0,1,0,0,0,0,0,0,0,0,0,0
22.0,1.0,1.0,500.0,0.0,26.0,60.0,0.0,1.0,11.0,0.18181818181818188,0.0,1.0,0.3,0.0,0.8666666666666667,0.5042016806722689,0.0,0.0,0,1.0,1.0,1.0,27.0,13410005.0,0.0,0.7407407,0.0,0,1,0,0,0,0,0,0,0,0,0,0,0,0,0,0,0,1,0,0,0,0
19.0,0.0,0.0,0.0,0.0,0.0,0.0,0.0,0.0,11.0,0.0,0.0,0.0,0.0,0.0,0.0,0.0,0.0,0.0,1,0.0,0.0,1.0,27.0,13410005.0,1.0,0.7407407,1.0,0,1,0,0,0,0,0,0,0,0,0,0,0,0,0,0,0,1,0,0,0,0
19.0,0.0,1.0,300.0,0.0,26.0,42.0,1.0,1.0,11.0,0.0,0.0,0.0,0.0,0.0,0.0,0.0,0.0,0.0,0,1.0,0.0,1.0,27.0,13410005.0,1.0,0.7407407,0.0,0,1,0,0,0,0,0,0,0,0,0,0,0,0,0,0,0,1,0,0,0,0
23.0,0.0,1.0,360.0,0.0,20.0,45.0,0.0,0.0,11.0,0.2727272727272727,0.0,1.0,0.296,0.0,0.9666666666666667,0.7058823529411764,0.0,0.0,1,1.0,1.0,1.0,27.0,93510005.0,1.0,0.7407407,1.0,0,1,0,0,0,0,0,0,0,0,0,0,0,0,0,0,0,1,0,0,0,0
19.0,1.0,1.0,520.0,0.0,26.0,66.0,0.0,0.0,9.0,0.0,1.0,1.0,0.0,0.04444444444444444,1.0,0.11764705882352941,0.0,0.0,1,1.0,0.0,1.0,27.0,13410005.0,1.0,0.7407407,1.0,0,1,0,0,0,0,0,0,0,0,0,0,0,0,0,0,0,1,0,0,0,0
24.0,1.0,1.0,408.0,0.0,26.0,48.0,1.0,1.0,11.0,0.36363636363636354,1.0,0.0,0.0,0.0,0.0,0.0,0.0,0.0,0,1.0,0.0,1.0,28.0,63110010.0,1.0,0.7417582,0.0,0,1,0,0,0,0,0,0,0,0,0,0,0,0,0,0,0,1,0,0,0,0
20.0,0.0,1.0,381.5,0.0,26.0,54.0,1.0,1.0,11.0,0.0,0.0,0.0,0.0,0.0,0.0,0.0,0.0,0.0,1,1.0,0.0,1.0,28.0,63110010.0,0.0,0.7417582,0.0,0,1,0,0,0,0,0,0,0,0,0,0,0,0,0,0,0,1,0,0,0,0
23.0,0.0,1.0,0.0,0.0,30.0,56.0,0.0,0.0,11.0,0.2727272727272727,0.0,1.0,0.0,0.0,0.8,0.7563025210084033,0.0,0.0,1,0.0,0.0,1.0,28.0,93510040.0,1.0,0.7417582,1.0,0,1,0,0,0,0,0,0,0,0,0,0,0,0,0,0,0,1,0,0,0,0
24.0,0.0,1.0,200.0,0.0,16.0,68.0,0.0,0.0,11.0,0.36363636363636354,0.0,1.0,0.25,0.0,0.8666666666666667,0.13445378151260504,1.0,0.0,1,1.0,1.0,1.0,28.0,63110010.0,1.0,0.7417582,1.0,0,1,0,0,0,0,0,0,0,0,0,0,0,0,0,0,0,1,0,0,0,0
23.0,0.0,1.0,312.0,0.0,26.0,54.0,0.0,0.0,11.0,0.2727272727272727,0.0,0.0,0.0,0.0,0.0,0.0,0.0,0.0,0,1.0,0.0,1.0,28.0,63110010.0,0.0,0.7417582,0.0,0,1,0,0,0,0,0,0,0,0,0,0,0,0,0,0,0,1,0,0,0,0
22.0,0.0,1.0,408.0,0.0,26.0,48.0,1.0,1.0,11.0,0.18181818181818188,0.0,1.0,0.3815,0.0,1.0,0.5882352941176471,1.0,1.0,1,1.0,1.0,1.0,28.0,63110010.0,1.0,0.7417582,1.0,0,1,0,0,0,0,0,0,0,0,0,0,0,0,0,0,0,1,0,0,0,0
25.0,1.0,1.0,210.0,0.0,18.0,84.0,0.0,0.0,11.0,0.45454545454545436,1.0,0.0,0.0,0.0,0.0,0.0,0.0,0.0,1,1.0,0.0,1.0,28.0,93510040.0,1.0,0.7417582,1.0,0,1,0,0,0,0,0,0,0,0,0,0,0,1,0,0,0,0,0,0,0,0
24.0,0.0,1.0,408.0,0.0,26.0,48.0,1.0,1.0,11.0,0.36363636363636354,0.0,1.0,0.36,0.0,1.0,0.47058823529411764,0.0,1.0,1,1.0,1.0,1.0,28.0,93510040.0,0.0,0.7417582,0.0,0,1,0,0,0,0,0,0,0,0,0,0,0,0,0,0,0,1,0,0,0,0
23.0,0.0,0.0,0.0,0.0,0.0,0.0,0.0,0.0,11.0,0.36363636363636354,0.0,1.0,0.358,0.0,0.8666666666666667,0.40336134453781514,0.0,0.0,0,0.0,1.0,1.0,28.0,93510040.0,1.0,0.7417582,0.0,0,1,0,0,0,0,0,0,0,0,0,0,0,0,0,0,0,1,0,0,0,0
20.0,0.0,1.0,408.0,0.0,26.0,48.0,1.0,1.0,11.0,0.0,0.0,1.0,0.32799999999999996,0.0,0.8666666666666667,0.36974789915966383,0.0,0.0,1,1.0,1.0,1.0,28.0,93510040.0,0.0,0.7417582,0.0,0,1,0,0,0,0,0,0,0,0,0,0,0,0,0,0,0,1,0,0,0,0
20.0,0.0,0.0,0.0,0.0,0.0,0.0,0.0,0.0,11.0,0.0,0.0,0.0,0.0,0.0,0.0,0.0,0.0,0.0,1,0.0,0.0,1.0,28.0,63110010.0,1.0,0.7417582,1.0,0,1,0,0,0,0,0,0,0,0,0,0,0,0,0,0,0,1,0,0,0,0
22.0,0.0,0.0,0.0,0.0,0.0,0.0,0.0,0.0,11.0,0.2727272727272727,0.0,1.0,0.32,0.0,1.0,0.3361344537815126,0.0,0.0,1,0.0,1.0,1.0,28.0,63110010.0,1.0,0.7417582,1.0,0,1,0,0,0,0,0,0,0,0,0,0,0,0,0,0,0,1,0,0,0,0
22.0,0.0,1.0,280.0,0.0,20.0,40.0,0.0,0.0,11.0,0.18181818181818188,1.0,1.0,0.48,0.0,0.7333333333333333,0.3361344537815126,0.0,0.0,0,1.0,1.0,1.0,28.0,93510040.0,1.0,0.7417582,0.0,0,1,0,0,0,0,0,0,0,0,0,0,0,0,0,0,0,1,0,0,0,0
23.0,0.0,1.0,408.0,0.0,26.0,72.0,1.0,1.0,9.0,0.2727272727272727,0.0,1.0,0.3815,0.0,0.8666666666666667,0.40336134453781514,1.0,1.0,0,1.0,1.0,1.0,28.0,93510040.0,1.0,0.7417582,0.0,0,1,0,0,0,0,0,0,0,0,0,0,0,0,0,1,0,0,0,0,0,0
25.0,1.0,0.0,0.0,0.0,0.0,0.0,0.0,0.0,10.0,0.45454545454545436,1.0,1.0,0.39799999999999996,0.0,0.7333333333333333,0.1680672268907563,0.0,1.0,0,0.0,1.0,1.0,29.0,13620010.0,1.0,0.75376886,0.0,0,1,0,0,0,0,0,0,0,0,0,0,0,0,0,0,0,1,0,0,0,0
24.0,0.0,1.0,55.0,0.0,26.0,48.0,0.0,0.0,11.0,0.36363636363636354,0.0,1.0,0.12,0.0,0.8,0.5042016806722689,0.0,0.0,1,1.0,1.0,1.0,29.0,23220005.0,0.0,0.75376886,0.0,0,1,0,0,0,0,0,0,0,0,0,0,0,0,0,0,0,1,0,0,0,0
26.0,0.0,1.0,300.0,0.0,26.0,48.0,0.0,0.0,11.0,0.6363636363636365,0.0,1.0,0.0,0.27777777777777773,0.9333333333333333,0.5882352941176471,0.0,0.0,0,1.0,0.0,1.0,29.0,13620010.0,0.0,0.75376886,0.0,0,1,0,0,0,0,0,0,0,0,0,0,0,0,0,0,0,1,0,0,0,0
24.0,0.0,1.0,360.0,0.0,26.0,48.0,1.0,0.0,11.0,0.36363636363636354,0.0,0.0,0.0,0.0,0.0,0.0,0.0,0.0,1,1.0,0.0,1.0,29.0,63240050.0,1.0,0.75376886,1.0,0,1,0,0,0,0,0,0,0,0,0,0,0,0,0,0,0,1,0,0,0,0
22.0,0.0,1.0,381.5,0.0,26.0,48.0,0.0,0.0,11.0,0.18181818181818188,0.0,0.0,0.0,0.0,0.0,0.0,0.0,0.0,0,1.0,0.0,1.0,29.0,13620010.0,0.0,0.75376886,0.0,0,1,0,0,0,0,0,0,0,0,0,0,0,0,0,0,0,1,0,0,0,0
21.0,0.0,1.0,408.0,0.0,26.0,48.0,0.0,1.0,7.0,0.18181818181818188,0.0,1.0,0.5,0.0,1.0,0.5882352941176471,1.0,0.0,0,1.0,1.0,1.0,29.0,13620010.0,0.0,0.75376886,0.0,0,1,0,0,0,0,0,0,0,0,0,0,0,1,0,0,0,0,0,0,0,0
24.0,0.0,1.0,408.0,0.0,26.0,60.0,1.0,1.0,11.0,0.36363636363636354,0.0,1.0,0.325,0.0,0.2,0.6050420168067226,0.0,0.0,0,1.0,1.0,1.0,29.0,13620010.0,0.0,0.75376886,0.0,0,1,0,0,0,0,0,0,0,0,0,0,0,0,0,0,0,1,0,0,0,0
23.0,0.0,1.0,250.0,0.0,22.0,35.0,0.0,1.0,11.0,0.36363636363636354,0.0,0.0,0.0,0.0,0.0,0.0,0.0,0.0,0,1.0,0.0,1.0,29.0,13620010.0,0.0,0.75376886,0.0,0,1,0,0,0,0,0,0,0,0,0,0,0,0,0,0,0,1,0,0,0,0
26.0,0.0,1.0,408.0,0.0,22.0,48.0,1.0,1.0,11.0,0.6363636363636365,0.0,0.0,0.0,0.0,0.0,0.0,0.0,0.0,1,1.0,0.0,1.0,29.0,63240050.0,0.0,0.75376886,0.0,0,1,0,0,0,0,0,0,0,0,0,0,0,0,0,0,0,1,0,0,0,0
21.0,0.0,1.0,0.0,350000.0,26.0,60.0,0.0,0.0,9.0,0.18181818181818188,0.0,1.0,0.0,0.16666666666666666,1.0,0.47058823529411764,0.0,0.0,0,0.0,0.0,1.0,29.0,63240050.0,0.0,0.75376886,0.0,0,1,0,0,0,0,0,0,0,0,0,0,0,0,0,1,0,0,0,0,0,0
25.0,1.0,1.0,280.0,0.0,26.0,48.0,0.0,0.0,5.0,0.45454545454545436,1.0,1.0,0.3815,0.0,0.8666666666666667,0.40336134453781514,0.0,0.0,0,1.0,1.0,1.0,29.0,13620010.0,0.0,0.75376886,0.0,0,1,0,0,0,0,0,0,0,0,0,1,0,0,0,0,0,0,0,0,0,0
24.0,1.0,1.0,750.0,0.0,26.0,60.0,0.0,0.0,11.0,0.36363636363636354,1.0,1.0,0.25,0.0,0.7333333333333333,0.40336134453781514,0.0,0.0,0,1.0,1.0,1.0,29.0,13620010.0,0.0,0.75376886,0.0,0,1,0,0,0,0,0,0,0,0,0,0,0,0,0,0,0,1,0,0,0,0
23.0,1.0,0.0,0.0,0.0,0.0,0.0,0.0,0.0,11.0,0.2727272727272727,0.0,1.0,0.44,0.0,0.8666666666666667,0.40336134453781514,1.0,1.0,1,0.0,1.0,1.0,29.0,13620010.0,1.0,0.75376886,1.0,0,1,0,0,0,0,0,0,0,0,0,0,0,0,0,0,0,1,0,0,0,0
25.0,0.0,0.0,0.0,0.0,0.0,0.0,0.0,0.0,11.0,0.45454545454545436,0.0,1.0,0.078,0.0,0.6666666666666666,0.3361344537815126,0.0,0.0,1,0.0,1.0,1.0,29.0,23220005.0,1.0,0.75376886,1.0,0,1,0,0,0,0,0,0,0,0,0,0,0,0,0,0,0,1,0,0,0,0
22.0,0.0,1.0,0.0,200000.0,20.0,55.0,0.0,0.0,8.0,0.18181818181818188,0.0,1.0,0.19999999999999998,0.0,0.7333333333333333,0.21008403361344538,0.0,0.0,1,0.0,1.0,1.0,29.0,63240050.0,1.0,0.75376886,1.0,0,1,0,0,0,0,0,0,0,0,0,0,0,0,1,0,0,0,0,0,0,0
23.0,0.0,1.0,120.0,0.0,8.0,24.0,0.0,0.0,11.0,0.36363636363636354,0.0,1.0,0.0,0.19999999999999998,0.4,0.2184873949579832,0.0,0.0,1,1.0,0.0,1.0,29.0,13620010.0,1.0,0.75376886,1.0,0,1,0,0,0,0,0,0,0,0,0,0,0,0,0,0,0,1,0,0,0,0
20.0,0.0,0.0,0.0,0.0,0.0,0.0,0.0,0.0,8.0,0.09090909090909083,0.0,1.0,0.3,0.0,1.0,0.38655462184873945,0.0,0.0,1,0.0,1.0,1.0,29.0,63240050.0,1.0,0.75376886,1.0,0,1,0,0,0,0,0,0,0,0,0,0,0,1,0,0,0,0,0,0,0,0
26.0,0.0,1.0,408.0,0.0,30.0,48.0,0.0,1.0,11.0,0.6363636363636365,0.0,0.0,0.0,0.0,0.0,0.0,0.0,0.0,1,1.0,0.0,1.0,29.0,13620010.0,1.0,0.75376886,1.0,0,1,0,0,0,0,0,0,0,0,0,0,0,0,0,0,0,1,0,0,0,0
24.0,0.0,1.0,0.0,140000.0,26.0,24.0,0.0,0.0,7.0,0.45454545454545436,0.0,1.0,0.27999999999999997,0.0,0.9333333333333333,0.5210084033613445,0.0,0.0,0,0.0,1.0,1.0,29.0,63240050.0,1.0,0.75376886,0.0,0,1,0,0,0,0,0,0,0,0,0,0,0,1,0,0,0,0,0,0,0,0
22.0,0.0,0.0,0.0,0.0,0.0,0.0,0.0,0.0,7.0,0.2727272727272727,0.0,0.0,0.0,0.0,0.0,0.0,0.0,0.0,1,0.0,0.0,1.0,31.0,13620010.0,1.0,0.753125,1.0,0,1,0,0,0,0,0,0,0,0,0,0,0,1,0,0,0,0,0,0,0,0
23.0,0.0,1.0,320.0,0.0,20.0,40.0,0.0,0.0,11.0,0.2727272727272727,0.0,1.0,0.19999999999999998,0.0,0.4,0.1764705882352941,0.0,0.0,1,1.0,1.0,1.0,31.0,13620010.0,0.0,0.753125,0.0,0,1,0,0,0,0,0,0,0,0,0,0,0,0,0,0,0,1,0,0,0,0
20.0,0.0,0.0,0.0,0.0,0.0,0.0,0.0,0.0,10.0,0.0,0.0,0.0,0.0,0.0,0.0,0.0,0.0,0.0,0,0.0,0.0,1.0,31.0,63110220.0,0.0,0.753125,0.0,0,1,0,0,0,0,0,0,0,0,0,0,0,0,0,0,1,0,0,0,0,0
24.0,0.0,1.0,360.0,0.0,26.0,60.0,0.0,0.0,11.0,0.36363636363636354,0.0,1.0,0.13599999999999998,0.0,0.26666666666666666,0.40336134453781514,0.0,0.0,0,1.0,1.0,1.0,31.0,63110235.0,1.0,0.753125,0.0,0,1,0,0,0,0,0,0,0,0,0,0,0,0,0,0,0,1,0,0,0,0
21.0,0.0,1.0,250.0,0.0,15.0,36.0,0.0,0.0,11.0,0.09090909090909083,0.0,1.0,0.25,0.0,0.8666666666666667,0.5042016806722689,0.0,0.0,1,1.0,1.0,1.0,31.0,63110235.0,1.0,0.753125,1.0,0,1,0,0,0,0,0,0,0,0,0,0,0,0,1,0,0,0,0,0,0,0
21.0,1.0,1.0,389.0,0.0,26.0,48.0,1.0,1.0,11.0,0.09090909090909083,0.0,1.0,0.3815,0.0,0.8666666666666667,0.40336134453781514,0.0,0.0,0,1.0,1.0,1.0,31.0,63110220.0,1.0,0.753125,0.0,0,1,0,0,0,0,0,0,0,0,0,0,0,0,0,0,0,1,0,0,0,0
25.0,0.0,1.0,500.0,0.0,26.0,48.0,1.0,1.0,11.0,0.45454545454545436,0.0,0.0,0.0,0.0,0.0,0.0,0.0,0.0,0,1.0,0.0,1.0,31.0,13620010.0,0.0,0.753125,0.0,0,1,0,0,0,0,0,0,0,0,0,0,0,0,0,0,0,1,0,0,0,0
24.0,0.0,0.0,0.0,0.0,0.0,0.0,0.0,0.0,11.0,0.36363636363636354,0.0,1.0,0.12,0.0,0.26666666666666666,0.20168067226890757,0.0,0.0,0,0.0,1.0,1.0,31.0,63110220.0,1.0,0.753125,0.0,0,1,0,0,0,0,0,0,0,0,0,0,0,0,0,0,0,1,0,0,0,0
26.0,1.0,1.0,264.0,0.0,22.0,40.0,0.0,0.0,9.0,0.5454545454545452,1.0,1.0,0.39999999999999997,0.0,1.0,0.7058823529411764,0.0,0.0,0,1.0,1.0,1.0,31.0,63110220.0,1.0,0.753125,0.0,0,1,0,0,0,0,0,0,0,0,0,0,0,0,0,1,0,0,0,0,0,0
22.0,0.0,1.0,0.0,30000.0,26.0,24.0,0.0,0.0,11.0,0.2727272727272727,0.0,1.0,0.15,0.0,1.0,0.3529411764705882,0.0,0.0,1,0.0,1.0,1.0,31.0,63110235.0,0.0,0.753125,0.0,0,1,0,0,0,0,0,0,0,0,0,0,0,0,0,0,0,1,0,0,0,0
21.0,0.0,1.0,250.0,0.0,26.0,72.0,0.0,0.0,9.0,0.18181818181818188,0.0,0.0,0.0,0.0,0.0,0.0,0.0,0.0,0,1.0,0.0,1.0,31.0,63110220.0,1.0,0.753125,0.0,0,1,0,0,0,0,0,0,0,0,0,0,0,0,0,1,0,0,0,0,0,0
22.0,0.0,1.0,408.0,0.0,26.0,48.0,1.0,1.0,11.0,0.18181818181818188,0.0,0.0,0.0,0.0,0.0,0.0,0.0,0.0,1,1.0,0.0,1.0,31.0,63110220.0,0.0,0.753125,0.0,0,1,0,0,0,0,0,0,0,0,0,0,0,0,0,0,1,0,0,0,0,0
26.0,0.0,1.0,350.0,0.0,24.0,48.0,1.0,0.0,11.0,0.5454545454545452,0.0,0.0,0.0,0.0,0.0,0.0,0.0,0.0,1,1.0,0.0,1.0,31.0,13620010.0,0.0,0.753125,0.0,0,1,0,0,0,0,0,0,0,0,0,0,0,0,0,0,0,1,0,0,0,0
23.0,0.0,1.0,650.0,0.0,26.0,48.0,1.0,1.0,11.0,0.36363636363636354,0.0,0.0,0.0,0.0,0.0,0.0,0.0,0.0,1,1.0,0.0,1.0,31.0,13620010.0,0.0,0.753125,0.0,0,1,0,0,0,0,0,0,0,0,0,0,0,0,0,0,0,1,0,0,0,0
25.0,0.0,1.0,545.0,0.0,28.0,84.0,1.0,0.0,11.0,0.45454545454545436,0.0,0.0,0.0,0.0,0.0,0.0,0.0,0.0,0,1.0,0.0,1.0,31.0,13620010.0,0.0,0.753125,0.0,0,1,0,0,0,0,0,0,0,0,0,0,0,0,0,0,0,1,0,0,0,0
20.0,0.0,1.0,500.0,0.0,26.0,48.0,0.0,0.0,11.0,0.0,1.0,1.0,0.35,0.0,0.9333333333333333,0.7058823529411764,0.0,0.0,0,1.0,1.0,1.0,31.0,63110235.0,0.0,0.753125,0.0,0,1,0,0,0,0,0,0,0,0,0,0,0,0,0,0,0,1,0,0,0,0
20.0,1.0,1.0,200.0,0.0,26.0,60.0,0.0,0.0,11.0,0.0,0.0,1.0,0.312,0.0,0.8666666666666667,0.40336134453781514,0.0,0.0,0,1.0,1.0,1.0,31.0,13620010.0,1.0,0.753125,0.0,0,1,0,0,0,0,0,0,0,0,0,0,0,0,0,0,0,1,0,0,0,0
20.0,0.0,1.0,381.5,0.0,30.0,70.0,1.0,1.0,11.0,0.0,0.0,0.0,0.0,0.0,0.0,0.0,0.0,0.0,1,1.0,0.0,1.0,31.0,63110235.0,1.0,0.753125,1.0,0,1,0,0,0,0,0,0,0,0,0,0,0,0,0,0,0,1,0,0,0,0
27.0,0.0,1.0,96.0,0.0,8.0,16.0,0.0,0.0,8.0,0.6363636363636365,0.0,1.0,0.15,0.0,0.8,0.40336134453781514,0.0,0.0,0,1.0,1.0,1.0,31.0,63110220.0,1.0,0.753125,0.0,0,1,0,0,0,0,0,0,0,0,0,0,0,0,1,0,0,0,0,0,0,0
23.0,0.0,1.0,80.0,0.0,4.0,5.0,0.0,0.0,8.0,0.36363636363636354,0.0,0.0,0.0,0.0,0.0,0.0,0.0,0.0,0,1.0,0.0,1.0,31.0,13620010.0,1.0,0.753125,0.0,0,1,0,0,0,0,0,0,0,0,0,0,0,0,1,0,0,0,0,0,0,0
19.0,0.0,0.0,0.0,0.0,0.0,0.0,0.0,0.0,9.0,0.0,0.0,0.0,0.0,0.0,0.0,0.0,0.0,0.0,0,0.0,0.0,1.0,31.0,13620010.0,1.0,0.753125,0.0,0,1,0,0,0,0,0,0,0,0,0,1,0,0,0,0,0,0,0,0,0,0
27.0,1.0,0.0,0.0,0.0,0.0,0.0,0.0,0.0,10.0,0.6363636363636365,0.0,1.0,0.0,0.1111111111111111,0.8666666666666667,0.25210084033613445,0.0,0.0,1,0.0,0.0,1.0,31.0,63110235.0,1.0,0.753125,1.0,0,1,0,0,0,0,0,0,0,0,0,0,0,0,0,0,1,0,0,0,0,0
23.0,0.0,0.0,0.0,0.0,0.0,0.0,0.0,0.0,11.0,0.2727272727272727,0.0,0.0,0.0,0.0,0.0,0.0,0.0,0.0,0,0.0,0.0,1.0,32.0,63530020.0,1.0,0.75,0.0,0,1,0,0,0,0,0,0,0,0,0,0,0,0,0,0,0,1,0,0,0,0
22.0,1.0,0.0,0.0,0.0,0.0,0.0,0.0,0.0,11.0,0.18181818181818188,1.0,0.0,0.0,0.0,0.0,0.0,0.0,0.0,1,0.0,0.0,1.0,32.0,63530020.0,1.0,0.75,1.0,0,1,0,0,0,0,0,0,0,0,0,0,0,0,0,0,0,1,0,0,0,0
23.0,0.0,1.0,408.0,0.0,22.0,40.0,1.0,1.0,12.0,0.36363636363636354,0.0,1.0,0.44999999999999996,0.0,1.0,0.47058823529411764,1.0,1.0,1,1.0,1.0,1.0,32.0,63530020.0,0.0,0.75,0.0,0,1,0,0,0,0,0,0,0,0,0,0,0,0,0,0,0,1,0,0,0,0
20.0,0.0,1.0,408.0,0.0,26.0,60.0,1.0,1.0,11.0,0.0,0.0,1.0,0.09999999999999999,0.0,0.6,0.2689075630252101,1.0,1.0,1,1.0,1.0,1.0,33.0,63220205.0,1.0,0.5405405,1.0,0,1,0,0,0,0,0,0,0,0,0,0,0,0,0,0,0,1,0,0,0,0
20.0,0.0,0.0,0.0,0.0,0.0,0.0,0.0,0.0,11.0,0.09090909090909083,0.0,0.0,0.0,0.0,0.0,0.0,0.0,0.0,0,0.0,0.0,1.0,33.0,63240050.0,0.0,0.5405405,0.0,0,1,0,0,0,0,0,0,0,0,0,0,0,0,0,0,0,1,0,0,0,0
23.0,0.0,0.0,0.0,0.0,0.0,0.0,0.0,0.0,11.0,0.2727272727272727,0.0,1.0,0.09999999999999999,0.0,0.7333333333333333,0.29411764705882354,0.0,0.0,1,0.0,1.0,1.0,33.0,63110005.0,0.0,0.5405405,0.0,0,1,0,0,0,0,0,0,0,0,0,0,0,0,0,0,0,1,0,0,0,0
21.0,1.0,1.0,468.0,0.0,30.0,56.0,1.0,1.0,11.0,0.09090909090909083,0.0,0.0,0.0,0.0,0.0,0.0,0.0,0.0,1,1.0,0.0,1.0,33.0,63220205.0,0.0,0.5405405,0.0,0,1,0,0,0,0,0,0,0,0,0,0,0,0,0,0,0,1,0,0,0,0
24.0,0.0,1.0,408.0,0.0,22.0,40.0,1.0,1.0,11.0,0.45454545454545436,0.0,0.0,0.0,0.0,0.0,0.0,0.0,0.0,1,1.0,0.0,1.0,33.0,13410005.0,1.0,0.5405405,1.0,0,1,0,0,0,0,0,0,0,0,0,0,0,0,0,0,0,1,0,0,0,0
20.0,0.0,0.0,0.0,0.0,0.0,0.0,0.0,0.0,11.0,0.09090909090909083,0.0,0.0,0.0,0.0,0.0,0.0,0.0,0.0,1,0.0,0.0,1.0,33.0,13410005.0,0.0,0.5405405,0.0,0,1,0,0,0,0,0,0,0,0,0,0,0,0,0,0,0,1,0,0,0,0
27.0,0.0,0.0,0.0,0.0,0.0,0.0,0.0,0.0,11.0,0.6363636363636365,0.0,1.0,0.15,0.0,0.8666666666666667,0.40336134453781514,0.0,0.0,1,0.0,1.0,1.0,33.0,13540015.0,0.0,0.5405405,0.0,0,1,0,0,0,0,0,0,0,0,0,0,0,0,0,0,0,1,0,0,0,0
22.0,0.0,1.0,600.0,0.0,26.0,72.0,0.0,0.0,11.0,0.18181818181818188,0.0,1.0,0.19999999999999998,0.0,0.8666666666666667,0.37815126050420167,0.0,0.0,1,1.0,1.0,1.0,33.0,63220205.0,0.0,0.5405405,0.0,0,1,0,0,0,0,0,0,0,0,0,0,0,0,0,0,0,1,0,0,0,0
22.0,0.0,1.0,408.0,0.0,26.0,48.0,1.0,1.0,11.0,0.2727272727272727,0.0,1.0,0.38,0.0,1.0,0.4117647058823529,0.0,0.0,0,1.0,1.0,1.0,33.0,13410005.0,1.0,0.5405405,0.0,0,1,0,0,0,0,0,0,0,0,0,0,0,0,0,0,0,1,0,0,0,0
21.0,0.0,1.0,408.0,0.0,30.0,56.0,0.0,0.0,11.0,0.09090909090909083,0.0,1.0,0.358,0.0,0.8666666666666667,0.40336134453781514,0.0,0.0,0,1.0,1.0,1.0,33.0,63220205.0,1.0,0.5405405,0.0,0,1,0,0,0,0,0,0,0,0,0,0,0,0,0,0,0,1,0,0,0,0
22.0,0.0,1.0,381.5,0.0,22.0,42.0,1.0,1.0,11.0,0.2727272727272727,0.0,1.0,0.58,0.0,1.0,0.5378151260504201,0.0,0.0,0,1.0,1.0,1.0,33.0,63240050.0,0.0,0.5405405,0.0,0,1,0,0,0,0,0,0,0,0,0,0,0,0,0,0,0,1,0,0,0,0
20.0,1.0,1.0,520.0,0.0,24.0,72.0,1.0,1.0,11.0,0.09090909090909083,0.0,0.0,0.0,0.0,0.0,0.0,0.0,0.0,0,1.0,0.0,1.0,33.0,63110005.0,0.0,0.5405405,0.0,0,1,0,0,0,0,0,0,0,0,0,0,0,0,0,0,0,1,0,0,0,0
20.0,0.0,1.0,408.0,0.0,24.0,48.0,1.0,1.0,11.0,0.09090909090909083,0.0,1.0,0.15,0.0,0.8,0.40336134453781514,0.0,0.0,0,1.0,1.0,1.0,33.0,63110005.0,1.0,0.5405405,0.0,0,1,0,0,0,0,0,0,0,0,0,0,0,0,0,0,0,1,0,0,0,0
22.0,0.0,1.0,408.0,0.0,20.0,45.0,0.0,0.0,11.0,0.2727272727272727,0.0,1.0,0.35,0.0,0.8666666666666667,0.40336134453781514,1.0,1.0,1,1.0,1.0,1.0,33.0,63240050.0,0.0,0.5405405,0.0,0,1,0,0,0,0,0,0,0,0,0,0,0,0,0,0,0,1,0,0,0,0
20.0,0.0,0.0,0.0,0.0,0.0,0.0,0.0,0.0,11.0,0.09090909090909083,0.0,0.0,0.0,0.0,0.0,0.0,0.0,0.0,0,0.0,0.0,1.0,33.0,63220205.0,0.0,0.5405405,0.0,0,1,0,0,0,0,0,0,0,0,0,0,0,0,0,0,0,1,0,0,0,0
22.0,1.0,1.0,0.0,150000.0,15.0,60.0,0.0,0.0,9.0,0.18181818181818188,1.0,0.0,0.0,0.0,0.0,0.0,0.0,0.0,1,0.0,0.0,1.0,33.0,13540015.0,1.0,0.5405405,1.0,0,1,0,0,0,0,0,0,0,0,0,0,0,0,0,1,0,0,0,0,0,0
22.0,0.0,0.0,0.0,0.0,0.0,0.0,0.0,0.0,12.0,0.2727272727272727,0.0,1.0,0.44,0.0,0.8666666666666667,0.3529411764705882,1.0,0.0,1,0.0,1.0,1.0,33.0,13410005.0,0.0,0.5405405,0.0,0,1,0,0,0,0,0,0,0,0,0,0,0,0,0,0,0,1,0,0,0,0
22.0,0.0,1.0,400.0,0.0,20.0,40.0,0.0,0.0,13.0,0.18181818181818188,0.0,1.0,0.0,0.0,0.8666666666666667,0.40336134453781514,0.0,0.0,0,1.0,0.0,1.0,33.0,13410005.0,0.0,0.5405405,0.0,0,1,0,0,0,0,0,0,0,0,0,0,0,0,0,0,0,1,0,0,0,0
23.0,0.0,0.0,0.0,0.0,0.0,0.0,0.0,0.0,11.0,0.2727272727272727,0.0,0.0,0.0,0.0,0.0,0.0,0.0,0.0,0,0.0,0.0,1.0,33.0,63240050.0,1.0,0.5405405,0.0,0,1,0,0,0,0,0,0,0,0,0,0,0,0,0,0,0,1,0,0,0,0
24.0,0.0,0.0,0.0,0.0,0.0,0.0,0.0,0.0,10.0,0.36363636363636354,0.0,1.0,0.0,0.2222222222222222,1.0,0.3529411764705882,0.0,0.0,1,0.0,0.0,1.0,33.0,63240050.0,1.0,0.5405405,1.0,0,1,0,0,0,0,0,0,0,0,0,0,0,0,0,0,1,0,0,0,0,0
21.0,0.0,1.0,330.0,0.0,26.0,66.0,0.0,1.0,11.0,0.09090909090909083,0.0,1.0,0.39999999999999997,0.0,0.8666666666666667,0.48739495798319327,0.0,0.0,1,1.0,1.0,1.0,33.0,63110005.0,1.0,0.5405405,1.0,0,1,0,0,0,0,0,0,0,0,0,1,0,0,0,0,0,0,0,0,0,0
19.0,0.0,0.0,0.0,0.0,0.0,0.0,0.0,0.0,11.0,0.0,0.0,0.0,0.0,0.0,0.0,0.0,0.0,0.0,0,0.0,0.0,1.0,33.0,63240050.0,1.0,0.5405405,0.0,0,1,0,0,0,0,0,0,0,0,0,0,0,0,0,0,0,1,0,0,0,0
23.0,0.0,0.0,0.0,0.0,0.0,0.0,0.0,0.0,11.0,0.2727272727272727,0.0,1.0,0.358,0.0,1.0,0.47058823529411764,1.0,1.0,0,0.0,1.0,1.0,33.0,63240050.0,1.0,0.5405405,0.0,0,1,0,0,0,0,0,0,0,0,0,0,0,0,0,0,0,1,0,0,0,0
24.0,0.0,1.0,200.0,0.0,22.0,40.0,0.0,0.0,11.0,0.36363636363636354,0.0,0.0,0.0,0.0,0.0,0.0,0.0,0.0,1,1.0,0.0,1.0,33.0,63240050.0,1.0,0.5405405,1.0,0,1,0,0,0,0,0,0,0,0,0,0,0,0,0,0,0,1,0,0,0,0
27.0,0.0,1.0,408.0,0.0,26.0,48.0,1.0,1.0,11.0,0.6363636363636365,0.0,1.0,0.38999999999999996,0.0,0.8666666666666667,0.40336134453781514,1.0,1.0,1,1.0,1.0,1.0,33.0,13540015.0,1.0,0.5405405,1.0,0,1,0,0,0,0,0,0,0,0,0,0,0,0,0,0,0,1,0,0,0,0
22.0,0.0,1.0,527.2,0.0,5.0,48.0,1.0,1.0,13.0,0.2727272727272727,0.0,1.0,0.358,0.0,0.9666666666666667,0.5882352941176471,1.0,1.0,1,1.0,1.0,1.0,33.0,13540015.0,0.0,0.5405405,0.0,0,1,0,0,0,0,0,0,0,0,0,0,0,0,0,0,0,1,0,0,0,0
21.0,0.0,1.0,600.0,0.0,26.0,13.0,0.0,1.0,5.0,0.18181818181818188,0.0,1.0,0.3815,0.0,0.8666666666666667,0.40336134453781514,1.0,0.0,1,1.0,1.0,1.0,34.0,63420020.0,0.0,0.4054054,0.0,0,1,0,0,0,0,0,0,0,0,0,0,0,0,0,0,1,0,0,0,0,0
25.0,1.0,1.0,408.0,0.0,26.0,24.0,1.0,0.0,11.0,0.45454545454545436,1.0,1.0,0.0,0.0,0.7333333333333333,0.5882352941176471,0.0,0.0,0,1.0,0.0,1.0,34.0,63420020.0,0.0,0.4054054,0.0,0,1,0,0,0,0,0,0,0,0,0,0,0,0,0,0,0,1,0,0,0,0
20.0,0.0,0.0,0.0,0.0,0.0,0.0,0.0,0.0,11.0,0.09090909090909083,0.0,1.0,0.15,0.0,0.4,0.25210084033613445,0.0,0.0,1,0.0,1.0,1.0,34.0,63420020.0,0.0,0.4054054,0.0,0,1,0,0,0,0,0,0,0,0,0,0,0,0,0,0,0,1,0,0,0,0
24.0,0.0,1.0,306.0,0.0,22.0,40.0,0.0,0.0,11.0,0.36363636363636354,0.0,1.0,0.0,0.05555555555555555,0.3333333333333333,0.12605042016806722,0.0,0.0,1,1.0,0.0,1.0,34.0,63420020.0,0.0,0.4054054,0.0,0,1,0,0,0,0,0,0,0,0,0,0,0,0,0,0,0,1,0,0,0,0
20.0,0.0,0.0,0.0,0.0,0.0,0.0,0.0,0.0,11.0,0.0,0.0,0.0,0.0,0.0,0.0,0.0,0.0,0.0,0,0.0,0.0,1.0,34.0,63420020.0,0.0,0.4054054,0.0,0,1,0,0,0,0,0,0,0,0,0,1,0,0,0,0,0,0,0,0,0,0
23.0,0.0,1.0,408.0,0.0,26.0,48.0,1.0,1.0,11.0,0.2727272727272727,0.0,1.0,0.19999999999999998,0.0,0.8666666666666667,0.6050420168067226,1.0,1.0,1,1.0,1.0,1.0,35.0,13120045.0,1.0,0.8035714,1.0,0,1,0,0,0,0,0,0,0,0,0,0,0,0,0,0,0,1,0,0,0,0
20.0,0.0,0.0,0.0,0.0,0.0,0.0,0.0,0.0,11.0,0.0,0.0,0.0,0.0,0.0,0.0,0.0,0.0,0.0,0,0.0,0.0,1.0,35.0,13120045.0,1.0,0.8035714,0.0,0,1,0,0,0,0,0,0,0,0,0,0,0,0,0,0,1,0,0,0,0,0
26.0,0.0,0.0,0.0,0.0,0.0,0.0,0.0,0.0,11.0,0.5454545454545452,0.0,0.0,0.0,0.0,0.0,0.0,0.0,0.0,0,0.0,0.0,1.0,35.0,13120045.0,1.0,0.8035714,0.0,0,1,0,0,0,0,0,0,0,0,0,0,0,0,0,0,0,1,0,0,0,0
25.0,1.0,1.0,364.0,0.0,22.0,40.0,0.0,0.0,11.0,0.5454545454545452,1.0,1.0,0.0,0.0,0.7333333333333333,0.42016806722689076,0.0,0.0,0,1.0,0.0,1.0,35.0,13120045.0,1.0,0.8035714,0.0,0,1,0,0,0,0,0,0,0,0,0,0,0,0,0,0,0,1,0,0,0,0
22.0,0.0,1.0,408.0,0.0,26.0,48.0,1.0,1.0,11.0,0.2727272727272727,0.0,0.0,0.0,0.0,0.0,0.0,0.0,0.0,1,1.0,0.0,1.0,35.0,13120045.0,0.0,0.8035714,0.0,0,1,0,0,0,0,0,0,0,0,0,0,0,0,0,0,0,1,0,0,0,0
23.0,0.0,1.0,600.0,0.0,24.0,48.0,1.0,1.0,15.0,0.2727272727272727,0.0,1.0,0.19999999999999998,0.0,0.8666666666666667,0.29411764705882354,0.0,0.0,1,1.0,1.0,1.0,35.0,13120045.0,0.0,0.8035714,0.0,0,1,0,0,0,0,0,0,0,0,0,0,0,0,0,0,0,1,0,0,0,0
22.0,0.0,1.0,472.0,0.0,26.0,48.0,0.0,1.0,11.0,0.18181818181818188,0.0,1.0,0.15,0.0,0.8,0.20168067226890757,0.0,0.0,1,1.0,1.0,1.0,35.0,13120045.0,1.0,0.8035714,1.0,0,1,0,0,0,0,0,0,0,0,0,0,0,0,0,0,0,1,0,0,0,0
21.0,0.0,1.0,450.0,0.0,20.0,40.0,0.0,0.0,11.0,0.09090909090909083,0.0,1.0,0.26799999999999996,0.0,0.8,0.3361344537815126,1.0,1.0,1,1.0,1.0,1.0,36.0,13210005.0,1.0,0.7352941,1.0,0,1,0,0,0,0,0,0,0,0,0,0,0,0,0,0,0,1,0,0,0,0
24.0,0.0,1.0,400.0,0.0,30.0,77.0,0.0,0.0,9.0,0.36363636363636354,0.0,0.0,0.0,0.0,0.0,0.0,0.0,0.0,0,1.0,0.0,1.0,36.0,13210005.0,1.0,0.7352941,0.0,0,1,0,0,0,0,0,0,0,0,0,0,0,0,1,0,0,0,0,0,0,0
21.0,0.0,1.0,55.0,0.0,26.0,48.0,0.0,0.0,9.0,0.18181818181818188,0.0,1.0,0.35,0.0,1.0,0.8235294117647058,0.0,0.0,1,1.0,1.0,1.0,36.0,13120040.0,0.0,0.7352941,0.0,0,1,0,0,0,0,0,0,0,0,0,0,0,0,0,1,0,0,0,0,0,0
24.0,0.0,1.0,600.0,0.0,20.0,48.0,1.0,1.0,11.0,0.36363636363636354,0.0,1.0,0.43,0.0,0.6,0.8067226890756303,1.0,1.0,0,1.0,1.0,1.0,36.0,13310010.0,0.0,0.7352941,0.0,0,1,0,0,0,0,0,0,0,0,0,0,0,0,0,0,0,1,0,0,0,0
21.0,0.0,1.0,408.0,0.0,26.0,48.0,1.0,1.0,11.0,0.09090909090909083,0.0,1.0,0.22999999999999998,0.0,0.8666666666666667,0.6470588235294117,0.0,0.0,1,1.0,1.0,1.0,36.0,83210005.0,0.0,0.7352941,0.0,0,1,0,0,0,0,0,0,0,0,0,0,0,0,0,0,0,1,0,0,0,0
21.0,0.0,1.0,140.0,0.0,26.0,42.0,0.0,0.0,10.0,0.09090909090909083,0.0,0.0,0.0,0.0,0.0,0.0,0.0,0.0,0,1.0,0.0,1.0,36.0,63730030.0,1.0,0.7352941,0.0,0,1,0,0,0,0,0,0,0,0,0,0,0,1,0,0,0,0,0,0,0,0
23.0,0.0,1.0,250.0,0.0,8.0,20.0,0.0,0.0,11.0,0.36363636363636354,0.0,0.0,0.0,0.0,0.0,0.0,0.0,0.0,0,1.0,0.0,1.0,36.0,66410510.0,0.0,0.7352941,0.0,0,1,0,0,0,0,0,0,0,0,0,0,0,0,0,0,0,1,0,0,0,0
21.0,0.0,1.0,408.0,0.0,26.0,48.0,1.0,1.0,11.0,0.18181818181818188,0.0,0.0,0.0,0.0,0.0,0.0,0.0,0.0,1,1.0,0.0,1.0,36.0,83210005.0,0.0,0.7352941,0.0,0,1,0,0,0,0,0,0,0,0,0,0,0,0,0,0,0,1,0,0,0,0
23.0,1.0,1.0,585.0,0.0,30.0,72.0,0.0,0.0,11.0,0.36363636363636354,0.0,0.0,0.0,0.0,0.0,0.0,0.0,0.0,1,1.0,0.0,1.0,36.0,13120015.0,0.0,0.7352941,0.0,0,1,0,0,0,0,0,0,0,0,0,0,0,0,0,0,0,1,0,0,0,0
20.0,0.0,0.0,0.0,0.0,0.0,0.0,0.0,0.0,11.0,0.0,0.0,0.0,0.0,0.0,0.0,0.0,0.0,0.0,1,0.0,0.0,1.0,36.0,13410165.0,1.0,0.7352941,1.0,0,1,0,0,0,0,0,0,0,0,0,0,0,0,0,0,0,1,0,0,0,0
25.0,0.0,1.0,408.0,0.0,30.0,49.0,1.0,1.0,11.0,0.5454545454545452,0.0,1.0,0.22,0.0,0.7333333333333333,0.1680672268907563,0.0,0.0,0,1.0,1.0,1.0,36.0,13310010.0,1.0,0.7352941,0.0,0,1,0,0,0,0,0,0,0,0,0,0,0,0,0,0,0,1,0,0,0,0
27.0,0.0,1.0,450.0,0.0,15.0,48.0,1.0,1.0,11.0,0.6363636363636365,0.0,0.0,0.0,0.0,0.0,0.0,0.0,0.0,1,1.0,0.0,1.0,36.0,66410510.0,0.0,0.7352941,0.0,0,1,0,0,0,0,0,0,0,0,0,0,0,0,0,0,0,1,0,0,0,0
27.0,0.0,1.0,55.0,0.0,26.0,48.0,0.0,0.0,5.0,0.6363636363636365,0.0,1.0,0.0,0.0,0.9333333333333333,0.13445378151260504,0.0,0.0,1,1.0,0.0,1.0,36.0,13120005.0,1.0,0.7352941,1.0,0,1,0,0,0,0,0,0,0,0,0,0,1,0,0,0,0,0,0,0,0,0
21.0,1.0,1.0,408.0,0.0,26.0,24.0,1.0,1.0,11.0,0.09090909090909083,0.0,0.0,0.0,0.0,0.0,0.0,0.0,0.0,0,1.0,0.0,1.0,36.0,83210005.0,0.0,0.7352941,0.0,0,1,0,0,0,0,0,0,0,0,0,0,0,0,0,0,0,1,0,0,0,0
22.0,0.0,1.0,250.0,0.0,26.0,55.0,0.0,0.0,11.0,0.2727272727272727,0.0,0.0,0.0,0.0,0.0,0.0,0.0,0.0,0,1.0,0.0,1.0,36.0,83210005.0,0.0,0.7352941,0.0,0,1,0,0,0,0,0,0,0,0,0,0,0,0,0,0,0,1,0,0,0,0
23.0,0.0,1.0,408.0,0.0,26.0,48.0,0.0,0.0,11.0,0.36363636363636354,0.0,1.0,0.16999999999999998,0.0,0.6666666666666666,0.3361344537815126,0.0,0.0,0,1.0,1.0,1.0,36.0,63210205.0,0.0,0.7352941,0.0,0,1,0,0,0,0,0,0,0,0,0,0,0,0,0,0,0,1,0,0,0,0
24.0,0.0,0.0,0.0,0.0,0.0,0.0,0.0,0.0,11.0,0.36363636363636354,0.0,0.0,0.0,0.0,0.0,0.0,0.0,0.0,1,0.0,0.0,1.0,36.0,83240110.0,0.0,0.7352941,0.0,0,1,0,0,0,0,0,0,0,0,0,0,0,0,0,0,0,1,0,0,0,0
23.0,0.0,1.0,381.5,0.0,26.0,48.0,1.0,1.0,10.0,0.2727272727272727,0.0,0.0,0.0,0.0,0.0,0.0,0.0,0.0,0,1.0,0.0,1.0,36.0,13120040.0,1.0,0.7352941,0.0,0,1,0,0,0,0,0,0,0,0,0,0,0,0,0,0,0,1,0,0,0,0
20.0,0.0,1.0,408.0,0.0,20.0,40.0,1.0,1.0,11.0,0.0,0.0,1.0,0.358,0.0,0.8666666666666667,0.6050420168067226,1.0,0.0,1,1.0,1.0,1.0,36.0,63730030.0,1.0,0.7352941,1.0,0,1,0,0,0,0,0,0,0,0,0,0,0,0,0,0,0,1,0,0,0,0
27.0,0.0,1.0,500.0,0.0,20.0,48.0,0.0,0.0,11.0,0.6363636363636365,0.0,0.0,0.0,0.0,0.0,0.0,0.0,0.0,1,1.0,0.0,1.0,36.0,13120040.0,1.0,0.7352941,1.0,0,1,0,0,0,0,0,0,0,0,0,0,0,0,0,0,0,1,0,0,0,0
26.0,1.0,1.0,408.0,0.0,30.0,63.0,1.0,1.0,11.0,0.6363636363636365,0.0,1.0,0.12,0.0,1.0,0.47058823529411764,0.0,0.0,1,1.0,1.0,1.0,36.0,83210005.0,1.0,0.7352941,1.0,0,1,0,0,0,0,0,0,0,0,0,0,0,0,0,0,0,1,0,0,0,0
21.0,0.0,1.0,408.0,0.0,22.0,35.0,1.0,1.0,11.0,0.18181818181818188,0.0,0.0,0.0,0.0,0.0,0.0,0.0,0.0,0,1.0,0.0,1.0,36.0,93820020.0,1.0,0.7352941,0.0,0,1,0,0,0,0,0,0,0,0,0,0,0,0,0,0,0,1,0,0,0,0
20.0,0.0,0.0,0.0,0.0,0.0,0.0,0.0,0.0,11.0,0.0,0.0,0.0,0.0,0.0,0.0,0.0,0.0,0.0,0,0.0,0.0,1.0,36.0,83240110.0,0.0,0.7352941,0.0,0,1,0,0,0,0,0,0,0,0,0,0,0,0,0,0,0,1,0,0,0,0
23.0,0.0,1.0,200.0,0.0,20.0,45.0,0.0,0.0,11.0,0.36363636363636354,0.0,0.0,0.0,0.0,0.0,0.0,0.0,0.0,0,1.0,0.0,1.0,36.0,93820020.0,1.0,0.7352941,0.0,0,1,0,0,0,0,0,0,0,0,0,0,0,0,0,0,0,1,0,0,0,0
24.0,0.0,0.0,0.0,0.0,0.0,0.0,0.0,0.0,11.0,0.45454545454545436,0.0,1.0,0.358,0.0,0.8666666666666667,0.40336134453781514,1.0,1.0,0,0.0,1.0,1.0,36.0,93820020.0,0.0,0.7352941,0.0,0,1,0,0,0,0,0,0,0,0,0,0,0,0,0,0,0,1,0,0,0,0
23.0,1.0,0.0,0.0,0.0,0.0,0.0,0.0,0.0,11.0,0.36363636363636354,1.0,1.0,0.19999999999999998,0.0,1.0,0.47058823529411764,1.0,0.0,0,0.0,1.0,1.0,36.0,66410510.0,1.0,0.7352941,0.0,0,1,0,0,0,0,0,0,0,0,0,0,0,0,0,0,0,1,0,0,0,0
26.0,1.0,0.0,0.0,0.0,0.0,0.0,0.0,0.0,11.0,0.6363636363636365,0.0,0.0,0.0,0.0,0.0,0.0,0.0,0.0,0,0.0,0.0,1.0,36.0,33110025.0,1.0,0.7352941,0.0,0,1,0,0,0,0,0,0,0,0,0,0,0,0,0,0,1,0,0,0,0,0
21.0,0.0,1.0,0.0,350000.0,22.0,40.0,0.0,0.0,11.0,0.18181818181818188,0.0,0.0,0.0,0.0,0.0,0.0,0.0,0.0,0,0.0,0.0,1.0,36.0,83210005.0,0.0,0.7352941,0.0,0,1,0,0,0,0,0,0,0,0,0,0,0,0,0,1,0,0,0,0,0,0
20.0,0.0,1.0,348.0,0.0,26.0,78.0,0.0,0.0,9.0,0.0,0.0,0.0,0.0,0.0,0.0,0.0,0.0,0.0,1,1.0,0.0,1.0,36.0,63730030.0,1.0,0.7352941,1.0,0,1,0,0,0,0,0,0,0,0,0,0,0,0,0,1,0,0,0,0,0,0
20.0,0.0,1.0,400.0,0.0,26.0,48.0,0.0,0.0,11.0,0.0,0.0,0.0,0.0,0.0,0.0,0.0,0.0,0.0,0,1.0,0.0,1.0,36.0,93820020.0,0.0,0.7352941,0.0,0,1,0,0,0,0,0,0,0,0,0,0,0,0,0,0,0,1,0,0,0,0
21.0,0.0,1.0,0.0,0.0,20.0,20.0,0.0,0.0,11.0,0.09090909090909083,0.0,0.0,0.0,0.0,0.0,0.0,0.0,0.0,0,0.0,0.0,1.0,36.0,83210005.0,0.0,0.7352941,0.0,0,1,0,0,0,0,0,0,0,0,0,0,0,0,0,0,0,1,0,0,0,0
23.0,1.0,0.0,0.0,0.0,0.0,0.0,0.0,0.0,9.0,0.36363636363636354,1.0,1.0,0.04,0.0,0.6666666666666666,0.37815126050420167,0.0,0.0,1,0.0,1.0,1.0,36.0,13210005.0,1.0,0.7352941,1.0,0,1,0,0,0,0,0,0,0,0,0,0,0,0,0,1,0,0,0,0,0,0
21.0,0.0,1.0,381.5,0.0,26.0,48.0,0.0,0.0,9.0,0.09090909090909083,0.0,1.0,0.3,0.0,0.6666666666666666,0.4621848739495798,0.0,0.0,0,1.0,1.0,1.0,36.0,63720005.0,0.0,0.7352941,0.0,0,1,0,0,0,0,0,0,0,0,0,0,0,0,0,1,0,0,0,0,0,0
25.0,1.0,1.0,450.0,0.0,15.0,30.0,0.0,0.0,11.0,0.5454545454545452,1.0,1.0,0.0,0.0,0.8,0.3529411764705882,0.0,0.0,1,1.0,0.0,1.0,36.0,83210005.0,0.0,0.7352941,0.0,0,1,0,0,0,0,0,0,0,0,0,0,0,0,0,0,0,1,0,0,0,0
24.0,0.0,1.0,140.0,0.0,7.0,56.0,1.0,0.0,11.0,0.36363636363636354,0.0,1.0,0.19999999999999998,0.0,0.8,0.40336134453781514,0.0,0.0,1,1.0,1.0,1.0,36.0,13120070.0,1.0,0.7352941,1.0,0,1,0,0,0,0,0,0,0,0,0,0,0,0,0,0,0,1,0,0,0,0
24.0,1.0,1.0,240.0,0.0,22.0,60.0,0.0,0.0,11.0,0.36363636363636354,1.0,0.0,0.0,0.0,0.0,0.0,0.0,0.0,1,1.0,0.0,1.0,36.0,13310010.0,1.0,0.7352941,1.0,0,1,0,0,0,0,0,0,0,0,0,0,0,0,0,0,0,1,0,0,0,0
20.0,1.0,0.0,0.0,0.0,0.0,0.0,0.0,0.0,11.0,0.0,1.0,1.0,0.288,0.0,0.8666666666666667,0.453781512605042,0.0,0.0,0,0.0,1.0,1.0,36.0,93820020.0,0.0,0.7352941,0.0,0,1,0,0,0,0,0,0,0,0,0,0,0,0,0,0,0,1,0,0,0,0
21.0,0.0,0.0,0.0,0.0,0.0,0.0,0.0,0.0,11.0,0.09090909090909083,0.0,0.0,0.0,0.0,0.0,0.0,0.0,0.0,1,0.0,0.0,1.0,36.0,13120070.0,1.0,0.7352941,1.0,0,1,0,0,0,0,0,0,0,0,0,0,0,0,0,0,1,0,0,0,0,0
21.0,0.0,1.0,350.0,0.0,26.0,48.0,0.0,0.0,11.0,0.09090909090909083,0.0,1.0,0.08,0.0,0.26666666666666666,0.18487394957983191,0.0,0.0,0,1.0,1.0,1.0,36.0,93820020.0,0.0,0.7352941,0.0,0,1,0,0,0,0,0,0,0,0,0,0,0,0,0,0,0,1,0,0,0,0
24.0,0.0,1.0,408.0,0.0,28.0,48.0,1.0,0.0,11.0,0.36363636363636354,1.0,1.0,0.5,0.0,0.8666666666666667,0.40336134453781514,1.0,1.0,0,1.0,1.0,1.0,36.0,83210005.0,0.0,0.7352941,0.0,0,1,0,0,0,0,0,0,0,0,0,0,0,0,0,0,0,1,0,0,0,0
23.0,0.0,1.0,381.5,0.0,30.0,56.0,1.0,1.0,11.0,0.2727272727272727,0.0,0.0,0.0,0.0,0.0,0.0,0.0,0.0,0,1.0,0.0,1.0,36.0,63730030.0,1.0,0.7352941,0.0,0,1,0,0,0,0,0,0,0,0,0,0,0,0,0,0,0,1,0,0,0,0
23.0,1.0,1.0,300.0,0.0,26.0,82.0,0.0,0.0,8.0,0.36363636363636354,1.0,0.0,0.0,0.0,0.0,0.0,0.0,0.0,0,1.0,0.0,1.0,36.0,63720005.0,1.0,0.7352941,0.0,0,1,0,0,0,0,0,0,0,0,0,0,0,0,0,1,0,0,0,0,0,0
24.0,0.0,1.0,408.0,0.0,30.0,70.0,0.0,0.0,11.0,0.45454545454545436,0.0,1.0,0.0,0.13333333333333333,0.6,0.29411764705882354,0.0,0.0,1,1.0,0.0,1.0,36.0,93820020.0,1.0,0.7352941,1.0,0,1,0,0,0,0,0,0,0,0,0,0,0,0,0,0,0,1,0,0,0,0
24.0,1.0,1.0,500.0,0.0,22.0,40.0,1.0,1.0,11.0,0.45454545454545436,0.0,1.0,0.358,0.0,0.7333333333333333,0.4621848739495798,0.0,0.0,1,1.0,1.0,1.0,36.0,13120070.0,1.0,0.7352941,1.0,0,1,0,0,0,0,0,0,0,0,0,0,0,0,0,0,0,1,0,0,0,0
23.0,1.0,0.0,0.0,0.0,0.0,0.0,0.0,0.0,11.0,0.36363636363636354,1.0,1.0,0.06999999999999999,0.0,0.8666666666666667,0.12605042016806722,0.0,0.0,1,0.0,1.0,1.0,36.0,63210205.0,1.0,0.7352941,1.0,0,1,0,0,0,0,0,0,0,0,0,0,0,0,0,0,0,1,0,0,0,0
22.0,0.0,1.0,400.0,0.0,26.0,60.0,1.0,1.0,11.0,0.2727272727272727,0.0,0.0,0.0,0.0,0.0,0.0,0.0,0.0,0,1.0,0.0,1.0,36.0,13120040.0,1.0,0.7352941,0.0,0,1,0,0,0,0,0,0,0,0,0,0,0,0,0,0,0,1,0,0,0,0
22.0,0.0,1.0,150.0,0.0,5.0,40.0,0.0,0.0,11.0,0.18181818181818188,0.0,1.0,0.0,0.0,0.4,0.3025210084033613,0.0,0.0,1,1.0,0.0,1.0,36.0,83210005.0,0.0,0.7352941,0.0,0,1,0,0,0,0,0,0,0,0,0,0,0,0,0,0,0,1,0,0,0,0
24.0,0.0,1.0,250.0,0.0,10.0,20.0,0.0,0.0,6.0,0.36363636363636354,0.0,0.0,0.0,0.0,0.0,0.0,0.0,0.0,1,1.0,0.0,1.0,36.0,66410510.0,0.0,0.7352941,0.0,0,1,0,0,0,0,0,0,0,0,0,0,1,0,0,0,0,0,0,0,0,0
21.0,0.0,1.0,408.0,0.0,26.0,70.0,0.0,0.0,11.0,0.09090909090909083,0.0,1.0,0.35,0.0,0.8666666666666667,0.40336134453781514,0.0,0.0,1,1.0,1.0,1.0,36.0,13310010.0,0.0,0.7352941,0.0,0,1,0,0,0,0,0,0,0,0,0,0,0,0,0,0,0,1,0,0,0,0
21.0,0.0,1.0,408.0,0.0,26.0,48.0,0.0,1.0,11.0,0.09090909090909083,0.0,1.0,0.385,0.0,0.8,0.42016806722689076,1.0,1.0,0,1.0,1.0,1.0,36.0,83210005.0,0.0,0.7352941,0.0,0,1,0,0,0,0,0,0,0,0,0,0,0,0,0,0,0,1,0,0,0,0
20.0,1.0,1.0,0.0,60000.0,8.0,24.0,0.0,0.0,11.0,0.09090909090909083,1.0,0.0,0.0,0.0,0.0,0.0,0.0,0.0,1,0.0,0.0,1.0,36.0,83210005.0,1.0,0.7352941,1.0,0,1,0,0,0,0,0,0,0,0,0,0,0,0,0,0,0,1,0,0,0,0
22.0,0.0,0.0,0.0,0.0,0.0,0.0,0.0,0.0,11.0,0.2727272727272727,0.0,1.0,0.179,0.0,0.7333333333333333,0.3361344537815126,0.0,0.0,1,0.0,1.0,1.0,36.0,63720005.0,1.0,0.7352941,1.0,0,1,0,0,0,0,0,0,0,0,0,0,0,0,0,1,0,0,0,0,0,0
26.0,1.0,0.0,0.0,0.0,0.0,0.0,0.0,0.0,11.0,0.6363636363636365,1.0,1.0,0.358,0.0,0.9333333333333333,0.5042016806722689,0.0,0.0,0,0.0,1.0,1.0,36.0,13120015.0,1.0,0.7352941,0.0,0,1,0,0,0,0,0,0,0,0,0,0,0,0,0,0,0,1,0,0,0,0
25.0,0.0,1.0,408.0,0.0,22.0,48.0,1.0,1.0,8.0,0.45454545454545436,0.0,1.0,0.16,0.0,0.8333333333333334,0.21008403361344538,0.0,0.0,1,1.0,1.0,1.0,36.0,33110025.0,1.0,0.7352941,1.0,0,1,0,0,0,0,0,0,0,0,0,1,0,0,0,0,0,0,0,0,0,0
23.0,1.0,1.0,408.0,0.0,26.0,48.0,1.0,1.0,11.0,0.36363636363636354,1.0,0.0,0.0,0.0,0.0,0.0,0.0,0.0,1,1.0,0.0,1.0,36.0,83240110.0,1.0,0.7352941,1.0,0,1,0,0,0,0,0,0,0,0,0,0,0,0,0,0,0,1,0,0,0,0
23.0,0.0,1.0,64.0,0.0,4.0,6.0,0.0,0.0,11.0,0.36363636363636354,0.0,1.0,0.15,0.0,0.8666666666666667,0.7310924369747899,0.0,0.0,1,1.0,1.0,1.0,36.0,63720005.0,1.0,0.7352941,1.0,0,1,0,0,0,0,0,0,0,0,0,0,0,0,0,0,0,1,0,0,0,0
23.0,0.0,1.0,65.0,0.0,26.0,48.0,0.0,0.0,11.0,0.2727272727272727,0.0,0.0,0.0,0.0,0.0,0.0,0.0,0.0,1,1.0,0.0,1.0,36.0,13210005.0,0.0,0.7352941,0.0,0,1,0,0,0,0,0,0,0,0,0,0,0,0,0,0,0,1,0,0,0,0
25.0,1.0,1.0,450.0,0.0,22.0,48.0,1.0,1.0,11.0,0.5454545454545452,0.0,0.0,0.0,0.0,0.0,0.0,0.0,0.0,0,1.0,0.0,1.0,36.0,13210005.0,0.0,0.7352941,0.0,0,1,0,0,0,0,0,0,0,0,0,0,0,0,0,0,0,1,0,0,0,0
20.0,0.0,1.0,260.0,0.0,26.0,48.0,0.0,0.0,11.0,0.0,0.0,0.0,0.0,0.0,0.0,0.0,0.0,0.0,1,1.0,0.0,1.0,36.0,33110025.0,0.0,0.7352941,0.0,0,1,0,0,0,0,0,0,0,0,0,0,0,0,0,0,0,1,0,0,0,0
26.0,1.0,0.0,0.0,0.0,0.0,0.0,0.0,0.0,11.0,0.5454545454545452,1.0,1.0,0.08399999999999999,0.0,0.6666666666666666,0.25210084033613445,0.0,0.0,1,0.0,1.0,1.0,36.0,13120015.0,1.0,0.7352941,1.0,0,1,0,0,0,0,0,0,0,0,0,0,0,0,0,0,0,1,0,0,0,0
23.0,0.0,1.0,0.0,700000.0,20.0,35.0,0.0,0.0,11.0,0.2727272727272727,0.0,1.0,0.0,0.0,0.6666666666666666,0.5042016806722689,0.0,0.0,1,0.0,0.0,1.0,36.0,63720005.0,1.0,0.7352941,1.0,0,1,0,0,0,0,0,0,0,0,0,0,0,0,0,0,0,1,0,0,0,0
24.0,1.0,1.0,165.6,0.0,12.0,27.0,0.0,0.0,11.0,0.36363636363636354,1.0,0.0,0.0,0.0,0.0,0.0,0.0,0.0,1,1.0,0.0,1.0,36.0,63730030.0,1.0,0.7352941,1.0,0,1,0,0,0,0,0,0,0,0,0,0,0,0,0,0,0,1,0,0,0,0
20.0,0.0,1.0,200.0,0.0,30.0,54.0,0.0,0.0,11.0,0.09090909090909083,0.0,0.0,0.0,0.0,0.0,0.0,0.0,0.0,0,1.0,0.0,1.0,36.0,13310010.0,0.0,0.7352941,0.0,0,1,0,0,0,0,0,0,0,0,0,0,0,0,0,0,0,1,0,0,0,0
22.0,0.0,1.0,420.0,0.0,30.0,84.0,0.0,0.0,11.0,0.18181818181818188,0.0,0.0,0.0,0.0,0.0,0.0,0.0,0.0,0,1.0,0.0,1.0,36.0,83210005.0,1.0,0.7352941,0.0,0,1,0,0,0,0,0,0,0,0,0,0,0,0,0,0,0,1,0,0,0,0
22.0,0.0,1.0,408.0,0.0,26.0,48.0,0.0,0.0,11.0,0.2727272727272727,0.0,1.0,0.0,0.0,0.8666666666666667,0.40336134453781514,0.0,0.0,0,1.0,0.0,1.0,36.0,83240110.0,1.0,0.7352941,0.0,0,1,0,0,0,0,0,0,0,0,0,0,0,0,0,0,0,1,0,0,0,0
24.0,1.0,1.0,440.0,0.0,20.0,35.0,0.0,0.0,5.0,0.45454545454545436,1.0,1.0,0.15,0.0,0.7333333333333333,0.3361344537815126,0.0,0.0,1,1.0,1.0,1.0,36.0,66410510.0,1.0,0.7352941,1.0,0,1,0,0,0,0,0,0,0,0,0,1,0,0,0,0,0,0,0,0,0,0
21.0,0.0,0.0,0.0,0.0,0.0,0.0,0.0,0.0,8.0,0.09090909090909083,0.0,0.0,0.0,0.0,0.0,0.0,0.0,0.0,1,0.0,0.0,1.0,36.0,66410510.0,1.0,0.7352941,1.0,0,1,0,0,0,0,0,0,0,0,0,0,0,1,0,0,0,0,0,0,0,0
25.0,0.0,1.0,408.0,0.0,30.0,84.0,0.0,1.0,11.0,0.5454545454545452,0.0,0.0,0.0,0.0,0.0,0.0,0.0,0.0,1,1.0,0.0,1.0,36.0,83210005.0,0.0,0.7352941,0.0,0,1,0,0,0,0,0,0,0,0,0,0,0,0,0,0,0,1,0,0,0,0
23.0,0.0,1.0,260.0,0.0,26.0,48.0,0.0,0.0,11.0,0.36363636363636354,0.0,0.0,0.0,0.0,0.0,0.0,0.0,0.0,0,1.0,0.0,1.0,36.0,13120070.0,1.0,0.7352941,0.0,0,1,0,0,0,0,0,0,0,0,0,0,0,0,0,0,0,1,0,0,0,0
21.0,0.0,1.0,408.0,0.0,30.0,84.0,1.0,1.0,12.0,0.18181818181818188,0.0,1.0,0.21,0.0,0.8666666666666667,0.40336134453781514,0.0,1.0,0,1.0,1.0,1.0,36.0,83210005.0,0.0,0.7352941,0.0,0,1,0,0,0,0,0,0,0,0,0,0,0,0,0,0,0,1,0,0,0,0
22.0,0.0,1.0,200.0,0.0,16.0,28.0,0.0,0.0,10.0,0.18181818181818188,0.0,1.0,0.358,0.0,0.8666666666666667,0.40336134453781514,0.0,1.0,1,1.0,1.0,1.0,36.0,13120070.0,0.0,0.7352941,0.0,0,1,0,0,0,0,0,0,0,0,0,0,0,0,0,0,1,0,0,0,0,0
21.0,0.0,1.0,408.0,0.0,30.0,48.0,0.0,0.0,11.0,0.18181818181818188,0.0,0.0,0.0,0.0,0.0,0.0,0.0,0.0,0,1.0,0.0,1.0,36.0,63730030.0,1.0,0.7352941,0.0,0,1,0,0,0,0,0,0,0,0,0,0,0,0,0,0,0,1,0,0,0,0
21.0,0.0,1.0,408.0,0.0,24.0,72.0,1.0,1.0,11.0,0.09090909090909083,0.0,0.0,0.0,0.0,0.0,0.0,0.0,0.0,0,1.0,0.0,1.0,36.0,13120040.0,1.0,0.7352941,0.0,0,1,0,0,0,0,0,0,0,0,0,0,0,0,0,0,1,0,0,0,0,0
24.0,1.0,0.0,0.0,0.0,0.0,0.0,0.0,0.0,7.0,0.36363636363636354,1.0,0.0,0.0,0.0,0.0,0.0,0.0,0.0,1,0.0,0.0,1.0,36.0,63730030.0,1.0,0.7352941,1.0,0,1,0,0,0,0,0,0,0,0,0,1,0,0,0,0,0,0,0,0,0,0
23.0,0.0,1.0,340.0,0.0,20.0,60.0,0.0,0.0,11.0,0.2727272727272727,0.0,1.0,0.0,0.03333333333333333,0.16666666666666666,0.04201680672268907,0.0,0.0,1,1.0,0.0,1.0,36.0,93820020.0,1.0,0.7352941,1.0,0,1,0,0,0,0,0,0,0,0,0,0,0,0,0,0,0,1,0,0,0,0
22.0,0.0,1.0,408.0,0.0,30.0,56.0,1.0,1.0,11.0,0.2727272727272727,0.0,1.0,0.21,0.0,0.5,0.2689075630252101,0.0,0.0,0,1.0,1.0,1.0,36.0,63720005.0,1.0,0.7352941,0.0,0,1,0,0,0,0,0,0,0,0,0,0,0,0,0,0,0,1,0,0,0,0
21.0,0.0,0.0,0.0,0.0,0.0,0.0,0.0,0.0,11.0,0.09090909090909083,0.0,0.0,0.0,0.0,0.0,0.0,0.0,0.0,0,0.0,0.0,1.0,36.0,13310010.0,1.0,0.7352941,0.0,0,1,0,0,0,0,0,0,0,0,0,0,0,0,0,0,1,0,0,0,0,0
25.0,1.0,0.0,0.0,0.0,0.0,0.0,0.0,0.0,8.0,0.45454545454545436,0.0,1.0,0.32999999999999996,0.0,0.7333333333333333,0.3361344537815126,0.0,0.0,1,0.0,1.0,1.0,36.0,13120040.0,1.0,0.7352941,1.0,0,1,0,0,0,0,0,0,0,0,0,0,0,0,1,0,0,0,0,0,0,0
22.0,0.0,1.0,408.0,0.0,26.0,48.0,1.0,1.0,11.0,0.2727272727272727,0.0,1.0,0.3,0.0,1.0,0.7647058823529411,0.0,0.0,1,1.0,1.0,1.0,36.0,93820020.0,0.0,0.7352941,0.0,0,1,0,0,0,0,0,0,0,0,0,0,0,0,0,0,0,1,0,0,0,0
22.0,0.0,1.0,408.0,0.0,26.0,48.0,1.0,1.0,11.0,0.2727272727272727,0.0,1.0,0.215,0.0,0.8666666666666667,0.37815126050420167,1.0,1.0,1,1.0,1.0,1.0,36.0,93820020.0,0.0,0.7352941,0.0,0,1,0,0,0,0,0,0,0,0,0,0,0,0,0,0,0,1,0,0,0,0
23.0,0.0,1.0,450.0,0.0,26.0,54.0,1.0,1.0,11.0,0.36363636363636354,0.0,1.0,0.0,0.0,1.0,0.5882352941176471,0.0,0.0,1,1.0,0.0,1.0,36.0,13120005.0,1.0,0.7352941,1.0,0,1,0,0,0,0,0,0,0,0,0,0,0,1,0,0,0,0,0,0,0,0
21.0,0.0,0.0,0.0,0.0,0.0,0.0,0.0,0.0,11.0,0.09090909090909083,0.0,0.0,0.0,0.0,0.0,0.0,0.0,0.0,1,0.0,0.0,1.0,36.0,13410165.0,1.0,0.7352941,1.0,0,1,0,0,0,0,0,0,0,0,0,0,0,0,0,0,0,1,0,0,0,0
21.0,0.0,1.0,408.0,0.0,28.0,63.0,1.0,1.0,11.0,0.09090909090909083,0.0,0.0,0.0,0.0,0.0,0.0,0.0,0.0,1,1.0,0.0,1.0,36.0,13120070.0,1.0,0.7352941,1.0,0,1,0,0,0,0,0,0,0,0,0,0,0,0,0,0,0,1,0,0,0,0
22.0,0.0,0.0,0.0,0.0,0.0,0.0,0.0,0.0,11.0,0.18181818181818188,0.0,1.0,0.358,0.0,0.8,0.453781512605042,0.0,0.0,0,0.0,1.0,1.0,36.0,13210005.0,1.0,0.7352941,0.0,0,1,0,0,0,0,0,0,0,0,0,0,0,0,0,0,0,1,0,0,0,0
24.0,0.0,1.0,96.0,0.0,8.0,24.0,0.0,0.0,11.0,0.45454545454545436,0.0,0.0,0.0,0.0,0.0,0.0,0.0,0.0,0,1.0,0.0,1.0,36.0,93820020.0,0.0,0.7352941,0.0,0,1,0,0,0,0,0,0,0,0,0,0,0,0,0,0,0,1,0,0,0,0
22.0,0.0,1.0,408.0,0.0,26.0,48.0,1.0,1.0,11.0,0.2727272727272727,0.0,1.0,0.6,0.0,0.7333333333333333,0.6470588235294117,0.0,0.0,1,1.0,1.0,1.0,36.0,66410510.0,0.0,0.7352941,0.0,0,1,0,0,0,0,0,0,0,0,0,0,0,0,1,0,0,0,0,0,0,0
22.0,0.0,1.0,408.0,0.0,26.0,60.0,0.0,0.0,11.0,0.2727272727272727,0.0,1.0,0.3815,0.0,1.0,0.47058823529411764,1.0,0.0,1,1.0,1.0,1.0,36.0,13120005.0,1.0,0.7352941,1.0,0,1,0,0,0,0,0,0,0,0,0,0,0,0,0,0,0,1,0,0,0,0
28.0,0.0,1.0,200.0,0.0,30.0,72.0,0.0,0.0,11.0,0.7272727272727273,0.0,1.0,0.0,0.0,0.8,0.6050420168067226,0.0,0.0,0,1.0,0.0,1.0,36.0,93820020.0,1.0,0.7352941,0.0,0,1,0,0,0,0,0,0,0,0,0,0,0,0,0,0,0,1,0,0,0,0
20.0,0.0,0.0,0.0,0.0,0.0,0.0,0.0,0.0,11.0,0.0,0.0,0.0,0.0,0.0,0.0,0.0,0.0,0.0,1,0.0,0.0,1.0,36.0,93820020.0,1.0,0.7352941,1.0,0,1,0,0,0,0,0,0,0,0,0,0,0,0,0,0,0,1,0,0,0,0
21.0,0.0,1.0,240.0,0.0,20.0,30.0,0.0,0.0,11.0,0.09090909090909083,0.0,1.0,0.0,0.16666666666666666,1.0,0.5882352941176471,0.0,0.0,0,1.0,0.0,1.0,36.0,66410510.0,0.0,0.7352941,0.0,0,1,0,0,0,0,0,0,0,0,0,0,0,0,0,1,0,0,0,0,0,0
20.0,0.0,0.0,0.0,0.0,0.0,0.0,0.0,0.0,11.0,0.09090909090909083,0.0,0.0,0.0,0.0,0.0,0.0,0.0,0.0,0,0.0,0.0,1.0,36.0,13120070.0,1.0,0.7352941,0.0,0,1,0,0,0,0,0,0,0,0,0,0,0,0,0,0,0,1,0,0,0,0
23.0,0.0,1.0,280.0,0.0,20.0,40.0,0.0,0.0,14.0,0.36363636363636354,0.0,0.0,0.0,0.0,0.0,0.0,0.0,0.0,1,1.0,0.0,1.0,36.0,63720005.0,1.0,0.7352941,1.0,0,1,0,0,0,0,0,0,0,0,0,0,0,0,0,0,0,1,0,0,0,0
24.0,0.0,0.0,0.0,0.0,0.0,0.0,0.0,0.0,8.0,0.45454545454545436,0.0,0.0,0.0,0.0,0.0,0.0,0.0,0.0,0,0.0,0.0,1.0,36.0,83210005.0,0.0,0.7352941,0.0,0,1,0,0,0,0,0,0,0,0,0,0,0,0,1,0,0,0,0,0,0,0
22.0,0.0,1.0,408.0,0.0,26.0,54.0,1.0,0.0,9.0,0.18181818181818188,0.0,1.0,0.358,0.0,0.9333333333333333,0.47058823529411764,0.0,0.0,1,1.0,1.0,1.0,36.0,13210005.0,0.0,0.7352941,0.0,0,1,0,0,0,0,0,0,0,0,0,0,0,0,1,0,0,0,0,0,0,0
20.0,1.0,1.0,360.0,0.0,30.0,91.0,0.0,0.0,11.0,0.09090909090909083,1.0,1.0,0.39999999999999997,0.0,0.6666666666666666,0.3361344537815126,0.0,0.0,0,1.0,1.0,1.0,36.0,13310010.0,1.0,0.7352941,0.0,0,1,0,0,0,0,0,0,0,0,0,0,0,0,0,0,0,1,0,0,0,0
25.0,1.0,1.0,408.0,0.0,26.0,56.0,1.0,1.0,11.0,0.45454545454545436,1.0,0.0,0.0,0.0,0.0,0.0,0.0,0.0,0,1.0,0.0,1.0,36.0,13120070.0,1.0,0.7352941,0.0,0,1,0,0,0,0,0,0,0,0,0,0,0,0,0,0,0,1,0,0,0,0
22.0,0.0,1.0,100.0,0.0,24.0,36.0,0.0,0.0,11.0,0.18181818181818188,0.0,0.0,0.0,0.0,0.0,0.0,0.0,0.0,0,1.0,0.0,1.0,36.0,83240110.0,0.0,0.7352941,0.0,0,1,0,0,0,0,0,0,0,0,0,0,0,0,0,0,0,1,0,0,0,0
25.0,0.0,1.0,408.0,0.0,22.0,48.0,1.0,1.0,11.0,0.45454545454545436,0.0,0.0,0.0,0.0,0.0,0.0,0.0,0.0,0,1.0,0.0,1.0,37.0,33110025.0,1.0,0.75,0.0,0,1,0,0,0,0,0,0,0,0,0,0,0,0,0,0,0,1,0,0,0,0
24.0,0.0,1.0,0.0,300000.0,8.0,20.0,0.0,0.0,11.0,0.45454545454545436,0.0,0.0,0.0,0.0,0.0,0.0,0.0,0.0,1,0.0,0.0,1.0,37.0,33120010.0,0.0,0.75,0.0,0,1,0,0,0,0,0,0,0,0,0,0,0,0,0,0,0,1,0,0,0,0
23.0,0.0,1.0,600.0,0.0,28.0,84.0,0.0,0.0,11.0,0.2727272727272727,0.0,1.0,0.358,0.0,1.0,0.7563025210084033,0.0,0.0,1,1.0,1.0,1.0,37.0,33110025.0,1.0,0.75,1.0,0,1,0,0,0,0,0,0,0,0,0,0,0,0,0,0,0,1,0,0,0,0
20.0,0.0,1.0,408.0,0.0,30.0,70.0,0.0,0.0,11.0,0.0,0.0,1.0,0.024999999999999998,0.0,0.6666666666666666,0.29411764705882354,0.0,0.0,1,1.0,1.0,1.0,37.0,33120010.0,1.0,0.75,1.0,0,1,0,0,0,0,0,0,0,0,0,0,0,0,0,0,0,1,0,0,0,0
20.0,0.0,1.0,100.0,0.0,20.0,30.0,0.0,0.0,11.0,0.09090909090909083,0.0,0.0,0.0,0.0,0.0,0.0,0.0,0.0,0,1.0,0.0,1.0,37.0,33110025.0,1.0,0.75,0.0,0,1,0,0,0,0,0,0,0,0,0,0,0,0,0,0,0,1,0,0,0,0
26.0,0.0,0.0,0.0,0.0,0.0,0.0,0.0,0.0,11.0,0.5454545454545452,0.0,1.0,0.19999999999999998,0.0,0.7333333333333333,0.3361344537815126,0.0,0.0,0,0.0,1.0,1.0,37.0,33110025.0,1.0,0.75,0.0,0,1,0,0,0,0,0,0,0,0,0,0,0,0,0,0,0,1,0,0,0,0
24.0,0.0,1.0,700.0,0.0,15.0,84.0,1.0,0.0,11.0,0.36363636363636354,1.0,1.0,0.358,0.0,0.8,0.5042016806722689,0.0,0.0,1,1.0,1.0,1.0,37.0,33110025.0,1.0,0.75,1.0,0,1,0,0,0,0,0,0,0,0,0,0,0,0,0,0,0,1,0,0,0,0
23.0,0.0,1.0,408.0,0.0,26.0,48.0,1.0,1.0,11.0,0.2727272727272727,0.0,1.0,0.358,0.0,1.0,0.6470588235294117,1.0,1.0,1,1.0,1.0,1.0,37.0,33110025.0,1.0,0.75,1.0,0,1,0,0,0,0,0,0,0,0,0,0,0,0,0,0,0,1,0,0,0,0
21.0,0.0,0.0,0.0,0.0,0.0,0.0,0.0,0.0,11.0,0.18181818181818188,0.0,1.0,0.0,0.0,0.7333333333333333,0.3361344537815126,0.0,0.0,0,0.0,0.0,1.0,37.0,33120010.0,0.0,0.75,0.0,0,1,0,0,0,0,0,0,0,0,0,0,0,0,0,0,0,1,0,0,0,0
20.0,0.0,1.0,119.0,0.0,15.0,48.0,0.0,0.0,11.0,0.09090909090909083,0.0,0.0,0.0,0.0,0.0,0.0,0.0,0.0,0,1.0,0.0,1.0,37.0,33110025.0,1.0,0.75,0.0,0,1,0,0,0,0,0,0,0,0,0,0,0,0,0,0,1,0,0,0,0,0
23.0,0.0,1.0,408.0,0.0,20.0,48.0,1.0,1.0,11.0,0.36363636363636354,0.0,1.0,0.358,0.0,0.6666666666666666,0.42016806722689076,0.0,0.0,0,1.0,1.0,1.0,37.0,33120010.0,1.0,0.75,0.0,0,1,0,0,0,0,0,0,0,0,0,0,0,0,0,0,0,1,0,0,0,0
26.0,0.0,1.0,408.0,0.0,26.0,48.0,1.0,1.0,11.0,0.6363636363636365,0.0,1.0,0.358,0.0,1.0,0.47058823529411764,1.0,1.0,1,1.0,1.0,1.0,37.0,33120010.0,0.0,0.75,0.0,0,1,0,0,0,0,0,0,0,0,0,0,0,0,0,0,0,1,0,0,0,0
24.0,0.0,1.0,0.0,250000.0,16.0,32.0,0.0,0.0,5.0,0.45454545454545436,0.0,1.0,0.0,0.2222222222222222,0.5,0.20168067226890757,0.0,0.0,0,0.0,0.0,1.0,37.0,33120010.0,0.0,0.75,0.0,0,1,0,0,0,0,0,0,0,0,0,0,0,0,0,0,0,1,0,0,0,0
24.0,0.0,1.0,70.0,0.0,22.0,25.0,0.0,0.0,11.0,0.36363636363636354,0.0,0.0,0.0,0.0,0.0,0.0,0.0,0.0,0,1.0,0.0,1.0,37.0,33110025.0,1.0,0.75,0.0,0,1,0,0,0,0,0,0,0,0,0,0,0,0,0,0,0,1,0,0,0,0
24.0,1.0,0.0,0.0,0.0,0.0,0.0,0.0,0.0,11.0,0.36363636363636354,0.0,1.0,0.19999999999999998,0.0,0.8666666666666667,0.5042016806722689,0.0,0.0,0,0.0,1.0,1.0,37.0,33120010.0,1.0,0.75,0.0,0,1,0,0,0,0,0,0,0,0,0,0,0,0,0,0,0,1,0,0,0,0
23.0,0.0,1.0,312.0,0.0,26.0,6.0,0.0,0.0,11.0,0.36363636363636354,0.0,1.0,0.0,0.0,0.8666666666666667,0.6722689075630252,0.0,0.0,0,1.0,0.0,1.0,37.0,33120010.0,1.0,0.75,0.0,0,1,0,0,0,0,0,0,0,0,0,0,0,0,0,0,0,1,0,0,0,0
22.0,0.0,1.0,150.0,0.0,15.0,60.0,0.0,0.0,11.0,0.18181818181818188,0.0,0.0,0.0,0.0,0.0,0.0,0.0,0.0,1,1.0,0.0,1.0,37.0,33110025.0,0.0,0.75,0.0,0,1,0,0,0,0,0,0,0,0,0,0,0,0,0,0,0,1,0,0,0,0
22.0,0.0,1.0,120.0,0.0,10.0,50.0,0.0,0.0,11.0,0.2727272727272727,0.0,1.0,0.3815,0.0,0.8,0.47058823529411764,0.0,0.0,1,1.0,1.0,1.0,38.0,66310065.0,1.0,0.57251906,1.0,0,1,0,0,0,0,0,0,0,0,0,0,0,0,0,0,0,1,0,0,0,0
23.0,1.0,0.0,0.0,0.0,0.0,0.0,0.0,0.0,5.0,0.2727272727272727,1.0,0.0,0.0,0.0,0.0,0.0,0.0,0.0,0,0.0,0.0,1.0,38.0,66310005.0,1.0,0.57251906,0.0,0,1,0,0,0,0,0,0,0,0,0,1,0,0,0,0,0,0,0,0,0,0
24.0,1.0,1.0,55.0,0.0,26.0,48.0,0.0,0.0,10.0,0.36363636363636354,1.0,1.0,0.0,0.16666666666666666,0.6666666666666666,0.42016806722689076,0.0,0.0,1,1.0,0.0,1.0,38.0,66310005.0,1.0,0.57251906,1.0,0,1,0,0,0,0,0,0,0,0,0,0,0,1,0,0,0,0,0,0,0,0
26.0,0.0,0.0,0.0,0.0,0.0,0.0,0.0,0.0,11.0,0.5454545454545452,0.0,1.0,0.12,0.0,0.8666666666666667,0.3529411764705882,0.0,0.0,1,0.0,1.0,1.0,38.0,66310065.0,1.0,0.57251906,1.0,0,1,0,0,0,0,0,0,0,0,0,0,0,0,0,0,0,1,0,0,0,0
26.0,1.0,1.0,442.0,0.0,26.0,60.0,0.0,0.0,9.0,0.6363636363636365,0.0,0.0,0.0,0.0,0.0,0.0,0.0,0.0,0,1.0,0.0,1.0,38.0,66310005.0,1.0,0.57251906,0.0,0,1,0,0,0,0,0,0,0,0,0,0,0,0,0,1,0,0,0,0,0,0
23.0,0.0,1.0,408.0,0.0,26.0,48.0,1.0,1.0,10.0,0.36363636363636354,0.0,1.0,0.0,0.5555555555555555,0.9333333333333333,0.3529411764705882,0.0,0.0,1,1.0,0.0,1.0,38.0,66310005.0,0.0,0.57251906,0.0,0,1,0,0,0,0,0,0,0,0,0,0,0,0,0,1,0,0,0,0,0,0
26.0,1.0,0.0,0.0,0.0,0.0,0.0,0.0,0.0,11.0,0.6363636363636365,1.0,0.0,0.0,0.0,0.0,0.0,0.0,0.0,0,0.0,0.0,1.0,38.0,66310065.0,1.0,0.57251906,0.0,0,1,0,0,0,0,0,0,0,0,0,0,0,0,0,0,0,1,0,0,0,0
22.0,0.0,1.0,240.0,0.0,30.0,56.0,0.0,0.0,11.0,0.18181818181818188,0.0,1.0,0.0,0.0,1.0,0.5294117647058824,0.0,0.0,0,1.0,0.0,1.0,38.0,66310065.0,1.0,0.57251906,0.0,0,1,0,0,0,0,0,0,0,0,0,0,0,0,0,1,0,0,0,0,0,0
25.0,0.0,1.0,680.0,0.0,26.0,48.0,1.0,1.0,11.0,0.45454545454545436,0.0,1.0,0.44999999999999996,0.0,1.0,0.7058823529411764,1.0,1.0,1,1.0,1.0,1.0,38.0,66310005.0,0.0,0.57251906,0.0,0,1,0,0,0,0,0,0,0,0,0,0,0,0,0,0,0,1,0,0,0,0
22.0,0.0,1.0,80.0,0.0,4.0,5.0,0.0,0.0,11.0,0.2727272727272727,0.0,1.0,0.32,0.0,1.0,0.7058823529411764,1.0,0.0,0,1.0,1.0,1.0,38.0,66310065.0,1.0,0.57251906,0.0,0,1,0,0,0,0,0,0,0,0,0,1,0,0,0,0,0,0,0,0,0,0
26.0,1.0,0.0,0.0,0.0,0.0,0.0,0.0,0.0,10.0,0.5454545454545452,0.0,1.0,0.0,0.08888888888888888,0.8666666666666667,0.3025210084033613,0.0,0.0,0,0.0,0.0,1.0,38.0,66310005.0,1.0,0.57251906,0.0,0,1,0,0,0,0,0,0,0,0,0,1,0,0,0,0,0,0,0,0,0,0
25.0,0.0,1.0,250.0,0.0,26.0,24.0,0.0,0.0,11.0,0.5454545454545452,0.0,1.0,0.09999999999999999,0.0,0.7333333333333333,0.12605042016806722,0.0,0.0,1,1.0,1.0,1.0,38.0,66310065.0,1.0,0.57251906,1.0,0,1,0,0,0,0,0,0,0,0,0,0,0,0,0,0,0,1,0,0,0,0
22.0,1.0,1.0,350.0,0.0,26.0,24.0,0.0,0.0,11.0,0.18181818181818188,0.0,1.0,0.25,0.0,0.6666666666666666,0.25210084033613445,0.0,0.0,0,1.0,1.0,1.0,38.0,66310005.0,1.0,0.57251906,0.0,0,1,0,0,0,0,0,0,0,0,0,0,0,0,0,0,0,1,0,0,0,0
26.0,0.0,1.0,408.0,0.0,26.0,48.0,1.0,1.0,6.0,0.5454545454545452,0.0,1.0,0.16,0.0,0.4,0.25210084033613445,0.0,0.0,1,1.0,1.0,1.0,38.0,66310005.0,1.0,0.57251906,1.0,0,1,0,0,0,0,0,0,0,0,0,0,0,0,0,0,0,1,0,0,0,0
24.0,1.0,1.0,408.0,0.0,26.0,48.0,1.0,1.0,11.0,0.36363636363636354,0.0,1.0,0.09999999999999999,0.0,0.5333333333333333,0.7058823529411764,0.0,0.0,1,1.0,1.0,1.0,38.0,66310065.0,0.0,0.57251906,0.0,0,1,0,0,0,0,0,0,0,0,0,0,0,0,0,0,0,1,0,0,0,0
27.0,1.0,1.0,381.5,0.0,30.0,56.0,1.0,1.0,5.0,0.6363636363636365,1.0,0.0,0.0,0.0,0.0,0.0,0.0,0.0,1,1.0,0.0,1.0,39.0,66410005.0,1.0,0.0,1.0,0,1,0,0,0,0,0,0,0,0,0,1,0,0,0,0,0,0,0,0,0,0
22.0,0.0,1.0,381.5,0.0,28.0,48.0,1.0,1.0,11.0,0.18181818181818188,0.0,0.0,0.0,0.0,0.0,0.0,0.0,0.0,1,1.0,0.0,1.0,39.0,66410005.0,1.0,0.0,1.0,0,1,0,0,0,0,0,0,0,0,0,0,0,0,0,1,0,0,0,0,0,0
22.0,0.0,0.0,0.0,0.0,0.0,0.0,0.0,0.0,7.0,0.18181818181818188,0.0,1.0,0.19999999999999998,0.0,0.6666666666666666,0.1680672268907563,0.0,0.0,1,0.0,1.0,1.0,39.0,66410005.0,0.0,0.0,0.0,0,1,0,0,0,0,0,0,0,0,0,0,0,1,0,0,0,0,0,0,0,0
24.0,0.0,1.0,280.0,0.0,20.0,48.0,0.0,0.0,9.0,0.45454545454545436,0.0,1.0,0.3,0.0,0.6666666666666666,0.3361344537815126,0.0,0.0,1,1.0,1.0,1.0,39.0,66430005.0,1.0,0.0,1.0,0,1,0,0,0,0,0,0,0,0,0,0,0,0,0,0,0,1,0,0,0,0
26.0,0.0,1.0,381.5,0.0,26.0,48.0,1.0,1.0,11.0,0.5454545454545452,0.0,0.0,0.0,0.0,0.0,0.0,0.0,0.0,1,1.0,0.0,1.0,39.0,66430005.0,1.0,0.0,1.0,0,1,0,0,0,0,0,0,0,0,0,0,0,0,0,0,0,1,0,0,0,0
24.0,0.0,1.0,610.0,0.0,26.0,48.0,1.0,1.0,7.0,0.36363636363636354,0.0,1.0,0.128,0.0,0.5333333333333333,0.47058823529411764,0.0,0.0,1,1.0,1.0,1.0,39.0,66430005.0,0.0,0.0,0.0,0,1,0,0,0,0,0,0,0,0,0,0,0,0,1,0,0,0,0,0,0,0
19.0,1.0,1.0,240.0,0.0,30.0,91.0,0.0,0.0,8.0,0.0,0.0,1.0,0.44999999999999996,0.0,0.8666666666666667,0.6050420168067226,0.0,0.0,0,1.0,1.0,1.0,40.0,76140005.0,1.0,0.75,0.0,0,1,0,0,0,0,0,0,0,0,0,0,0,0,1,0,0,0,0,0,0,0
27.0,1.0,1.0,240.0,0.0,12.0,24.0,0.0,0.0,11.0,0.6363636363636365,1.0,0.0,0.0,0.0,0.0,0.0,0.0,0.0,0,1.0,0.0,1.0,40.0,76140005.0,1.0,0.75,0.0,0,1,0,0,0,0,0,0,0,0,0,0,0,0,0,0,0,1,0,0,0,0
21.0,0.0,1.0,408.0,0.0,26.0,48.0,0.0,0.0,10.0,0.09090909090909083,0.0,1.0,0.358,0.0,0.8666666666666667,0.36974789915966383,1.0,0.0,1,1.0,1.0,1.0,41.0,83510005.0,0.0,0.0,0.0,0,1,0,0,0,0,0,0,0,0,0,0,0,0,0,1,0,0,0,0,0,0
20.0,0.0,1.0,320.0,0.0,16.0,32.0,0.0,0.0,11.0,0.09090909090909083,0.0,1.0,0.265,0.0,0.8666666666666667,0.3529411764705882,1.0,0.0,1,1.0,1.0,1.0,41.0,93920010.0,0.0,0.0,0.0,0,1,0,0,0,0,0,0,0,0,0,0,0,0,0,0,0,1,0,0,0,0
25.0,1.0,1.0,408.0,0.0,24.0,66.0,1.0,1.0,10.0,0.5454545454545452,1.0,1.0,0.358,0.0,0.8,0.40336134453781514,1.0,1.0,1,1.0,1.0,1.0,41.0,84410005.0,1.0,0.0,1.0,0,1,0,0,0,0,0,0,0,0,0,0,0,0,0,0,1,0,0,0,0,0
25.0,0.0,0.0,0.0,0.0,0.0,0.0,0.0,0.0,2.0,0.45454545454545436,0.0,0.0,0.0,0.0,0.0,0.0,0.0,0.0,0,0.0,0.0,1.0,41.0,83510005.0,0.0,0.0,0.0,0,1,0,0,0,0,0,0,1,0,0,0,0,0,0,0,0,0,0,0,0,0
22.0,0.0,1.0,290.0,0.0,30.0,84.0,0.0,0.0,5.0,0.18181818181818188,0.0,1.0,0.21,0.0,1.0,0.5882352941176471,0.0,0.0,1,1.0,1.0,1.0,41.0,84410005.0,1.0,0.0,1.0,0,1,0,0,0,0,0,0,0,0,0,0,0,0,0,0,0,1,0,0,0,0
26.0,0.0,1.0,800.0,0.0,26.0,48.0,0.0,0.0,7.0,0.5454545454545452,1.0,1.0,0.0,0.4666666666666666,1.0,0.4117647058823529,0.0,0.0,1,1.0,0.0,1.0,41.0,84410005.0,0.0,0.0,0.0,0,1,0,0,0,0,0,0,0,0,0,0,1,0,0,0,0,0,0,0,0,0
23.0,0.0,1.0,408.0,0.0,26.0,48.0,0.0,0.0,11.0,0.2727272727272727,0.0,1.0,0.09999999999999999,0.0,0.6666666666666666,0.21008403361344538,0.0,0.0,1,1.0,1.0,1.0,41.0,83510005.0,0.0,0.0,0.0,0,1,0,0,0,0,0,0,0,0,0,0,0,0,0,0,0,1,0,0,0,0
22.0,0.0,1.0,240.0,0.0,26.0,48.0,0.0,0.0,11.0,0.2727272727272727,0.0,0.0,0.0,0.0,0.0,0.0,0.0,0.0,1,1.0,0.0,1.0,41.0,83510005.0,1.0,0.0,1.0,0,1,0,0,0,0,0,0,0,0,0,0,0,0,0,0,0,1,0,0,0,0
25.0,0.0,1.0,300.0,0.0,30.0,91.0,0.0,0.0,6.0,0.45454545454545436,0.0,1.0,0.25,0.0,1.0,0.6470588235294117,0.0,0.0,1,1.0,1.0,1.0,41.0,83510005.0,0.0,0.0,0.0,0,1,0,0,0,0,0,0,0,0,0,1,0,0,0,0,0,0,0,0,0,0
23.0,0.0,1.0,0.0,100000.0,24.0,60.0,0.0,0.0,11.0,0.36363636363636354,0.0,1.0,0.358,0.0,0.6666666666666666,0.40336134453781514,1.0,0.0,0,0.0,1.0,1.0,48.0,13540015.0,0.0,0.0,0.0,0,1,0,0,0,0,0,0,0,0,0,0,0,0,0,0,0,1,0,0,0,0
25.0,0.0,1.0,286.0,0.0,28.0,70.0,0.0,0.0,9.0,0.45454545454545436,0.0,1.0,0.0,0.07777777777777778,0.9333333333333333,0.11764705882352941,0.0,0.0,1,1.0,0.0,1.0,42.0,13120005.0,1.0,0.7875,1.0,0,1,0,0,0,0,0,0,0,0,0,0,0,0,0,1,0,0,0,0,0,0
24.0,1.0,0.0,0.0,0.0,0.0,0.0,0.0,0.0,7.0,0.36363636363636354,1.0,1.0,0.0,0.16666666666666666,0.6666666666666666,0.42016806722689076,0.0,0.0,1,0.0,0.0,1.0,42.0,84210035.0,0.0,0.7875,0.0,0,1,0,0,0,0,0,0,0,0,0,0,1,0,0,0,0,0,0,0,0,0
22.0,0.0,1.0,408.0,0.0,26.0,48.0,0.0,0.0,11.0,0.2727272727272727,0.0,0.0,0.0,0.0,0.0,0.0,0.0,0.0,0,1.0,0.0,1.0,42.0,84210035.0,0.0,0.7875,0.0,0,1,0,0,0,0,0,0,0,0,0,0,0,0,0,0,0,1,0,0,0,0
20.0,1.0,0.0,0.0,0.0,0.0,0.0,0.0,0.0,9.0,0.0,0.0,1.0,0.36,0.0,0.8,0.42016806722689076,0.0,0.0,1,0.0,1.0,1.0,42.0,13120005.0,1.0,0.7875,1.0,0,1,0,0,0,0,0,0,0,0,0,0,0,0,0,1,0,0,0,0,0,0
22.0,0.0,1.0,250.0,0.0,30.0,80.0,0.0,0.0,7.0,0.18181818181818188,0.0,1.0,0.0,0.09999999999999999,1.0,0.11764705882352941,0.0,0.0,1,1.0,0.0,1.0,42.0,84210035.0,1.0,0.7875,1.0,0,1,0,0,0,0,0,0,0,0,0,0,0,1,0,0,0,0,0,0,0,0
21.0,1.0,1.0,0.0,0.0,22.0,48.0,0.0,0.0,11.0,0.18181818181818188,1.0,0.0,0.0,0.0,0.0,0.0,0.0,0.0,0,0.0,0.0,1.0,42.0,13120005.0,1.0,0.7875,0.0,0,1,0,0,0,0,0,0,0,0,0,0,0,0,0,0,0,1,0,0,0,0
23.0,0.0,1.0,650.0,0.0,30.0,56.0,1.0,1.0,11.0,0.2727272727272727,0.0,1.0,0.06,0.0,0.8,0.5042016806722689,0.0,0.0,1,1.0,1.0,1.0,42.0,13120005.0,1.0,0.7875,1.0,0,1,0,0,0,0,0,0,0,0,0,0,0,0,0,0,0,1,0,0,0,0
23.0,0.0,1.0,408.0,0.0,26.0,48.0,1.0,1.0,11.0,0.2727272727272727,0.0,0.0,0.0,0.0,0.0,0.0,0.0,0.0,1,1.0,0.0,1.0,42.0,84210035.0,1.0,0.7875,1.0,0,1,0,0,0,0,0,0,0,0,0,0,0,0,0,0,0,1,0,0,0,0
20.0,0.0,1.0,600.0,0.0,30.0,70.0,1.0,0.0,14.0,0.09090909090909083,0.0,0.0,0.0,0.0,0.0,0.0,0.0,0.0,1,1.0,0.0,1.0,42.0,13120005.0,0.0,0.7875,0.0,0,1,0,0,0,0,0,0,0,0,0,0,0,0,0,0,0,0,1,0,0,0
22.0,1.0,0.0,0.0,0.0,0.0,0.0,0.0,0.0,5.0,0.18181818181818188,1.0,0.0,0.0,0.0,0.0,0.0,0.0,0.0,0,0.0,0.0,1.0,42.0,84210035.0,1.0,0.7875,0.0,0,1,0,0,0,0,0,0,0,0,0,1,0,0,0,0,0,0,0,0,0,0
22.0,1.0,1.0,408.0,0.0,26.0,48.0,1.0,1.0,8.0,0.18181818181818188,1.0,1.0,0.3,0.0,1.0,0.6470588235294117,0.0,1.0,1,1.0,1.0,1.0,42.0,84210035.0,0.0,0.7875,0.0,0,1,0,0,0,0,0,0,0,0,0,0,0,0,1,0,0,0,0,0,0,0
24.0,0.0,1.0,550.0,0.0,30.0,54.0,1.0,1.0,7.0,0.45454545454545436,0.0,1.0,0.3815,0.0,0.8,0.40336134453781514,1.0,1.0,0,1.0,1.0,1.0,42.0,84210035.0,0.0,0.7875,0.0,0,1,0,0,0,0,0,0,0,0,0,0,0,1,0,0,0,0,0,0,0,0
25.0,0.0,1.0,381.5,0.0,26.0,48.0,0.0,0.0,11.0,0.45454545454545436,0.0,1.0,0.358,0.0,0.8666666666666667,0.40336134453781514,0.0,0.0,0,1.0,1.0,1.0,42.0,13120005.0,0.0,0.7875,0.0,0,1,0,0,0,0,0,0,0,0,0,0,0,0,0,0,0,1,0,0,0,0
25.0,1.0,1.0,408.0,0.0,26.0,48.0,1.0,1.0,11.0,0.45454545454545436,1.0,1.0,0.18,0.0,0.6666666666666666,0.5882352941176471,0.0,0.0,0,1.0,1.0,1.0,42.0,13120005.0,1.0,0.7875,0.0,0,1,0,0,0,0,0,0,0,0,0,0,0,0,0,0,0,1,0,0,0,0
22.0,0.0,1.0,520.0,0.0,28.0,56.0,1.0,1.0,11.0,0.2727272727272727,0.0,0.0,0.0,0.0,0.0,0.0,0.0,0.0,0,1.0,0.0,1.0,42.0,13120005.0,1.0,0.7875,0.0,0,1,0,0,0,0,0,0,0,0,0,0,0,0,0,0,0,1,0,0,0,0
23.0,0.0,1.0,0.0,200000.0,25.0,40.0,0.0,0.0,11.0,0.2727272727272727,0.0,1.0,0.0,0.3333333333333333,0.8,0.3025210084033613,0.0,0.0,0,0.0,0.0,1.0,42.0,13120005.0,1.0,0.7875,0.0,0,1,0,0,0,0,0,0,0,0,0,0,0,0,0,0,0,1,0,0,0,0
25.0,0.0,1.0,370.0,0.0,22.0,42.0,1.0,1.0,11.0,0.45454545454545436,0.0,0.0,0.0,0.0,0.0,0.0,0.0,0.0,1,1.0,0.0,1.0,42.0,13120005.0,1.0,0.7875,1.0,0,1,0,0,0,0,0,0,0,0,0,0,0,0,0,0,0,1,0,0,0,0
25.0,1.0,1.0,300.0,0.0,5.0,40.0,0.0,0.0,11.0,0.5454545454545452,0.0,1.0,0.25,0.0,0.7333333333333333,0.3361344537815126,0.0,0.0,1,1.0,1.0,1.0,43.0,13540015.0,1.0,0.0,1.0,0,1,0,0,0,0,0,0,0,0,0,0,0,0,0,0,0,1,0,0,0,0
26.0,0.0,1.0,300.0,0.0,26.0,78.0,0.0,0.0,9.0,0.5454545454545452,0.0,1.0,0.24,0.0,0.4,0.25210084033613445,0.0,0.0,1,1.0,1.0,1.0,43.0,84210005.0,1.0,0.0,1.0,0,1,0,0,0,0,0,0,0,0,0,0,0,0,0,0,1,0,0,0,0,0
24.0,0.0,1.0,300.0,0.0,30.0,84.0,0.0,0.0,8.0,0.36363636363636354,0.0,1.0,0.0,0.0,1.0,0.7058823529411764,0.0,0.0,0,1.0,0.0,1.0,43.0,84110115.0,1.0,0.0,0.0,0,1,0,0,0,0,0,0,0,0,0,0,0,0,1,0,0,0,0,0,0,0
21.0,0.0,1.0,408.0,0.0,24.0,45.0,1.0,1.0,11.0,0.09090909090909083,0.0,0.0,0.0,0.0,0.0,0.0,0.0,0.0,1,1.0,0.0,1.0,43.0,63110105.0,0.0,0.0,0.0,0,1,0,0,0,0,0,0,0,0,0,0,0,0,0,0,0,1,0,0,0,0
25.0,0.0,1.0,408.0,0.0,26.0,60.0,1.0,1.0,9.0,0.5454545454545452,0.0,1.0,0.358,0.0,0.8,0.40336134453781514,0.0,0.0,0,1.0,1.0,1.0,43.0,63110005.0,1.0,0.0,0.0,0,1,0,0,0,0,0,0,0,0,0,0,0,0,0,1,0,0,0,0,0,0
24.0,1.0,1.0,0.0,0.0,30.0,98.0,0.0,0.0,11.0,0.45454545454545436,0.0,0.0,0.0,0.0,0.0,0.0,0.0,0.0,0,0.0,0.0,1.0,43.0,13420005.0,1.0,0.0,0.0,0,1,0,0,0,0,0,0,0,0,0,0,0,0,0,0,0,1,0,0,0,0
20.0,0.0,1.0,381.5,0.0,15.0,84.0,1.0,1.0,11.0,0.0,0.0,1.0,0.06999999999999999,0.0,0.7333333333333333,0.3361344537815126,0.0,0.0,1,1.0,1.0,1.0,43.0,13540015.0,1.0,0.0,1.0,0,1,0,0,0,0,0,0,0,0,0,0,0,0,0,0,0,1,0,0,0,0
21.0,0.0,1.0,620.0,0.0,7.0,48.0,1.0,1.0,11.0,0.18181818181818188,0.0,0.0,0.0,0.0,0.0,0.0,0.0,0.0,1,1.0,0.0,1.0,43.0,84210110.0,0.0,0.0,0.0,0,1,0,0,0,0,0,0,0,0,0,0,0,0,0,0,0,1,0,0,0,0
27.0,0.0,1.0,408.0,0.0,26.0,48.0,0.0,0.0,11.0,0.6363636363636365,0.0,1.0,0.19999999999999998,0.0,0.7333333333333333,0.3361344537815126,0.0,0.0,1,1.0,1.0,1.0,43.0,83210005.0,0.0,0.0,0.0,0,1,0,0,0,0,0,0,0,0,0,0,0,0,0,0,0,1,0,0,0,0
25.0,0.0,1.0,300.0,0.0,20.0,48.0,1.0,0.0,11.0,0.45454545454545436,1.0,0.0,0.0,0.0,0.0,0.0,0.0,0.0,1,1.0,0.0,1.0,43.0,13540015.0,1.0,0.0,1.0,0,1,0,0,0,0,0,0,0,0,0,0,0,0,0,0,0,1,0,0,0,0
20.0,0.0,1.0,250.0,0.0,16.0,36.0,0.0,0.0,11.0,0.09090909090909083,0.0,1.0,0.25,0.0,1.0,0.5882352941176471,0.0,1.0,0,1.0,1.0,1.0,43.0,13540015.0,0.0,0.0,0.0,0,1,0,0,0,0,0,0,0,0,0,0,0,0,0,0,0,1,0,0,0,0
20.0,0.0,1.0,105.0,0.0,25.0,54.0,1.0,0.0,11.0,0.0,0.0,1.0,0.18,0.0,0.5,0.1764705882352941,0.0,0.0,0,1.0,1.0,1.0,43.0,83210005.0,0.0,0.0,0.0,0,1,0,0,0,0,0,0,0,0,0,1,0,0,0,0,0,0,0,0,0,0
23.0,0.0,1.0,550.0,0.0,30.0,84.0,0.0,1.0,11.0,0.36363636363636354,0.0,1.0,0.0,0.05555555555555555,0.8666666666666667,0.5546218487394958,0.0,0.0,0,1.0,0.0,1.0,43.0,13540015.0,1.0,0.0,0.0,0,1,0,0,0,0,0,0,0,0,0,0,0,0,0,0,1,0,0,0,0,0
20.0,0.0,1.0,350.0,0.0,26.0,48.0,0.0,0.0,11.0,0.09090909090909083,0.0,1.0,0.358,0.0,0.6666666666666666,0.3361344537815126,0.0,0.0,0,1.0,1.0,1.0,43.0,13540015.0,1.0,0.0,0.0,0,1,0,0,0,0,0,0,0,0,0,0,0,0,0,0,0,1,0,0,0,0
26.0,0.0,1.0,408.0,0.0,26.0,48.0,1.0,1.0,11.0,0.6363636363636365,0.0,1.0,0.0,0.0,0.8666666666666667,0.40336134453781514,1.0,1.0,1,1.0,0.0,1.0,43.0,13540015.0,1.0,0.0,1.0,0,1,0,0,0,0,0,0,0,0,0,0,0,0,0,0,0,1,0,0,0,0
22.0,0.0,0.0,0.0,0.0,0.0,0.0,0.0,0.0,11.0,0.18181818181818188,1.0,1.0,0.36,0.0,0.8666666666666667,0.40336134453781514,0.0,0.0,1,0.0,1.0,1.0,43.0,13420005.0,1.0,0.0,1.0,0,1,0,0,0,0,0,0,0,0,0,0,0,0,0,0,0,1,0,0,0,0
23.0,0.0,1.0,408.0,0.0,29.0,42.0,1.0,1.0,12.0,0.2727272727272727,0.0,1.0,0.3815,0.0,0.8666666666666667,0.36974789915966383,1.0,1.0,0,1.0,1.0,1.0,43.0,84110115.0,1.0,0.0,0.0,0,1,0,0,0,0,0,0,0,0,0,0,0,0,0,0,0,1,0,0,0,0
23.0,0.0,1.0,408.0,0.0,20.0,40.0,0.0,0.0,11.0,0.36363636363636354,0.0,1.0,0.0,0.0,0.4,0.20168067226890757,0.0,0.0,0,1.0,0.0,1.0,43.0,84110115.0,0.0,0.0,0.0,0,1,0,0,0,0,0,0,0,0,0,0,0,0,0,0,0,1,0,0,0,0
24.0,0.0,1.0,350.0,0.0,26.0,48.0,0.0,0.0,5.0,0.45454545454545436,0.0,0.0,0.0,0.0,0.0,0.0,0.0,0.0,1,1.0,0.0,1.0,43.0,83210005.0,0.0,0.0,0.0,0,1,0,0,0,0,0,0,0,0,0,0,0,0,0,0,0,1,0,0,0,0
23.0,1.0,1.0,0.0,100000.0,24.0,48.0,0.0,0.0,11.0,0.18181818181818188,1.0,1.0,0.0,0.0,0.2,0.3025210084033613,0.0,0.0,1,0.0,0.0,1.0,43.0,63110005.0,0.0,0.0,0.0,0,1,0,0,0,0,0,0,0,0,0,0,0,0,0,0,0,1,0,0,0,0
20.0,0.0,0.0,0.0,0.0,0.0,0.0,0.0,0.0,11.0,0.09090909090909083,0.0,1.0,0.244,0.0,0.5666666666666667,0.5294117647058824,0.0,0.0,1,0.0,1.0,1.0,43.0,63110105.0,1.0,0.0,1.0,0,1,0,0,0,0,0,0,0,0,0,0,0,0,0,0,0,1,0,0,0,0
23.0,1.0,1.0,408.0,0.0,26.0,48.0,1.0,1.0,10.0,0.2727272727272727,0.0,1.0,0.358,0.0,0.8,0.47058823529411764,1.0,1.0,0,1.0,1.0,1.0,43.0,84210110.0,0.0,0.0,0.0,0,1,0,0,0,0,0,0,0,0,0,0,0,0,0,0,0,1,0,0,0,0
24.0,0.0,1.0,550.0,0.0,20.0,48.0,1.0,1.0,11.0,0.36363636363636354,0.0,1.0,0.44999999999999996,0.0,0.7333333333333333,0.4621848739495798,1.0,1.0,1,1.0,1.0,1.0,43.0,84110115.0,1.0,0.0,1.0,0,1,0,0,0,0,0,0,0,0,0,0,0,0,0,0,0,1,0,0,0,0
22.0,0.0,1.0,0.0,95000.0,30.0,70.0,0.0,0.0,8.0,0.18181818181818188,0.0,1.0,0.0,0.1111111111111111,1.0,0.42016806722689076,0.0,0.0,1,0.0,0.0,1.0,43.0,84110105.0,0.0,0.0,0.0,0,1,0,0,0,0,0,0,0,0,0,0,0,0,0,1,0,0,0,0,0,0
24.0,0.0,1.0,408.0,0.0,26.0,58.0,1.0,1.0,11.0,0.36363636363636354,0.0,0.0,0.0,0.0,0.0,0.0,0.0,0.0,1,1.0,0.0,1.0,43.0,84110105.0,1.0,0.0,1.0,0,1,0,0,0,0,0,0,0,0,0,0,0,0,0,0,0,1,0,0,0,0
23.0,0.0,1.0,408.0,0.0,26.0,48.0,1.0,1.0,5.0,0.2727272727272727,0.0,1.0,0.24,0.0,0.8666666666666667,0.5042016806722689,0.0,0.0,1,1.0,1.0,1.0,43.0,84110115.0,1.0,0.0,1.0,0,1,0,0,0,0,0,0,0,0,0,0,1,0,0,0,0,0,0,0,0,0
27.0,0.0,1.0,360.0,0.0,26.0,30.0,0.0,0.0,10.0,0.6363636363636365,0.0,1.0,0.3,0.0,0.8666666666666667,0.6302521008403361,0.0,1.0,0,1.0,1.0,1.0,43.0,13420005.0,1.0,0.0,0.0,0,1,0,0,0,0,0,0,0,0,0,0,0,0,0,0,1,0,0,0,0,0
23.0,1.0,0.0,0.0,0.0,0.0,0.0,0.0,0.0,9.0,0.36363636363636354,1.0,0.0,0.0,0.0,0.0,0.0,0.0,0.0,1,0.0,0.0,1.0,43.0,84210005.0,1.0,0.0,1.0,0,1,0,0,0,0,0,0,0,0,0,0,0,1,0,0,0,0,0,0,0,0
25.0,0.0,1.0,240.0,0.0,26.0,48.0,1.0,0.0,11.0,0.5454545454545452,0.0,1.0,0.358,0.0,0.8666666666666667,0.453781512605042,1.0,1.0,1,1.0,1.0,1.0,43.0,84210005.0,0.0,0.0,0.0,0,1,0,0,0,0,0,0,0,0,0,0,0,0,0,0,0,1,0,0,0,0
21.0,0.0,1.0,580.0,0.0,22.0,62.0,1.0,1.0,9.0,0.09090909090909083,0.0,1.0,0.358,0.0,0.8666666666666667,0.40336134453781514,1.0,1.0,0,1.0,1.0,1.0,43.0,84210025.0,0.0,0.0,0.0,0,1,0,0,0,0,0,0,0,0,0,0,0,0,0,0,0,1,0,0,0,0
21.0,0.0,0.0,0.0,0.0,0.0,0.0,0.0,0.0,11.0,0.18181818181818188,0.0,0.0,0.0,0.0,0.0,0.0,0.0,0.0,1,0.0,0.0,1.0,43.0,84210025.0,1.0,0.0,1.0,0,1,0,0,0,0,0,0,0,0,0,0,0,0,0,0,0,1,0,0,0,0
24.0,0.0,1.0,300.0,0.0,24.0,54.0,0.0,0.0,6.0,0.45454545454545436,0.0,0.0,0.0,0.0,0.0,0.0,0.0,0.0,1,1.0,0.0,1.0,43.0,84210025.0,1.0,0.0,1.0,0,1,0,0,0,0,0,0,0,0,0,0,1,0,0,0,0,0,0,0,0,0
21.0,1.0,0.0,0.0,0.0,0.0,0.0,0.0,0.0,7.0,0.18181818181818188,0.0,1.0,0.0,0.2222222222222222,0.8666666666666667,0.20168067226890757,0.0,0.0,0,0.0,0.0,1.0,43.0,63110105.0,1.0,0.0,0.0,0,1,0,0,0,0,0,0,0,0,0,0,0,0,1,0,0,0,0,0,0,0
23.0,1.0,1.0,950.0,0.0,26.0,48.0,1.0,0.0,11.0,0.36363636363636354,0.0,1.0,0.39999999999999997,0.0,0.8666666666666667,0.40336134453781514,0.0,0.0,1,1.0,1.0,1.0,43.0,84110115.0,0.0,0.0,0.0,0,1,0,0,0,0,0,0,0,0,0,0,0,0,0,0,0,1,0,0,0,0
26.0,0.0,1.0,55.0,0.0,26.0,48.0,0.0,0.0,11.0,0.5454545454545452,0.0,0.0,0.0,0.0,0.0,0.0,0.0,0.0,1,1.0,0.0,1.0,43.0,84210025.0,0.0,0.0,0.0,0,1,0,0,0,0,0,0,0,0,0,0,0,0,0,0,0,1,0,0,0,0
25.0,0.0,0.0,0.0,0.0,0.0,0.0,0.0,0.0,11.0,0.45454545454545436,0.0,0.0,0.0,0.0,0.0,0.0,0.0,0.0,0,0.0,0.0,1.0,43.0,13420005.0,0.0,0.0,0.0,0,1,0,0,0,0,0,0,0,0,0,0,0,0,0,0,0,1,0,0,0,0
25.0,0.0,1.0,408.0,0.0,24.0,54.0,0.0,0.0,7.0,0.45454545454545436,0.0,1.0,0.19999999999999998,0.0,0.8,0.40336134453781514,0.0,0.0,1,1.0,1.0,1.0,43.0,84210110.0,0.0,0.0,0.0,0,1,0,0,0,0,0,0,0,0,0,0,0,1,0,0,0,0,0,0,0,0
24.0,0.0,0.0,0.0,0.0,0.0,0.0,0.0,0.0,11.0,0.45454545454545436,0.0,1.0,0.0,0.17777777777777776,0.7333333333333333,0.37815126050420167,0.0,0.0,1,0.0,0.0,1.0,43.0,63110005.0,1.0,0.0,1.0,0,1,0,0,0,0,0,0,0,0,0,0,0,0,0,0,0,1,0,0,0,0
22.0,0.0,1.0,300.0,0.0,20.0,35.0,0.0,0.0,6.0,0.2727272727272727,0.0,1.0,0.09999999999999999,0.0,0.7333333333333333,0.3361344537815126,0.0,0.0,0,1.0,1.0,1.0,43.0,96120005.0,1.0,0.0,0.0,0,1,0,0,0,0,0,0,0,0,0,1,0,0,0,0,0,0,0,0,0,0
21.0,0.0,1.0,408.0,0.0,30.0,70.0,0.0,0.0,11.0,0.18181818181818188,0.0,1.0,0.16,0.0,0.6666666666666666,0.25210084033613445,0.0,0.0,0,1.0,1.0,1.0,43.0,13540015.0,0.0,0.0,0.0,0,1,0,0,0,0,0,0,0,0,0,0,0,0,1,0,0,0,0,0,0,0
25.0,1.0,0.0,0.0,0.0,0.0,0.0,0.0,0.0,11.0,0.45454545454545436,1.0,0.0,0.0,0.0,0.0,0.0,0.0,0.0,1,0.0,0.0,1.0,43.0,63110005.0,1.0,0.0,1.0,0,1,0,0,0,0,0,0,0,0,0,0,0,0,0,0,0,1,0,0,0,0
21.0,0.0,1.0,408.0,0.0,26.0,60.0,0.0,0.0,5.0,0.18181818181818188,0.0,1.0,0.3815,0.0,0.8333333333333334,0.5042016806722689,0.0,0.0,0,1.0,1.0,1.0,43.0,84210005.0,0.0,0.0,0.0,0,1,0,0,0,0,0,0,0,0,0,0,1,0,0,0,0,0,0,0,0,0
23.0,0.0,1.0,250.0,0.0,12.0,36.0,0.0,0.0,9.0,0.2727272727272727,1.0,1.0,0.24,0.0,1.0,0.40336134453781514,0.0,0.0,0,1.0,1.0,1.0,43.0,84210110.0,1.0,0.0,0.0,0,1,0,0,0,0,0,0,0,0,0,0,0,0,0,1,0,0,0,0,0,0
23.0,0.0,1.0,360.0,0.0,30.0,105.0,0.0,0.0,11.0,0.36363636363636354,0.0,1.0,0.04,0.0,0.8666666666666667,0.5546218487394958,0.0,0.0,1,1.0,1.0,1.0,43.0,84210025.0,0.0,0.0,0.0,0,1,0,0,0,0,0,0,0,0,0,0,0,0,0,0,0,1,0,0,0,0
21.0,0.0,1.0,550.0,0.0,22.0,40.0,0.0,1.0,11.0,0.09090909090909083,0.0,1.0,0.358,0.0,0.8666666666666667,0.5546218487394958,0.0,0.0,1,1.0,1.0,1.0,43.0,83210005.0,0.0,0.0,0.0,0,1,0,0,0,0,0,0,0,0,0,0,0,0,0,0,0,1,0,0,0,0
20.0,0.0,1.0,600.0,0.0,26.0,48.0,1.0,1.0,11.0,0.09090909090909083,0.0,0.0,0.0,0.0,0.0,0.0,0.0,0.0,0,1.0,0.0,1.0,43.0,84110115.0,0.0,0.0,0.0,0,1,0,0,0,0,0,0,0,0,0,0,0,0,0,0,0,1,0,0,0,0
20.0,0.0,1.0,0.0,150000.0,25.0,28.0,0.0,0.0,11.0,0.0,0.0,1.0,0.0,0.12222222222222222,0.8666666666666667,0.1764705882352941,0.0,0.0,1,0.0,0.0,1.0,43.0,84110115.0,0.0,0.0,0.0,0,1,0,0,0,0,0,0,0,0,0,0,0,0,0,0,0,1,0,0,0,0
26.0,1.0,1.0,408.0,0.0,26.0,72.0,0.0,1.0,6.0,0.6363636363636365,0.0,1.0,0.27999999999999997,0.0,1.0,0.7563025210084033,0.0,0.0,0,1.0,1.0,1.0,43.0,84110115.0,0.0,0.0,0.0,0,1,0,0,0,0,0,0,0,0,1,0,0,0,0,0,0,0,0,0,0,0
24.0,1.0,1.0,340.0,0.0,16.0,36.0,1.0,0.0,9.0,0.36363636363636354,1.0,1.0,0.06,0.0,0.13333333333333333,0.3025210084033613,0.0,0.0,0,1.0,1.0,1.0,43.0,63110005.0,1.0,0.0,0.0,0,1,0,0,0,0,0,0,0,0,0,0,0,0,0,0,1,0,0,0,0,0
25.0,1.0,1.0,400.0,0.0,26.0,48.0,1.0,0.0,11.0,0.5454545454545452,1.0,1.0,0.6,0.0,0.9333333333333333,0.5042016806722689,0.0,0.0,0,1.0,1.0,1.0,43.0,84210110.0,0.0,0.0,0.0,0,1,0,0,0,0,0,0,0,0,0,0,0,0,0,1,0,0,0,0,0,0
21.0,1.0,1.0,408.0,0.0,10.0,20.0,1.0,1.0,11.0,0.09090909090909083,0.0,1.0,0.5,0.0,1.0,0.6470588235294117,1.0,1.0,1,1.0,1.0,1.0,43.0,84110115.0,0.0,0.0,0.0,0,1,0,0,0,0,0,0,0,0,0,0,0,0,0,0,0,1,0,0,0,0
26.0,0.0,0.0,0.0,0.0,0.0,0.0,0.0,0.0,11.0,0.5454545454545452,0.0,1.0,0.0,0.3333333333333333,1.0,0.47058823529411764,0.0,0.0,0,0.0,0.0,1.0,43.0,84110105.0,1.0,0.0,0.0,0,1,0,0,0,0,0,0,0,0,0,0,0,0,0,0,0,1,0,0,0,0
25.0,1.0,1.0,408.0,0.0,26.0,48.0,1.0,1.0,9.0,0.5454545454545452,1.0,1.0,0.0,0.4222222222222222,1.0,0.42016806722689076,0.0,0.0,1,1.0,0.0,1.0,43.0,13420005.0,1.0,0.0,1.0,0,1,0,0,0,0,0,0,0,0,0,0,0,0,0,1,0,0,0,0,0,0
26.0,0.0,1.0,408.0,0.0,20.0,40.0,1.0,1.0,11.0,0.5454545454545452,0.0,0.0,0.0,0.0,0.0,0.0,0.0,0.0,1,1.0,0.0,1.0,43.0,83210005.0,1.0,0.0,1.0,0,1,0,0,0,0,0,0,0,0,0,0,0,0,0,0,0,1,0,0,0,0
22.0,1.0,0.0,0.0,0.0,0.0,0.0,0.0,0.0,6.0,0.18181818181818188,1.0,1.0,0.19999999999999998,0.0,0.26666666666666666,0.1680672268907563,0.0,0.0,1,0.0,1.0,1.0,43.0,84110105.0,0.0,0.0,0.0,0,1,0,0,0,0,0,0,0,0,0,1,0,0,0,0,0,0,0,0,0,0
23.0,0.0,0.0,0.0,0.0,0.0,0.0,0.0,0.0,11.0,0.2727272727272727,0.0,0.0,0.0,0.0,0.0,0.0,0.0,0.0,1,0.0,0.0,1.0,43.0,63110005.0,0.0,0.0,0.0,0,1,0,0,0,0,0,0,0,0,0,0,0,0,0,0,0,1,0,0,0,0
20.0,0.0,1.0,0.0,150000.0,12.0,24.0,0.0,0.0,11.0,0.09090909090909083,0.0,1.0,0.0,0.027777777777777776,0.5,0.04201680672268907,0.0,0.0,0,0.0,0.0,1.0,43.0,84210110.0,0.0,0.0,0.0,0,1,0,0,0,0,0,0,0,0,0,0,0,0,0,0,0,1,0,0,0,0
20.0,0.0,1.0,300.0,0.0,24.0,105.0,0.0,0.0,8.0,0.0,0.0,0.0,0.0,0.0,0.0,0.0,0.0,0.0,1,1.0,0.0,1.0,43.0,83210005.0,1.0,0.0,1.0,0,1,0,0,0,0,0,0,0,0,0,0,0,0,1,0,0,0,0,0,0,0
24.0,0.0,1.0,500.0,0.0,30.0,84.0,1.0,1.0,11.0,0.36363636363636354,0.0,0.0,0.0,0.0,0.0,0.0,0.0,0.0,0,1.0,0.0,1.0,43.0,13420005.0,0.0,0.0,0.0,0,1,0,0,0,0,0,0,0,0,0,0,0,0,0,0,0,1,0,0,0,0
23.0,0.0,1.0,408.0,0.0,26.0,48.0,1.0,1.0,11.0,0.2727272727272727,0.0,1.0,0.44999999999999996,0.0,0.8,0.40336134453781514,1.0,1.0,0,1.0,1.0,1.0,43.0,63110005.0,0.0,0.0,0.0,0,1,0,0,0,0,0,0,0,0,0,0,0,0,0,0,0,1,0,0,0,0
22.0,0.0,1.0,381.5,0.0,26.0,48.0,0.0,0.0,11.0,0.18181818181818188,0.0,1.0,0.358,0.0,0.8666666666666667,0.40336134453781514,0.0,0.0,1,1.0,1.0,1.0,43.0,83210005.0,1.0,0.0,1.0,0,1,0,0,0,0,0,0,0,0,0,1,0,0,0,0,0,0,0,0,0,0
27.0,0.0,1.0,408.0,0.0,26.0,72.0,1.0,1.0,11.0,0.6363636363636365,1.0,0.0,0.0,0.0,0.0,0.0,0.0,0.0,0,1.0,0.0,1.0,43.0,63110005.0,1.0,0.0,0.0,0,1,0,0,0,0,0,0,0,0,0,0,0,0,0,0,0,1,0,0,0,0
20.0,0.0,1.0,469.0,0.0,26.0,48.0,1.0,1.0,11.0,0.0,0.0,0.0,0.0,0.0,0.0,0.0,0.0,0.0,1,1.0,0.0,1.0,43.0,63110105.0,0.0,0.0,0.0,0,1,0,0,0,0,0,0,0,0,0,0,0,0,0,0,0,1,0,0,0,0
22.0,0.0,1.0,408.0,0.0,28.0,48.0,1.0,1.0,11.0,0.2727272727272727,0.0,0.0,0.0,0.0,0.0,0.0,0.0,0.0,1,1.0,0.0,1.0,43.0,84110105.0,0.0,0.0,0.0,0,1,0,0,0,0,0,0,0,0,0,0,0,0,0,0,0,1,0,0,0,0
20.0,0.0,0.0,0.0,0.0,0.0,0.0,0.0,0.0,11.0,0.0,0.0,0.0,0.0,0.0,0.0,0.0,0.0,0.0,0,0.0,0.0,1.0,43.0,84110115.0,0.0,0.0,0.0,0,1,0,0,0,0,0,0,0,0,0,0,0,0,0,0,0,1,0,0,0,0
21.0,0.0,1.0,408.0,0.0,26.0,54.0,1.0,0.0,11.0,0.09090909090909083,0.0,1.0,0.09999999999999999,0.0,0.26666666666666666,0.2689075630252101,0.0,0.0,1,1.0,1.0,1.0,43.0,84210025.0,0.0,0.0,0.0,0,1,0,0,0,0,0,0,0,0,0,0,0,0,0,0,0,1,0,0,0,0
23.0,1.0,1.0,650.0,0.0,26.0,72.0,0.0,0.0,11.0,0.2727272727272727,0.0,0.0,0.0,0.0,0.0,0.0,0.0,0.0,0,1.0,0.0,1.0,43.0,13540015.0,0.0,0.0,0.0,0,1,0,0,0,0,0,0,0,0,0,0,0,0,0,0,0,1,0,0,0,0
21.0,1.0,1.0,55.0,0.0,26.0,48.0,0.0,0.0,7.0,0.09090909090909083,1.0,1.0,0.24,0.0,0.8666666666666667,0.5042016806722689,0.0,0.0,1,1.0,1.0,1.0,43.0,84210025.0,0.0,0.0,0.0,0,1,0,0,0,0,0,0,0,0,0,1,0,0,0,0,0,0,0,0,0,0
21.0,0.0,1.0,750.0,0.0,26.0,80.0,0.0,1.0,6.0,0.18181818181818188,0.0,1.0,0.33599999999999997,0.0,0.8,0.5546218487394958,0.0,1.0,0,1.0,1.0,1.0,43.0,84210110.0,0.0,0.0,0.0,0,1,0,0,0,0,0,0,0,0,0,0,1,0,0,0,0,0,0,0,0,0
23.0,0.0,1.0,80.0,0.0,8.0,10.0,0.0,0.0,8.0,0.36363636363636354,0.0,0.0,0.0,0.0,0.0,0.0,0.0,0.0,0,1.0,0.0,1.0,43.0,84210025.0,1.0,0.0,0.0,0,1,0,0,0,0,0,0,0,0,0,0,0,0,1,0,0,0,0,0,0,0
25.0,0.0,1.0,480.0,0.0,30.0,84.0,0.0,0.0,11.0,0.45454545454545436,0.0,0.0,0.0,0.0,0.0,0.0,0.0,0.0,1,1.0,0.0,1.0,43.0,13420005.0,0.0,0.0,0.0,0,1,0,0,0,0,0,0,0,0,0,0,0,0,0,0,0,1,0,0,0,0
27.0,1.0,1.0,456.0,0.0,26.0,48.0,1.0,1.0,6.0,0.6363636363636365,0.0,1.0,0.06,0.0,0.8,0.40336134453781514,0.0,1.0,1,1.0,1.0,1.0,43.0,84110115.0,0.0,0.0,0.0,0,1,0,0,0,0,0,0,0,0,0,1,0,0,0,0,0,0,0,0,0,0
22.0,0.0,1.0,381.5,0.0,28.0,48.0,1.0,1.0,12.0,0.2727272727272727,0.0,1.0,0.38,0.0,1.0,0.7058823529411764,1.0,1.0,1,1.0,1.0,1.0,43.0,84110105.0,0.0,0.0,0.0,0,1,0,0,0,0,0,0,0,0,0,0,0,0,0,0,0,1,0,0,0,0
26.0,0.0,1.0,408.0,0.0,26.0,48.0,1.0,1.0,11.0,0.5454545454545452,0.0,0.0,0.0,0.0,0.0,0.0,0.0,0.0,1,1.0,0.0,1.0,43.0,84210005.0,0.0,0.0,0.0,0,1,0,0,0,0,0,0,0,0,0,0,0,0,0,0,0,1,0,0,0,0
23.0,0.0,1.0,430.0,0.0,30.0,56.0,1.0,1.0,11.0,0.36363636363636354,0.0,1.0,0.3815,0.0,0.7333333333333333,0.7563025210084033,1.0,1.0,1,1.0,1.0,1.0,43.0,84110115.0,0.0,0.0,0.0,0,1,0,0,0,0,0,0,0,0,0,0,0,0,0,0,0,1,0,0,0,0
23.0,0.0,1.0,200.0,0.0,20.0,50.0,0.0,0.0,11.0,0.2727272727272727,0.0,1.0,0.09999999999999999,0.0,0.8666666666666667,0.6386554621848739,0.0,0.0,1,1.0,1.0,1.0,43.0,13420005.0,1.0,0.0,1.0,0,1,0,0,0,0,0,0,0,0,0,0,0,0,0,0,0,1,0,0,0,0
22.0,0.0,1.0,408.0,0.0,15.0,48.0,1.0,1.0,10.0,0.2727272727272727,0.0,1.0,0.5,0.0,1.0,0.7058823529411764,0.0,0.0,1,1.0,1.0,1.0,43.0,84210005.0,0.0,0.0,0.0,0,1,0,0,0,0,0,0,0,0,0,0,0,0,0,0,1,0,0,0,0,0
23.0,0.0,1.0,420.0,0.0,30.0,80.0,0.0,0.0,9.0,0.2727272727272727,0.0,0.0,0.0,0.0,0.0,0.0,0.0,0.0,1,1.0,0.0,1.0,43.0,84210110.0,1.0,0.0,1.0,0,1,0,0,0,0,0,0,0,0,0,0,0,0,1,0,0,0,0,0,0,0
25.0,1.0,1.0,700.0,0.0,27.0,72.0,1.0,1.0,11.0,0.5454545454545452,0.0,1.0,0.358,0.0,0.8333333333333334,0.40336134453781514,0.0,0.0,1,1.0,1.0,1.0,43.0,84210110.0,0.0,0.0,0.0,0,1,0,0,0,0,0,0,0,0,0,0,0,0,0,0,0,1,0,0,0,0
21.0,1.0,1.0,600.0,0.0,26.0,60.0,0.0,0.0,4.0,0.09090909090909083,0.0,1.0,0.12,0.0,0.8666666666666667,0.40336134453781514,0.0,0.0,0,1.0,1.0,1.0,43.0,84110105.0,0.0,0.0,0.0,0,1,0,0,0,0,0,0,0,0,1,0,0,0,0,0,0,0,0,0,0,0
27.0,1.0,0.0,0.0,0.0,0.0,0.0,0.0,0.0,11.0,0.6363636363636365,1.0,0.0,0.0,0.0,0.0,0.0,0.0,0.0,0,0.0,0.0,1.0,43.0,96120005.0,1.0,0.0,0.0,0,1,0,0,0,0,0,0,0,0,0,0,0,0,0,0,0,1,0,0,0,0
24.0,0.0,1.0,408.0,0.0,26.0,48.0,1.0,0.0,11.0,0.36363636363636354,0.0,0.0,0.0,0.0,0.0,0.0,0.0,0.0,1,1.0,0.0,1.0,43.0,13420005.0,0.0,0.0,0.0,0,1,0,0,0,0,0,0,0,0,0,0,0,0,0,0,0,1,0,0,0,0
26.0,0.0,1.0,408.0,0.0,26.0,48.0,1.0,0.0,11.0,0.6363636363636365,0.0,1.0,0.0,0.0,0.8666666666666667,0.40336134453781514,0.0,0.0,1,1.0,0.0,1.0,43.0,63110105.0,1.0,0.0,1.0,0,1,0,0,0,0,0,0,0,0,0,0,0,0,0,0,0,1,0,0,0,0
22.0,0.0,1.0,150.0,0.0,26.0,60.0,0.0,0.0,11.0,0.18181818181818188,0.0,1.0,0.358,0.0,0.2,0.3025210084033613,0.0,0.0,1,1.0,1.0,1.0,43.0,84210025.0,1.0,0.0,1.0,0,1,0,0,0,0,0,0,0,0,0,0,0,0,0,0,0,1,0,0,0,0
21.0,0.0,1.0,585.0,0.0,15.0,48.0,1.0,1.0,11.0,0.09090909090909083,0.0,1.0,0.358,0.0,0.8666666666666667,0.40336134453781514,1.0,1.0,1,1.0,1.0,1.0,43.0,96120005.0,0.0,0.0,0.0,0,1,0,0,0,0,0,0,0,0,0,0,0,0,0,0,0,1,0,0,0,0
20.0,0.0,1.0,408.0,0.0,24.0,49.0,1.0,1.0,11.0,0.0,0.0,1.0,0.358,0.0,1.0,0.40336134453781514,0.0,1.0,1,1.0,1.0,1.0,43.0,84110105.0,0.0,0.0,0.0,0,1,0,0,0,0,0,0,0,0,0,0,0,0,0,0,0,1,0,0,0,0
22.0,0.0,1.0,180.0,0.0,30.0,48.0,0.0,0.0,11.0,0.18181818181818188,0.0,0.0,0.0,0.0,0.0,0.0,0.0,0.0,0,1.0,0.0,1.0,43.0,63110005.0,1.0,0.0,0.0,0,1,0,0,0,0,0,0,0,0,0,0,0,0,0,0,0,1,0,0,0,0
23.0,0.0,0.0,0.0,0.0,0.0,0.0,0.0,0.0,11.0,0.36363636363636354,1.0,0.0,0.0,0.0,0.0,0.0,0.0,0.0,0,0.0,0.0,1.0,43.0,84210110.0,0.0,0.0,0.0,0,1,0,0,0,0,0,0,0,0,0,0,0,0,0,0,0,1,0,0,0,0
25.0,0.0,1.0,550.0,0.0,26.0,36.0,1.0,1.0,11.0,0.45454545454545436,0.0,0.0,0.0,0.0,0.0,0.0,0.0,0.0,1,1.0,0.0,1.0,43.0,84110105.0,0.0,0.0,0.0,0,1,0,0,0,0,0,0,0,0,0,0,0,0,0,0,0,1,0,0,0,0
22.0,0.0,0.0,0.0,0.0,0.0,0.0,0.0,0.0,11.0,0.2727272727272727,0.0,1.0,0.358,0.0,0.8666666666666667,0.3361344537815126,0.0,0.0,1,0.0,1.0,1.0,43.0,84210025.0,1.0,0.0,1.0,0,1,0,0,0,0,0,0,0,0,0,0,0,0,0,0,0,1,0,0,0,0
26.0,0.0,1.0,500.0,0.0,26.0,72.0,1.0,1.0,9.0,0.6363636363636365,0.0,1.0,0.19999999999999998,0.0,0.26666666666666666,0.20168067226890757,0.0,0.0,0,1.0,1.0,1.0,43.0,84210025.0,1.0,0.0,0.0,0,1,0,0,0,0,0,0,0,0,0,0,0,0,0,1,0,0,0,0,0,0
23.0,1.0,1.0,420.0,0.0,26.0,48.0,1.0,1.0,5.0,0.36363636363636354,0.0,1.0,0.0,0.3333333333333333,0.8666666666666667,0.3529411764705882,0.0,0.0,1,1.0,0.0,1.0,43.0,96120005.0,0.0,0.0,0.0,0,1,0,0,0,0,0,0,0,0,0,0,0,1,0,0,0,0,0,0,0,0
23.0,0.0,1.0,149.2,0.0,14.0,56.0,1.0,0.0,11.0,0.2727272727272727,0.0,0.0,0.0,0.0,0.0,0.0,0.0,0.0,1,1.0,0.0,1.0,43.0,13540015.0,0.0,0.0,0.0,0,1,0,0,0,0,0,0,0,0,0,0,0,0,0,0,0,1,0,0,0,0
22.0,0.0,0.0,0.0,0.0,0.0,0.0,0.0,0.0,9.0,0.2727272727272727,0.0,0.0,0.0,0.0,0.0,0.0,0.0,0.0,1,0.0,0.0,1.0,43.0,84210025.0,0.0,0.0,0.0,0,1,0,0,0,0,0,0,0,0,0,0,0,0,0,1,0,0,0,0,0,0
23.0,0.0,1.0,260.0,0.0,26.0,72.0,0.0,0.0,7.0,0.36363636363636354,0.0,0.0,0.0,0.0,0.0,0.0,0.0,0.0,1,1.0,0.0,1.0,43.0,84110105.0,0.0,0.0,0.0,0,1,0,0,0,0,0,0,0,0,0,0,1,0,0,0,0,0,0,0,0,0
25.0,0.0,1.0,381.5,0.0,26.0,48.0,1.0,1.0,11.0,0.45454545454545436,0.0,1.0,0.39999999999999997,0.0,1.0,0.7058823529411764,1.0,1.0,0,1.0,1.0,1.0,43.0,13540015.0,1.0,0.0,0.0,0,1,0,0,0,0,0,0,0,0,0,0,0,0,0,0,0,1,0,0,0,0
23.0,0.0,1.0,200.0,0.0,20.0,48.0,0.0,0.0,11.0,0.2727272727272727,0.0,1.0,0.358,0.0,1.0,0.5882352941176471,0.0,0.0,0,1.0,1.0,1.0,43.0,83210005.0,0.0,0.0,0.0,0,1,0,0,0,0,0,0,0,0,0,0,0,0,0,0,0,1,0,0,0,0
22.0,0.0,1.0,300.0,0.0,26.0,48.0,0.0,0.0,11.0,0.2727272727272727,0.0,1.0,0.35,0.0,0.16666666666666666,0.3361344537815126,1.0,0.0,1,1.0,1.0,1.0,43.0,13540015.0,1.0,0.0,1.0,0,1,0,0,0,0,0,0,0,0,0,0,0,0,0,0,0,1,0,0,0,0
26.0,0.0,0.0,0.0,0.0,0.0,0.0,0.0,0.0,11.0,0.6363636363636365,0.0,1.0,0.105,0.0,0.8666666666666667,0.5042016806722689,0.0,0.0,1,0.0,1.0,1.0,44.0,33150020.0,1.0,0.7614213,1.0,0,1,0,0,0,0,0,0,0,0,0,0,0,0,0,0,0,1,0,0,0,0
21.0,0.0,1.0,300.0,0.0,28.0,63.0,0.0,0.0,11.0,0.18181818181818188,0.0,1.0,0.6,0.0,1.0,0.7058823529411764,0.0,0.0,0,1.0,1.0,1.0,44.0,33110025.0,1.0,0.7614213,0.0,0,1,0,0,0,0,0,0,0,0,0,0,0,0,0,0,0,1,0,0,0,0
23.0,1.0,1.0,650.0,0.0,30.0,77.0,1.0,1.0,11.0,0.2727272727272727,0.0,0.0,0.0,0.0,0.0,0.0,0.0,0.0,1,1.0,0.0,1.0,44.0,33150020.0,1.0,0.7614213,1.0,0,1,0,0,0,0,0,0,0,0,0,0,0,0,0,0,0,1,0,0,0,0
21.0,0.0,1.0,450.0,0.0,30.0,70.0,0.0,0.0,11.0,0.09090909090909083,0.0,1.0,0.358,0.0,1.0,0.42016806722689076,0.0,0.0,0,1.0,1.0,1.0,44.0,33110025.0,1.0,0.7614213,0.0,0,1,0,0,0,0,0,0,0,0,0,0,0,0,0,0,0,1,0,0,0,0
26.0,0.0,1.0,80.0,0.0,4.0,8.0,1.0,0.0,11.0,0.5454545454545452,0.0,0.0,0.0,0.0,0.0,0.0,0.0,0.0,0,1.0,0.0,1.0,44.0,33150020.0,1.0,0.7614213,0.0,0,1,0,0,0,0,0,0,0,0,0,0,0,0,0,0,0,1,0,0,0,0
24.0,0.0,0.0,0.0,0.0,0.0,0.0,0.0,0.0,11.0,0.45454545454545436,0.0,1.0,0.08,0.0,1.0,0.47058823529411764,0.0,0.0,0,0.0,1.0,1.0,44.0,33160005.0,1.0,0.7614213,0.0,0,1,0,0,0,0,0,0,0,0,0,0,0,0,0,0,0,1,0,0,0,0
25.0,1.0,1.0,500.0,0.0,30.0,48.0,1.0,1.0,11.0,0.45454545454545436,1.0,1.0,0.37,0.0,0.8,0.6722689075630252,1.0,1.0,1,1.0,1.0,1.0,44.0,33150020.0,0.0,0.7614213,0.0,0,1,0,0,0,0,0,0,0,0,0,0,0,0,0,0,0,1,0,0,0,0
23.0,1.0,1.0,408.0,0.0,26.0,48.0,1.0,1.0,11.0,0.2727272727272727,0.0,1.0,0.19999999999999998,0.0,0.8666666666666667,0.40336134453781514,0.0,0.0,1,1.0,1.0,1.0,44.0,33160005.0,0.0,0.7614213,0.0,0,1,0,0,0,0,0,0,0,0,0,0,0,0,0,0,0,1,0,0,0,0
26.0,0.0,0.0,0.0,0.0,0.0,0.0,0.0,0.0,12.0,0.5454545454545452,0.0,1.0,0.39999999999999997,0.0,0.8666666666666667,0.40336134453781514,1.0,1.0,0,0.0,1.0,1.0,44.0,33160005.0,0.0,0.7614213,0.0,0,1,0,0,0,0,0,0,0,0,0,0,0,0,0,0,0,0,0,1,0,0
24.0,0.0,1.0,100.0,0.0,8.0,8.0,0.0,0.0,5.0,0.45454545454545436,0.0,1.0,0.0,0.0,0.4,0.20168067226890757,0.0,0.0,0,1.0,0.0,1.0,44.0,33150020.0,1.0,0.7614213,0.0,0,1,0,0,0,0,0,0,0,0,0,0,0,0,0,0,0,1,0,0,0,0
20.0,0.0,0.0,0.0,0.0,0.0,0.0,0.0,0.0,11.0,0.0,0.0,1.0,0.358,0.0,1.0,0.5042016806722689,0.0,0.0,0,0.0,1.0,1.0,44.0,33110025.0,1.0,0.7614213,0.0,0,1,0,0,0,0,0,0,0,0,0,0,0,0,0,0,0,1,0,0,0,0
20.0,1.0,1.0,408.0,0.0,26.0,48.0,1.0,1.0,11.0,0.09090909090909083,0.0,1.0,0.3,0.0,1.0,0.7899159663865546,0.0,0.0,0,1.0,1.0,1.0,44.0,33160005.0,1.0,0.7614213,0.0,0,1,0,0,0,0,0,0,0,0,0,0,0,0,0,0,0,1,0,0,0,0
27.0,0.0,1.0,381.5,0.0,26.0,48.0,1.0,0.0,11.0,0.6363636363636365,0.0,0.0,0.0,0.0,0.0,0.0,0.0,0.0,0,1.0,0.0,1.0,44.0,33150020.0,1.0,0.7614213,0.0,0,1,0,0,0,0,0,0,0,0,0,0,0,0,0,0,0,1,0,0,0,0
26.0,0.0,1.0,500.0,0.0,20.0,48.0,1.0,1.0,11.0,0.5454545454545452,0.0,1.0,0.358,0.0,0.7333333333333333,0.40336134453781514,1.0,1.0,1,1.0,1.0,1.0,44.0,33160005.0,1.0,0.7614213,1.0,0,1,0,0,0,0,0,0,0,0,0,0,0,0,0,0,0,1,0,0,0,0
25.0,0.0,1.0,192.0,0.0,12.0,24.0,0.0,0.0,7.0,0.5454545454545452,0.0,1.0,0.0,0.05555555555555555,0.3333333333333333,0.1680672268907563,0.0,0.0,0,1.0,0.0,1.0,44.0,33150020.0,1.0,0.7614213,0.0,0,1,0,0,0,0,0,0,0,0,0,1,0,0,0,0,0,0,0,0,0,0
26.0,1.0,1.0,500.0,0.0,22.0,48.0,1.0,1.0,11.0,0.6363636363636365,1.0,0.0,0.0,0.0,0.0,0.0,0.0,0.0,1,1.0,0.0,1.0,44.0,33150020.0,1.0,0.7614213,1.0,0,1,0,0,0,0,0,0,0,0,0,0,0,0,0,0,0,1,0,0,0,0
24.0,0.0,1.0,300.0,0.0,26.0,60.0,0.0,0.0,11.0,0.36363636363636354,0.0,1.0,0.3,0.0,1.0,0.4117647058823529,0.0,0.0,0,1.0,1.0,1.0,44.0,33160005.0,1.0,0.7614213,0.0,0,1,0,0,0,0,0,0,0,0,0,0,0,0,0,0,0,1,0,0,0,0
25.0,0.0,1.0,0.0,120000.0,26.0,48.0,0.0,0.0,9.0,0.45454545454545436,1.0,0.0,0.0,0.0,0.0,0.0,0.0,0.0,1,0.0,0.0,1.0,44.0,33110025.0,1.0,0.7614213,1.0,0,1,0,0,0,0,0,0,0,0,0,0,0,0,0,1,0,0,0,0,0,0
23.0,0.0,1.0,408.0,0.0,26.0,48.0,1.0,1.0,11.0,0.2727272727272727,0.0,0.0,0.0,0.0,0.0,0.0,0.0,0.0,1,1.0,0.0,1.0,44.0,33160005.0,1.0,0.7614213,1.0,0,1,0,0,0,0,0,0,0,0,0,0,0,0,0,0,0,1,0,0,0,0
23.0,0.0,1.0,408.0,0.0,15.0,48.0,0.0,1.0,11.0,0.36363636363636354,0.0,1.0,0.0,0.08888888888888888,1.0,0.5882352941176471,0.0,0.0,1,1.0,0.0,1.0,44.0,33110025.0,1.0,0.7614213,1.0,0,1,0,0,0,0,0,0,0,0,0,0,0,0,0,0,0,1,0,0,0,0
21.0,0.0,1.0,408.0,0.0,26.0,54.0,1.0,1.0,11.0,0.09090909090909083,1.0,1.0,0.358,0.0,0.8666666666666667,0.40336134453781514,0.0,1.0,1,1.0,1.0,1.0,44.0,33160005.0,1.0,0.7614213,1.0,0,1,0,0,0,0,0,0,0,0,0,0,0,0,0,0,0,1,0,0,0,0
23.0,0.0,1.0,500.0,0.0,12.0,45.0,1.0,1.0,11.0,0.2727272727272727,0.0,0.0,0.0,0.0,0.0,0.0,0.0,0.0,1,1.0,0.0,1.0,44.0,33160005.0,0.0,0.7614213,0.0,0,1,0,0,0,0,0,0,0,0,0,0,0,0,0,0,0,1,0,0,0,0
24.0,0.0,1.0,408.0,0.0,26.0,54.0,1.0,1.0,11.0,0.36363636363636354,0.0,1.0,0.06,0.0,1.0,0.6470588235294117,0.0,0.0,1,1.0,1.0,1.0,44.0,33150020.0,1.0,0.7614213,1.0,0,1,0,0,0,0,0,0,0,0,0,0,0,0,0,0,0,1,0,0,0,0
23.0,0.0,0.0,0.0,0.0,0.0,0.0,0.0,0.0,11.0,0.2727272727272727,0.0,0.0,0.0,0.0,0.0,0.0,0.0,0.0,0,0.0,0.0,1.0,44.0,33150020.0,1.0,0.7614213,0.0,0,1,0,0,0,0,0,0,0,0,0,0,0,0,0,0,0,1,0,0,0,0
20.0,0.0,1.0,408.0,0.0,26.0,48.0,1.0,1.0,11.0,0.09090909090909083,0.0,1.0,0.358,0.0,0.8666666666666667,0.40336134453781514,1.0,1.0,0,1.0,1.0,1.0,44.0,33110025.0,1.0,0.7614213,0.0,0,1,0,0,0,0,0,0,0,0,0,0,0,0,0,0,0,1,0,0,0,0
25.0,1.0,1.0,381.5,0.0,30.0,77.0,0.0,1.0,11.0,0.45454545454545436,1.0,1.0,0.36,0.0,1.0,0.5294117647058824,0.0,0.0,1,1.0,1.0,1.0,45.0,63660210.0,0.0,0.7614213,0.0,0,1,0,0,0,0,0,0,0,0,0,0,0,0,0,0,0,1,0,0,0,0
25.0,1.0,1.0,440.0,0.0,26.0,48.0,0.0,0.0,12.0,0.45454545454545436,0.0,1.0,0.358,0.0,0.8666666666666667,0.453781512605042,0.0,1.0,1,1.0,1.0,1.0,45.0,66310045.0,0.0,0.7614213,0.0,0,1,0,0,0,0,0,0,0,0,0,0,0,0,0,0,0,1,0,0,0,0
26.0,1.0,1.0,320.0,0.0,26.0,66.0,0.0,0.0,8.0,0.5454545454545452,1.0,1.0,0.0,0.6666666666666666,0.8666666666666667,0.7058823529411764,0.0,0.0,0,1.0,0.0,1.0,45.0,66310045.0,0.0,0.7614213,0.0,0,1,0,0,0,0,0,0,0,0,0,0,0,0,1,0,0,0,0,0,0,0
21.0,0.0,0.0,0.0,0.0,0.0,0.0,0.0,0.0,11.0,0.09090909090909083,0.0,0.0,0.0,0.0,0.0,0.0,0.0,0.0,0,0.0,0.0,1.0,45.0,63660210.0,0.0,0.7614213,0.0,0,1,0,0,0,0,0,0,0,0,0,0,0,0,0,0,0,1,0,0,0,0
20.0,0.0,1.0,280.0,0.0,12.0,36.0,0.0,0.0,12.0,0.0,0.0,1.0,0.18,0.0,0.26666666666666666,0.10084033613445378,0.0,0.0,1,1.0,1.0,1.0,45.0,66310045.0,0.0,0.7614213,0.0,0,1,0,0,0,0,0,0,0,0,0,0,0,0,0,0,0,1,0,0,0,0
23.0,1.0,1.0,500.0,0.0,26.0,48.0,0.0,1.0,11.0,0.36363636363636354,1.0,1.0,0.0,0.3333333333333333,0.8666666666666667,0.42016806722689076,0.0,0.0,0,1.0,0.0,1.0,45.0,63660210.0,0.0,0.7614213,0.0,0,1,0,0,0,0,0,0,0,0,0,0,0,0,0,0,0,1,0,0,0,0
26.0,1.0,1.0,240.0,0.0,26.0,54.0,0.0,0.0,10.0,0.6363636363636365,1.0,1.0,0.16499999999999998,0.0,0.8,0.3025210084033613,0.0,0.0,0,1.0,1.0,1.0,45.0,66310005.0,1.0,0.7614213,0.0,0,1,0,0,0,0,0,0,0,0,0,0,0,0,1,0,0,0,0,0,0,0
20.0,0.0,1.0,408.0,0.0,26.0,48.0,1.0,0.0,11.0,0.0,0.0,1.0,0.049999999999999996,0.0,1.0,0.40336134453781514,0.0,0.0,0,1.0,1.0,1.0,45.0,66310005.0,1.0,0.7614213,0.0,0,1,0,0,0,0,0,0,0,0,0,0,0,0,0,0,0,1,0,0,0,0
26.0,1.0,1.0,586.0,0.0,28.0,56.0,1.0,1.0,11.0,0.6363636363636365,1.0,0.0,0.0,0.0,0.0,0.0,0.0,0.0,1,1.0,0.0,1.0,45.0,66310005.0,0.0,0.7614213,0.0,0,1,0,0,0,0,0,0,0,0,0,0,0,0,0,0,0,1,0,0,0,0
21.0,0.0,1.0,408.0,0.0,28.0,63.0,1.0,1.0,11.0,0.09090909090909083,0.0,0.0,0.0,0.0,0.0,0.0,0.0,0.0,1,1.0,0.0,1.0,45.0,66310045.0,1.0,0.7614213,1.0,0,1,0,0,0,0,0,0,0,0,0,0,0,0,0,0,0,1,0,0,0,0
24.0,0.0,0.0,0.0,0.0,0.0,0.0,0.0,0.0,7.0,0.45454545454545436,0.0,0.0,0.0,0.0,0.0,0.0,0.0,0.0,0,0.0,0.0,1.0,45.0,63660210.0,1.0,0.7614213,0.0,0,1,0,0,0,0,0,0,0,0,0,0,0,1,0,0,0,0,0,0,0,0
25.0,0.0,0.0,0.0,0.0,0.0,0.0,0.0,0.0,11.0,0.45454545454545436,0.0,0.0,0.0,0.0,0.0,0.0,0.0,0.0,1,0.0,0.0,1.0,45.0,66310045.0,1.0,0.7614213,1.0,0,1,0,0,0,0,0,0,0,0,0,0,0,0,0,0,0,1,0,0,0,0
24.0,1.0,1.0,580.0,0.0,26.0,84.0,0.0,0.0,9.0,0.36363636363636354,0.0,1.0,0.52,0.0,0.8666666666666667,0.453781512605042,0.0,0.0,0,1.0,1.0,1.0,45.0,66310045.0,0.0,0.7614213,0.0,0,1,0,0,0,0,0,0,0,0,0,0,0,0,0,0,0,1,0,0,0,0
24.0,1.0,1.0,0.0,180000.0,10.0,8.0,0.0,0.0,11.0,0.45454545454545436,1.0,1.0,0.0,0.4444444444444444,0.7333333333333333,0.1764705882352941,0.0,0.0,0,0.0,0.0,1.0,45.0,66310045.0,0.0,0.7614213,0.0,0,1,0,0,0,0,0,0,0,0,0,0,0,0,0,0,0,1,0,0,0,0
26.0,0.0,1.0,408.0,0.0,26.0,48.0,1.0,1.0,11.0,0.5454545454545452,0.0,1.0,0.39999999999999997,0.0,0.6666666666666666,0.25210084033613445,0.0,0.0,1,1.0,1.0,1.0,45.0,66310005.0,1.0,0.7614213,1.0,0,1,0,0,0,0,0,0,0,0,0,0,0,0,0,0,0,1,0,0,0,0
22.0,1.0,1.0,160.0,0.0,16.0,32.0,0.0,0.0,11.0,0.18181818181818188,0.0,0.0,0.0,0.0,0.0,0.0,0.0,0.0,0,1.0,0.0,1.0,45.0,66310045.0,0.0,0.7614213,0.0,0,1,0,0,0,0,0,0,0,0,0,0,0,0,0,0,0,1,0,0,0,0
25.0,0.0,0.0,0.0,0.0,0.0,0.0,0.0,0.0,11.0,0.5454545454545452,0.0,1.0,0.358,0.0,0.8666666666666667,0.40336134453781514,1.0,1.0,0,0.0,1.0,1.0,45.0,66310005.0,1.0,0.7614213,0.0,0,1,0,0,0,0,0,0,0,0,0,0,0,0,0,0,0,1,0,0,0,0
21.0,1.0,1.0,360.0,0.0,26.0,54.0,0.0,0.0,10.0,0.18181818181818188,1.0,0.0,0.0,0.0,0.0,0.0,0.0,0.0,1,1.0,0.0,1.0,46.0,13540015.0,1.0,0.75342464,1.0,0,1,0,0,0,0,0,0,0,0,0,0,0,0,0,1,0,0,0,0,0,0
26.0,0.0,1.0,0.0,700000.0,30.0,91.0,0.0,0.0,11.0,0.6363636363636365,0.0,1.0,0.0,0.3333333333333333,1.0,0.4621848739495798,0.0,0.0,0,0.0,0.0,1.0,46.0,63230005.0,0.0,0.75342464,0.0,0,1,0,0,0,0,0,0,0,0,0,0,0,0,0,0,0,1,0,0,0,0
26.0,0.0,0.0,0.0,0.0,0.0,0.0,0.0,0.0,11.0,0.45454545454545436,0.0,0.0,0.0,0.0,0.0,0.0,0.0,0.0,1,0.0,0.0,1.0,46.0,13530005.0,1.0,0.75342464,1.0,0,1,0,0,0,0,0,0,0,0,0,0,0,0,0,0,0,1,0,0,0,0
21.0,0.0,1.0,408.0,0.0,26.0,72.0,1.0,1.0,11.0,0.09090909090909083,0.0,0.0,0.0,0.0,0.0,0.0,0.0,0.0,0,1.0,0.0,1.0,46.0,13540015.0,1.0,0.75342464,0.0,0,1,0,0,0,0,0,0,0,0,0,0,0,0,0,0,0,1,0,0,0,0
24.0,0.0,1.0,408.0,0.0,26.0,42.0,1.0,1.0,11.0,0.36363636363636354,0.0,1.0,0.0,0.0,0.9333333333333333,0.6470588235294117,0.0,0.0,1,1.0,0.0,1.0,46.0,63530020.0,1.0,0.75342464,1.0,0,1,0,0,0,0,0,0,0,0,0,0,0,0,0,0,0,1,0,0,0,0
27.0,0.0,1.0,408.0,0.0,22.0,42.0,1.0,1.0,13.0,0.6363636363636365,0.0,1.0,0.3815,0.0,0.6666666666666666,0.1680672268907563,0.0,0.0,0,1.0,1.0,1.0,46.0,63410005.0,0.0,0.75342464,0.0,0,1,0,0,0,0,0,0,0,0,0,0,0,0,0,0,0,0,0,1,0,0
24.0,0.0,1.0,408.0,0.0,26.0,48.0,1.0,1.0,11.0,0.45454545454545436,0.0,1.0,0.358,0.0,0.9333333333333333,0.42016806722689076,1.0,0.0,0,1.0,1.0,1.0,46.0,13710015.0,0.0,0.75342464,0.0,0,1,0,0,0,0,0,0,0,0,0,0,0,0,0,0,0,1,0,0,0,0
24.0,1.0,1.0,408.0,0.0,30.0,56.0,0.0,0.0,11.0,0.36363636363636354,1.0,0.0,0.0,0.0,0.0,0.0,0.0,0.0,1,1.0,0.0,1.0,46.0,63220205.0,1.0,0.75342464,1.0,0,1,0,0,0,0,0,0,0,0,0,0,0,0,0,0,0,1,0,0,0,0
24.0,0.0,0.0,0.0,0.0,0.0,0.0,0.0,0.0,11.0,0.36363636363636354,0.0,0.0,0.0,0.0,0.0,0.0,0.0,0.0,0,0.0,0.0,1.0,46.0,13150005.0,1.0,0.75342464,0.0,0,1,0,0,0,0,0,0,0,0,0,0,0,0,0,0,0,1,0,0,0,0
22.0,0.0,1.0,320.0,0.0,28.0,63.0,1.0,0.0,11.0,0.45454545454545436,0.0,1.0,0.24,0.0,0.8666666666666667,0.4117647058823529,0.0,0.0,1,1.0,1.0,1.0,46.0,63220205.0,0.0,0.75342464,0.0,0,1,0,0,0,0,0,0,0,0,0,0,0,0,0,0,1,0,0,0,0,0
22.0,0.0,1.0,420.0,0.0,24.0,48.0,1.0,1.0,11.0,0.18181818181818188,0.0,1.0,0.42,0.0,0.8666666666666667,0.40336134453781514,1.0,1.0,0,1.0,1.0,1.0,46.0,13710015.0,0.0,0.75342464,0.0,0,1,0,0,0,0,0,0,0,0,0,0,0,0,0,0,0,1,0,0,0,0
20.0,0.0,1.0,574.0,0.0,22.0,40.0,1.0,1.0,11.0,0.09090909090909083,0.0,1.0,0.09999999999999999,0.0,0.8666666666666667,0.42016806722689076,0.0,0.0,1,1.0,1.0,1.0,46.0,13110005.0,1.0,0.75342464,1.0,0,1,0,0,0,0,0,0,0,0,0,0,0,0,0,0,0,1,0,0,0,0
23.0,1.0,1.0,830.0,0.0,30.0,84.0,1.0,1.0,11.0,0.2727272727272727,1.0,1.0,0.38,0.0,1.0,0.7058823529411764,1.0,1.0,1,1.0,1.0,1.0,46.0,13410005.0,1.0,0.75342464,1.0,0,1,0,0,0,0,0,0,0,0,0,0,0,0,0,0,0,1,0,0,0,0
25.0,1.0,1.0,450.0,0.0,22.0,48.0,0.0,0.0,11.0,0.45454545454545436,1.0,1.0,0.0,0.05555555555555555,0.5,0.1680672268907563,0.0,0.0,0,1.0,0.0,1.0,46.0,13410005.0,1.0,0.75342464,0.0,0,1,0,0,0,0,0,0,0,0,0,0,0,0,0,0,0,1,0,0,0,0
26.0,1.0,1.0,600.0,0.0,30.0,48.0,1.0,1.0,11.0,0.5454545454545452,1.0,1.0,0.22,0.0,0.7333333333333333,0.13445378151260504,0.0,0.0,1,1.0,1.0,1.0,46.0,63530020.0,0.0,0.75342464,0.0,0,1,0,0,0,0,0,0,0,0,0,0,0,0,0,1,0,0,0,0,0,0
21.0,0.0,1.0,400.0,0.0,26.0,48.0,1.0,0.0,11.0,0.09090909090909083,0.0,1.0,0.0,0.24444444444444444,0.7333333333333333,0.3361344537815126,0.0,0.0,1,1.0,0.0,1.0,46.0,63230005.0,1.0,0.75342464,1.0,0,1,0,0,0,0,0,0,0,0,0,0,0,0,0,0,0,1,0,0,0,0
21.0,1.0,1.0,55.0,0.0,26.0,48.0,0.0,0.0,11.0,0.18181818181818188,1.0,1.0,0.5,0.0,1.0,0.5882352941176471,0.0,1.0,1,1.0,1.0,1.0,46.0,13710015.0,1.0,0.75342464,1.0,0,1,0,0,0,0,0,0,0,0,0,0,0,0,0,1,0,0,0,0,0,0
22.0,0.0,1.0,408.0,0.0,27.0,56.0,1.0,1.0,11.0,0.2727272727272727,0.0,1.0,0.318,0.0,1.0,0.7058823529411764,1.0,1.0,1,1.0,1.0,1.0,46.0,63410005.0,0.0,0.75342464,0.0,0,1,0,0,0,0,0,0,0,0,0,0,0,0,0,0,0,1,0,0,0,0
21.0,0.0,1.0,700.0,0.0,27.0,72.0,1.0,1.0,11.0,0.09090909090909083,0.0,1.0,0.0,0.37777777777777777,0.8,0.40336134453781514,0.0,0.0,1,1.0,0.0,1.0,46.0,63530020.0,0.0,0.75342464,0.0,0,1,0,0,0,0,0,0,0,0,0,0,0,0,0,0,0,1,0,0,0,0
24.0,1.0,1.0,240.0,0.0,22.0,50.0,0.0,0.0,5.0,0.45454545454545436,1.0,1.0,0.0,0.2222222222222222,0.8666666666666667,0.6050420168067226,0.0,0.0,0,1.0,0.0,1.0,46.0,13150005.0,1.0,0.75342464,0.0,0,1,0,0,0,0,0,0,0,0,0,0,0,0,0,0,0,1,0,0,0,0
20.0,0.0,1.0,750.0,0.0,28.0,56.0,1.0,1.0,11.0,0.0,0.0,0.0,0.0,0.0,0.0,0.0,0.0,0.0,1,1.0,0.0,1.0,46.0,63410005.0,1.0,0.75342464,1.0,0,1,0,0,0,0,0,0,0,0,0,0,0,0,0,0,0,1,0,0,0,0
19.0,1.0,0.0,0.0,0.0,0.0,0.0,0.0,0.0,11.0,0.0,0.0,0.0,0.0,0.0,0.0,0.0,0.0,0.0,1,0.0,0.0,1.0,46.0,13410005.0,1.0,0.75342464,1.0,0,1,0,0,0,0,0,0,0,0,0,0,0,0,0,1,0,0,0,0,0,0
22.0,1.0,1.0,160.0,0.0,8.0,18.0,1.0,0.0,6.0,0.18181818181818188,1.0,1.0,0.27999999999999997,0.0,0.8666666666666667,0.40336134453781514,0.0,0.0,1,1.0,1.0,1.0,46.0,63410005.0,1.0,0.75342464,1.0,0,1,0,0,0,0,0,0,0,0,0,0,1,0,0,0,0,0,0,0,0,0
26.0,1.0,1.0,408.0,0.0,26.0,56.0,1.0,1.0,11.0,0.6363636363636365,1.0,0.0,0.0,0.0,0.0,0.0,0.0,0.0,1,1.0,0.0,1.0,46.0,13530005.0,1.0,0.75342464,1.0,0,1,0,0,0,0,0,0,0,0,0,0,0,0,0,0,0,1,0,0,0,0
26.0,0.0,1.0,300.0,0.0,26.0,54.0,0.0,0.0,6.0,0.6363636363636365,0.0,1.0,0.358,0.0,0.8666666666666667,0.37815126050420167,0.0,0.0,1,1.0,1.0,1.0,46.0,63410005.0,0.0,0.75342464,0.0,0,1,0,0,0,0,0,0,0,0,0,0,1,0,0,0,0,0,0,0,0,0
19.0,0.0,0.0,0.0,0.0,0.0,0.0,0.0,0.0,11.0,0.0,0.0,0.0,0.0,0.0,0.0,0.0,0.0,0.0,0,0.0,0.0,1.0,46.0,13710015.0,0.0,0.75342464,0.0,0,1,0,0,0,0,0,0,0,0,0,0,0,0,0,0,0,1,0,0,0,0
21.0,0.0,1.0,0.0,30000.0,24.0,24.0,0.0,0.0,11.0,0.18181818181818188,0.0,1.0,0.0,0.035555555555555556,0.7333333333333333,0.25210084033613445,0.0,0.0,0,0.0,0.0,1.0,46.0,63530020.0,1.0,0.75342464,0.0,0,1,0,0,0,0,0,0,0,0,0,0,0,0,0,0,0,1,0,0,0,0
21.0,0.0,1.0,381.5,0.0,26.0,48.0,1.0,1.0,11.0,0.09090909090909083,0.0,0.0,0.0,0.0,0.0,0.0,0.0,0.0,0,1.0,0.0,1.0,46.0,13530005.0,1.0,0.75342464,0.0,0,1,0,0,0,0,0,0,0,0,0,0,0,0,0,0,0,1,0,0,0,0
24.0,0.0,1.0,408.0,0.0,26.0,48.0,1.0,1.0,11.0,0.5454545454545452,0.0,0.0,0.0,0.0,0.0,0.0,0.0,0.0,0,1.0,0.0,1.0,46.0,13530005.0,1.0,0.75342464,0.0,0,1,0,0,0,0,0,0,0,0,0,0,0,0,1,0,0,0,0,0,0,0
24.0,0.0,1.0,475.0,0.0,22.0,60.0,1.0,1.0,11.0,0.36363636363636354,0.0,0.0,0.0,0.0,0.0,0.0,0.0,0.0,0,1.0,0.0,1.0,46.0,13530005.0,1.0,0.75342464,0.0,0,1,0,0,0,0,0,0,0,0,0,0,0,0,0,0,0,1,0,0,0,0
22.0,0.0,1.0,120.0,0.0,26.0,49.0,0.0,0.0,11.0,0.18181818181818188,0.0,1.0,0.049999999999999996,0.0,0.8666666666666667,0.40336134453781514,0.0,0.0,1,1.0,1.0,1.0,46.0,13530005.0,1.0,0.75342464,1.0,0,1,0,0,0,0,0,0,0,0,0,0,0,0,0,0,0,1,0,0,0,0
24.0,0.0,1.0,0.0,500000.0,26.0,55.0,0.0,0.0,11.0,0.36363636363636354,0.0,1.0,0.0,0.16666666666666666,0.8666666666666667,0.3361344537815126,0.0,0.0,1,0.0,0.0,1.0,46.0,13710015.0,0.0,0.75342464,0.0,0,1,0,0,0,0,0,0,0,0,0,0,0,0,0,0,0,1,0,0,0,0
25.0,0.0,1.0,480.0,0.0,30.0,56.0,1.0,1.0,11.0,0.5454545454545452,0.0,1.0,0.426,0.0,1.0,0.0,0.0,0.0,0,1.0,1.0,1.0,46.0,13540015.0,1.0,0.75342464,0.0,0,1,0,0,0,0,0,0,0,0,0,0,0,0,0,0,0,1,0,0,0,0
21.0,1.0,1.0,408.0,0.0,30.0,56.0,1.0,1.0,11.0,0.18181818181818188,1.0,1.0,0.0,0.4444444444444444,1.0,0.47058823529411764,0.0,0.0,1,1.0,0.0,1.0,46.0,13540015.0,1.0,0.75342464,1.0,0,1,0,0,0,0,0,0,0,0,0,0,0,0,0,0,0,1,0,0,0,0
21.0,0.0,0.0,0.0,0.0,0.0,0.0,0.0,0.0,11.0,0.18181818181818188,0.0,1.0,0.22999999999999998,0.0,0.2,0.5042016806722689,0.0,0.0,1,0.0,1.0,1.0,46.0,13150005.0,0.0,0.75342464,0.0,0,1,0,0,0,0,0,0,0,0,0,0,0,0,0,0,0,1,0,0,0,0
21.0,0.0,1.0,312.0,0.0,24.0,72.0,0.0,0.0,11.0,0.18181818181818188,0.0,1.0,0.072,0.0,0.8666666666666667,0.40336134453781514,0.0,0.0,1,1.0,1.0,1.0,46.0,63420080.0,1.0,0.75342464,1.0,0,1,0,0,0,0,0,0,0,0,0,0,0,0,0,0,1,0,0,0,0,0
23.0,0.0,1.0,200.0,0.0,30.0,56.0,0.0,0.0,11.0,0.36363636363636354,0.0,1.0,0.036,0.0,0.13333333333333333,0.008403361344537815,0.0,0.0,0,1.0,1.0,1.0,46.0,13150005.0,1.0,0.75342464,0.0,0,1,0,0,0,0,0,0,0,0,0,0,0,0,0,0,0,1,0,0,0,0
27.0,0.0,1.0,408.0,0.0,26.0,48.0,0.0,0.0,11.0,0.6363636363636365,0.0,1.0,0.6,0.0,0.9333333333333333,0.5294117647058824,0.0,0.0,1,1.0,1.0,1.0,46.0,63220205.0,1.0,0.75342464,1.0,0,1,0,0,0,0,0,0,0,0,0,0,0,0,0,0,0,1,0,0,0,0
23.0,0.0,1.0,408.0,0.0,26.0,48.0,1.0,1.0,11.0,0.2727272727272727,0.0,0.0,0.0,0.0,0.0,0.0,0.0,0.0,0,1.0,0.0,1.0,46.0,13540015.0,1.0,0.75342464,0.0,0,1,0,0,0,0,0,0,0,0,0,0,0,0,0,0,0,1,0,0,0,0
24.0,1.0,1.0,381.5,0.0,30.0,42.0,1.0,1.0,11.0,0.45454545454545436,1.0,0.0,0.0,0.0,0.0,0.0,0.0,0.0,0,1.0,0.0,1.0,46.0,13150005.0,1.0,0.75342464,0.0,0,1,0,0,0,0,0,0,0,0,0,0,0,0,0,0,0,1,0,0,0,0
23.0,0.0,1.0,408.0,0.0,26.0,48.0,1.0,1.0,11.0,0.36363636363636354,0.0,0.0,0.0,0.0,0.0,0.0,0.0,0.0,1,1.0,0.0,1.0,46.0,13150005.0,0.0,0.75342464,0.0,0,1,0,0,0,0,0,0,0,0,0,0,0,0,0,0,0,1,0,0,0,0
21.0,0.0,1.0,408.0,0.0,24.0,48.0,1.0,1.0,11.0,0.18181818181818188,0.0,1.0,0.364,0.0,0.8666666666666667,0.40336134453781514,0.0,0.0,1,1.0,1.0,1.0,46.0,13110005.0,1.0,0.75342464,1.0,0,1,0,0,0,0,0,0,0,0,0,0,0,0,0,0,0,1,0,0,0,0
24.0,0.0,1.0,0.0,60000.0,30.0,49.0,0.0,0.0,11.0,0.45454545454545436,0.0,1.0,0.12,0.0,0.8666666666666667,0.6050420168067226,0.0,0.0,1,0.0,1.0,1.0,46.0,13710015.0,0.0,0.75342464,0.0,0,1,0,0,0,0,0,0,0,0,0,0,0,0,0,0,0,1,0,0,0,0
22.0,0.0,1.0,180.0,0.0,15.0,24.0,0.0,0.0,8.0,0.2727272727272727,0.0,0.0,0.0,0.0,0.0,0.0,0.0,0.0,1,1.0,0.0,1.0,46.0,13530005.0,0.0,0.75342464,0.0,0,1,0,0,0,0,0,0,0,0,0,0,0,0,1,0,0,0,0,0,0,0
25.0,0.0,1.0,350.0,0.0,26.0,84.0,0.0,0.0,7.0,0.5454545454545452,0.0,1.0,0.18,0.0,0.7333333333333333,0.40336134453781514,0.0,0.0,0,1.0,1.0,1.0,46.0,63420080.0,1.0,0.75342464,0.0,0,1,0,0,0,0,0,0,0,0,0,0,0,0,1,0,0,0,0,0,0,0
26.0,0.0,1.0,55.0,0.0,22.0,48.0,0.0,0.0,11.0,0.6363636363636365,0.0,1.0,0.39999999999999997,0.0,0.8666666666666667,0.5546218487394958,0.0,0.0,1,1.0,1.0,1.0,46.0,13530005.0,0.0,0.75342464,0.0,0,1,0,0,0,0,0,0,0,0,0,0,0,0,0,0,0,1,0,0,0,0
26.0,1.0,0.0,0.0,0.0,0.0,0.0,0.0,0.0,11.0,0.5454545454545452,1.0,0.0,0.0,0.0,0.0,0.0,0.0,0.0,1,0.0,0.0,1.0,46.0,13110005.0,1.0,0.75342464,1.0,0,1,0,0,0,0,0,0,0,0,0,0,0,0,0,0,0,1,0,0,0,0
25.0,1.0,1.0,586.0,0.0,30.0,70.0,1.0,1.0,11.0,0.5454545454545452,0.0,0.0,0.0,0.0,0.0,0.0,0.0,0.0,0,1.0,0.0,1.0,46.0,63420080.0,1.0,0.75342464,0.0,0,1,0,0,0,0,0,0,0,0,0,0,0,0,0,0,0,1,0,0,0,0
20.0,0.0,1.0,381.5,0.0,24.0,30.0,0.0,0.0,8.0,0.09090909090909083,0.0,0.0,0.0,0.0,0.0,0.0,0.0,0.0,1,1.0,0.0,1.0,46.0,63230005.0,0.0,0.75342464,0.0,0,1,0,0,0,0,0,0,0,0,0,0,0,0,1,0,0,0,0,0,0,0
26.0,0.0,1.0,408.0,0.0,26.0,48.0,0.0,0.0,11.0,0.5454545454545452,0.0,1.0,0.0,0.0,0.8666666666666667,0.3529411764705882,0.0,0.0,0,1.0,0.0,1.0,46.0,13530005.0,1.0,0.75342464,0.0,0,1,0,0,0,0,0,0,0,0,0,0,0,0,0,0,0,1,0,0,0,0
24.0,0.0,1.0,0.0,0.0,20.0,50.0,0.0,0.0,11.0,0.36363636363636354,0.0,0.0,0.0,0.0,0.0,0.0,0.0,0.0,0,0.0,0.0,1.0,46.0,13110005.0,1.0,0.75342464,0.0,0,1,0,0,0,0,0,0,0,0,0,0,0,0,0,0,0,1,0,0,0,0
21.0,0.0,1.0,30.0,0.0,5.0,5.0,0.0,0.0,2.0,0.18181818181818188,0.0,0.0,0.0,0.0,0.0,0.0,0.0,0.0,0,1.0,0.0,1.0,46.0,63410005.0,1.0,0.75342464,0.0,0,1,0,0,0,0,0,0,1,0,0,0,0,0,0,0,0,0,0,0,0,0
23.0,0.0,1.0,408.0,0.0,26.0,48.0,1.0,1.0,11.0,0.36363636363636354,0.0,1.0,0.358,0.0,1.0,0.5882352941176471,0.0,1.0,0,1.0,1.0,1.0,46.0,13410005.0,1.0,0.75342464,0.0,0,1,0,0,0,0,0,0,0,0,0,0,0,0,0,0,0,1,0,0,0,0
23.0,0.0,1.0,800.0,0.0,28.0,60.0,1.0,1.0,11.0,0.2727272727272727,0.0,1.0,0.358,0.0,1.0,0.5378151260504201,1.0,0.0,1,1.0,1.0,1.0,46.0,13110005.0,0.0,0.75342464,0.0,0,1,0,0,0,0,0,0,0,0,0,0,0,0,1,0,0,0,0,0,0,0
27.0,1.0,1.0,55.0,0.0,26.0,48.0,0.0,0.0,11.0,0.7272727272727273,1.0,1.0,0.25,0.0,0.8666666666666667,0.40336134453781514,0.0,0.0,1,1.0,1.0,1.0,46.0,63420080.0,1.0,0.75342464,1.0,0,1,0,0,0,0,0,0,0,0,0,0,0,0,0,0,0,1,0,0,0,0
23.0,0.0,1.0,408.0,0.0,26.0,48.0,1.0,1.0,11.0,0.2727272727272727,0.0,0.0,0.0,0.0,0.0,0.0,0.0,0.0,0,1.0,0.0,1.0,46.0,13710015.0,1.0,0.75342464,0.0,0,1,0,0,0,0,0,0,0,0,0,0,0,0,0,0,0,1,0,0,0,0
21.0,0.0,0.0,0.0,0.0,0.0,0.0,0.0,0.0,11.0,0.18181818181818188,0.0,1.0,0.48,0.0,0.8666666666666667,0.5882352941176471,0.0,0.0,1,0.0,1.0,1.0,46.0,63420080.0,0.0,0.75342464,0.0,0,1,0,0,0,0,0,0,0,0,0,0,0,0,0,0,0,1,0,0,0,0
25.0,0.0,1.0,408.0,0.0,30.0,56.0,0.0,1.0,11.0,0.45454545454545436,0.0,0.0,0.0,0.0,0.0,0.0,0.0,0.0,0,1.0,0.0,1.0,46.0,63230005.0,0.0,0.75342464,0.0,0,1,0,0,0,0,0,0,0,0,0,0,0,0,0,0,0,1,0,0,0,0
23.0,0.0,1.0,760.0,0.0,28.0,60.0,0.0,0.0,13.0,0.2727272727272727,0.0,0.0,0.0,0.0,0.0,0.0,0.0,0.0,1,1.0,0.0,1.0,46.0,13540015.0,0.0,0.75342464,0.0,0,1,0,0,0,0,0,0,0,0,0,0,0,0,0,0,0,1,0,0,0,0
24.0,0.0,1.0,408.0,0.0,20.0,48.0,1.0,1.0,8.0,0.45454545454545436,0.0,1.0,0.0,0.5777777777777777,0.8666666666666667,0.40336134453781514,0.0,0.0,0,1.0,0.0,1.0,46.0,13710015.0,0.0,0.75342464,0.0,0,1,0,0,0,0,0,0,0,0,0,0,0,1,0,0,0,0,0,0,0,0
22.0,1.0,1.0,408.0,0.0,26.0,48.0,1.0,1.0,11.0,0.2727272727272727,1.0,1.0,0.0,0.0,0.26666666666666666,0.1680672268907563,0.0,0.0,1,1.0,0.0,1.0,46.0,13530005.0,0.0,0.75342464,0.0,0,1,0,0,0,0,0,0,0,0,0,0,0,0,0,0,0,1,0,0,0,0
21.0,0.0,1.0,55.0,0.0,26.0,48.0,0.0,0.0,11.0,0.09090909090909083,0.0,1.0,0.13999999999999999,0.0,0.6666666666666666,0.3361344537815126,0.0,0.0,1,1.0,1.0,1.0,46.0,63220205.0,0.0,0.75342464,0.0,0,1,0,0,0,0,0,0,0,0,0,0,0,0,0,0,0,1,0,0,0,0
24.0,1.0,1.0,180.0,0.0,24.0,48.0,0.0,0.0,8.0,0.45454545454545436,0.0,0.0,0.0,0.0,0.0,0.0,0.0,0.0,1,1.0,0.0,1.0,46.0,13710015.0,0.0,0.75342464,0.0,0,1,0,0,0,0,0,0,0,0,0,0,0,0,0,1,0,0,0,0,0,0
22.0,0.0,1.0,360.0,0.0,26.0,48.0,0.0,0.0,11.0,0.18181818181818188,0.0,0.0,0.0,0.0,0.0,0.0,0.0,0.0,0,1.0,0.0,1.0,46.0,63420080.0,0.0,0.75342464,0.0,0,1,0,0,0,0,0,0,0,0,0,0,0,0,0,0,0,1,0,0,0,0
22.0,0.0,0.0,0.0,0.0,0.0,0.0,0.0,0.0,11.0,0.18181818181818188,0.0,1.0,0.0,0.05555555555555555,1.0,0.3529411764705882,0.0,0.0,0,0.0,0.0,1.0,46.0,13710015.0,1.0,0.75342464,0.0,0,1,0,0,0,0,0,0,0,0,0,0,0,0,0,0,0,1,0,0,0,0
21.0,0.0,1.0,408.0,0.0,26.0,48.0,1.0,0.0,11.0,0.09090909090909083,0.0,1.0,0.48,0.0,0.7333333333333333,0.3361344537815126,1.0,0.0,1,1.0,1.0,1.0,46.0,63410005.0,0.0,0.75342464,0.0,0,1,0,0,0,0,0,0,0,0,0,0,0,0,0,0,0,1,0,0,0,0
25.0,0.0,1.0,480.0,0.0,30.0,84.0,1.0,1.0,11.0,0.5454545454545452,0.0,1.0,0.3815,0.0,0.8666666666666667,0.3025210084033613,1.0,1.0,0,1.0,1.0,1.0,46.0,13710015.0,0.0,0.75342464,0.0,0,1,0,0,0,0,0,0,0,0,0,0,0,0,0,0,0,1,0,0,0,0
20.0,1.0,1.0,280.0,0.0,22.0,54.0,0.0,0.0,11.0,0.09090909090909083,1.0,0.0,0.0,0.0,0.0,0.0,0.0,0.0,1,1.0,0.0,1.0,46.0,63230005.0,1.0,0.75342464,1.0,0,1,0,0,0,0,0,0,0,0,0,0,0,0,0,0,0,1,0,0,0,0
22.0,0.0,1.0,560.0,0.0,30.0,70.0,0.0,0.0,11.0,0.18181818181818188,0.0,1.0,0.216,0.0,1.0,0.7058823529411764,0.0,0.0,1,1.0,1.0,1.0,46.0,13710015.0,1.0,0.75342464,1.0,0,1,0,0,0,0,0,0,0,0,0,0,0,0,0,0,0,1,0,0,0,0
23.0,0.0,1.0,408.0,0.0,26.0,48.0,0.0,0.0,11.0,0.2727272727272727,0.0,1.0,0.16,0.0,0.8666666666666667,0.5042016806722689,1.0,0.0,0,1.0,1.0,1.0,46.0,13530005.0,1.0,0.75342464,0.0,0,1,0,0,0,0,0,0,0,0,0,0,0,0,0,0,0,1,0,0,0,0
21.0,0.0,0.0,0.0,0.0,0.0,0.0,0.0,0.0,11.0,0.09090909090909083,0.0,1.0,0.42,0.0,0.8666666666666667,0.40336134453781514,1.0,0.0,0,0.0,1.0,1.0,46.0,63220205.0,0.0,0.75342464,0.0,0,1,0,0,0,0,0,0,0,0,0,0,0,0,0,0,0,1,0,0,0,0
23.0,0.0,1.0,800.0,0.0,26.0,54.0,0.0,0.0,11.0,0.2727272727272727,0.0,1.0,0.39999999999999997,0.0,0.6666666666666666,0.40336134453781514,0.0,0.0,1,1.0,1.0,1.0,46.0,63230005.0,0.0,0.75342464,0.0,0,1,0,0,0,0,0,0,0,0,0,0,0,0,0,0,0,1,0,0,0,0
23.0,0.0,1.0,530.0,0.0,22.0,40.0,1.0,0.0,11.0,0.2727272727272727,0.0,1.0,0.358,0.0,1.0,0.5294117647058824,1.0,0.0,1,1.0,1.0,1.0,46.0,13540015.0,0.0,0.75342464,0.0,0,1,0,0,0,0,0,0,0,0,0,0,0,0,0,0,0,1,0,0,0,0
25.0,0.0,0.0,0.0,0.0,0.0,0.0,0.0,0.0,8.0,0.45454545454545436,0.0,1.0,0.09,0.0,0.23333333333333334,0.47058823529411764,1.0,0.0,0,0.0,1.0,1.0,46.0,63420080.0,1.0,0.75342464,0.0,0,1,0,0,0,0,0,0,0,0,0,0,0,0,0,1,0,0,0,0,0,0
23.0,0.0,1.0,500.0,0.0,30.0,72.0,0.0,0.0,11.0,0.2727272727272727,0.0,1.0,0.16,0.0,0.7333333333333333,0.5042016806722689,0.0,0.0,1,1.0,1.0,1.0,46.0,13710015.0,0.0,0.75342464,0.0,0,1,0,0,0,0,0,0,0,0,0,0,0,0,0,0,0,1,0,0,0,0
23.0,1.0,1.0,408.0,0.0,27.0,40.0,1.0,1.0,11.0,0.36363636363636354,1.0,0.0,0.0,0.0,0.0,0.0,0.0,0.0,0,1.0,0.0,1.0,46.0,13110005.0,1.0,0.75342464,0.0,0,1,0,0,0,0,0,0,0,0,0,0,0,0,0,0,0,1,0,0,0,0
23.0,1.0,1.0,60.0,0.0,26.0,24.0,0.0,0.0,11.0,0.2727272727272727,0.0,1.0,0.193,0.0,0.6666666666666666,0.1680672268907563,0.0,0.0,0,1.0,1.0,1.0,46.0,13110005.0,1.0,0.75342464,0.0,0,1,0,0,0,0,0,0,0,0,0,0,0,0,0,0,0,1,0,0,0,0
25.0,0.0,1.0,120.0,0.0,8.0,17.0,0.0,0.0,11.0,0.45454545454545436,0.0,1.0,0.358,0.0,0.7333333333333333,0.40336134453781514,1.0,1.0,0,1.0,1.0,1.0,46.0,13710015.0,0.0,0.75342464,0.0,0,1,0,0,0,0,0,0,0,0,0,0,0,0,0,0,0,1,0,0,0,0
22.0,0.0,1.0,320.0,0.0,26.0,48.0,1.0,1.0,11.0,0.2727272727272727,0.0,1.0,0.358,0.0,0.7333333333333333,0.3361344537815126,1.0,1.0,1,1.0,1.0,1.0,46.0,13150005.0,1.0,0.75342464,1.0,0,1,0,0,0,0,0,0,0,0,0,0,0,0,0,0,0,1,0,0,0,0
20.0,0.0,1.0,80.0,0.0,15.0,72.0,0.0,0.0,11.0,0.0,0.0,0.0,0.0,0.0,0.0,0.0,0.0,0.0,0,1.0,0.0,1.0,46.0,13710015.0,0.0,0.75342464,0.0,0,1,0,0,0,0,0,0,0,0,0,0,0,0,1,0,0,0,0,0,0,0
21.0,0.0,1.0,408.0,0.0,26.0,48.0,1.0,1.0,11.0,0.09090909090909083,0.0,1.0,0.36,0.0,0.8666666666666667,0.4621848739495798,0.0,0.0,0,1.0,1.0,1.0,46.0,13710015.0,0.0,0.75342464,0.0,0,1,0,0,0,0,0,0,0,0,0,0,0,0,0,0,0,1,0,0,0,0
25.0,1.0,1.0,408.0,0.0,26.0,48.0,1.0,1.0,11.0,0.45454545454545436,1.0,0.0,0.0,0.0,0.0,0.0,0.0,0.0,1,1.0,0.0,1.0,46.0,13110005.0,1.0,0.75342464,1.0,0,1,0,0,0,0,0,0,0,0,0,0,0,0,0,0,0,1,0,0,0,0
22.0,1.0,1.0,600.0,0.0,26.0,48.0,1.0,1.0,11.0,0.18181818181818188,1.0,1.0,0.33999999999999997,0.0,0.8666666666666667,0.6050420168067226,0.0,0.0,1,1.0,1.0,1.0,46.0,63530020.0,0.0,0.75342464,0.0,0,1,0,0,0,0,0,0,0,0,0,0,0,0,1,0,0,0,0,0,0,0
23.0,0.0,1.0,0.0,200000.0,30.0,42.0,0.0,0.0,11.0,0.2727272727272727,1.0,0.0,0.0,0.0,0.0,0.0,0.0,0.0,1,0.0,0.0,1.0,47.0,13540015.0,1.0,0.82798165,1.0,0,1,0,0,0,0,0,0,0,0,0,0,0,0,0,0,0,1,0,0,0,0
25.0,0.0,1.0,408.0,0.0,28.0,48.0,1.0,1.0,11.0,0.45454545454545436,0.0,1.0,0.0,0.15555555555555556,0.2,0.3025210084033613,0.0,0.0,1,1.0,0.0,1.0,47.0,63220235.0,0.0,0.82798165,0.0,0,1,0,0,0,0,0,0,0,0,0,0,0,0,0,0,0,1,0,0,0,0
24.0,1.0,1.0,408.0,0.0,26.0,72.0,1.0,1.0,11.0,0.45454545454545436,1.0,1.0,0.48,0.0,1.0,0.7310924369747899,1.0,1.0,0,1.0,1.0,1.0,47.0,66120040.0,0.0,0.82798165,0.0,0,1,0,0,0,0,0,0,0,0,0,0,0,0,0,0,0,1,0,0,0,0
25.0,1.0,1.0,0.0,40000.0,26.0,48.0,0.0,0.0,9.0,0.45454545454545436,0.0,1.0,0.3815,0.0,0.8666666666666667,0.40336134453781514,0.0,0.0,0,0.0,1.0,1.0,47.0,63220235.0,0.0,0.82798165,0.0,0,1,0,0,0,0,0,0,0,0,0,0,0,0,0,0,1,0,0,0,0,0
24.0,0.0,1.0,350.0,0.0,26.0,44.0,1.0,0.0,8.0,0.36363636363636354,0.0,1.0,0.35,0.0,0.7333333333333333,0.36974789915966383,0.0,0.0,0,1.0,1.0,1.0,47.0,63220235.0,1.0,0.82798165,0.0,0,1,0,0,0,0,0,0,0,0,0,0,0,0,1,0,0,0,0,0,0,0
23.0,0.0,1.0,500.0,0.0,30.0,35.0,1.0,1.0,11.0,0.36363636363636354,0.0,1.0,0.7,0.0,0.7333333333333333,0.4621848739495798,0.0,0.0,1,1.0,1.0,1.0,47.0,13540015.0,0.0,0.82798165,0.0,0,1,0,0,0,0,0,0,0,0,0,0,0,0,0,0,0,1,0,0,0,0
21.0,0.0,1.0,408.0,0.0,26.0,48.0,0.0,0.0,11.0,0.09090909090909083,0.0,0.0,0.0,0.0,0.0,0.0,0.0,0.0,0,1.0,0.0,1.0,47.0,66120040.0,0.0,0.82798165,0.0,0,1,0,0,0,0,0,0,0,0,0,0,0,0,0,0,0,1,0,0,0,0
22.0,0.0,1.0,408.0,0.0,26.0,48.0,0.0,0.0,11.0,0.2727272727272727,0.0,1.0,0.35,0.0,0.8666666666666667,0.40336134453781514,0.0,0.0,0,1.0,1.0,1.0,47.0,13540015.0,0.0,0.82798165,0.0,0,1,0,0,0,0,0,0,0,0,0,0,0,0,0,0,0,1,0,0,0,0
21.0,0.0,1.0,0.0,1000000.0,30.0,91.0,0.0,0.0,11.0,0.18181818181818188,0.0,1.0,0.3,0.0,0.16666666666666666,0.1680672268907563,0.0,0.0,1,0.0,1.0,1.0,47.0,63220235.0,1.0,0.82798165,1.0,0,1,0,0,0,0,0,0,0,0,0,0,0,0,0,0,0,1,0,0,0,0
23.0,0.0,1.0,408.0,0.0,26.0,54.0,0.0,1.0,11.0,0.2727272727272727,0.0,0.0,0.0,0.0,0.0,0.0,0.0,0.0,0,1.0,0.0,1.0,48.0,66120040.0,0.0,0.82798165,0.0,0,1,0,0,0,0,0,0,0,0,0,0,0,0,0,0,0,1,0,0,0,0
24.0,0.0,1.0,390.0,0.0,22.0,50.0,0.0,0.0,11.0,0.36363636363636354,1.0,1.0,0.36,0.0,0.6666666666666666,0.25210084033613445,0.0,0.0,0,1.0,1.0,1.0,48.0,66120040.0,1.0,0.82798165,0.0,0,1,0,0,0,0,0,0,0,0,0,0,0,0,0,0,0,1,0,0,0,0
25.0,0.0,1.0,408.0,0.0,24.0,48.0,1.0,1.0,10.0,0.5454545454545452,0.0,1.0,0.0,0.2111111111111111,1.0,0.47058823529411764,0.0,0.0,1,1.0,0.0,1.0,47.0,13540015.0,0.0,0.82798165,0.0,0,1,0,0,0,0,0,0,0,0,0,0,0,0,0,1,0,0,0,0,0,0
22.0,0.0,1.0,55.0,0.0,26.0,48.0,0.0,0.0,11.0,0.2727272727272727,0.0,1.0,0.0,0.16666666666666666,0.7333333333333333,0.40336134453781514,0.0,0.0,1,1.0,0.0,1.0,47.0,66120040.0,0.0,0.82798165,0.0,0,1,0,0,0,0,0,0,0,0,0,0,0,0,0,0,0,1,0,0,0,0
23.0,0.0,1.0,408.0,0.0,26.0,48.0,1.0,1.0,11.0,0.2727272727272727,0.0,0.0,0.0,0.0,0.0,0.0,0.0,0.0,1,1.0,0.0,1.0,47.0,63220235.0,1.0,0.82798165,1.0,0,1,0,0,0,0,0,0,0,0,0,0,0,0,0,0,0,1,0,0,0,0
24.0,1.0,1.0,408.0,0.0,22.0,48.0,1.0,1.0,11.0,0.45454545454545436,1.0,1.0,0.0,0.4444444444444444,0.6666666666666666,0.42016806722689076,0.0,0.0,1,1.0,0.0,1.0,47.0,66120040.0,0.0,0.82798165,0.0,0,1,0,0,0,0,0,0,0,0,0,0,0,0,0,0,0,1,0,0,0,0
24.0,0.0,1.0,408.0,0.0,28.0,56.0,1.0,0.0,11.0,0.36363636363636354,0.0,1.0,0.16,0.0,1.0,0.23529411764705882,0.0,0.0,1,1.0,1.0,1.0,47.0,63220235.0,1.0,0.82798165,1.0,0,1,0,0,0,0,0,0,0,0,0,0,0,0,0,0,0,1,0,0,0,0
24.0,1.0,1.0,408.0,0.0,6.0,48.0,1.0,1.0,10.0,0.36363636363636354,0.0,1.0,0.3815,0.0,0.8666666666666667,0.40336134453781514,1.0,0.0,0,1.0,1.0,1.0,47.0,63220235.0,0.0,0.82798165,0.0,0,1,0,0,0,0,0,0,0,0,0,0,1,0,0,0,0,0,0,0,0,0
24.0,0.0,0.0,0.0,0.0,0.0,0.0,0.0,0.0,5.0,0.45454545454545436,0.0,1.0,0.39999999999999997,0.0,0.8,0.42016806722689076,0.0,0.0,1,0.0,1.0,1.0,47.0,13540015.0,0.0,0.82798165,0.0,0,1,0,0,0,0,0,0,0,0,0,0,0,0,0,1,0,0,0,0,0,0
22.0,0.0,1.0,300.0,0.0,26.0,48.0,0.0,0.0,8.0,0.2727272727272727,0.0,1.0,0.38999999999999996,0.0,0.8666666666666667,0.7058823529411764,0.0,1.0,0,1.0,1.0,1.0,48.0,63220235.0,1.0,0.82798165,0.0,0,1,0,0,0,0,0,0,0,0,0,0,0,0,1,0,0,0,0,0,0,0
24.0,1.0,1.0,408.0,0.0,22.0,48.0,0.0,1.0,11.0,0.36363636363636354,0.0,0.0,0.0,0.0,0.0,0.0,0.0,0.0,1,1.0,0.0,1.0,47.0,66120040.0,0.0,0.82798165,0.0,0,1,0,0,0,0,0,0,0,0,0,0,0,0,0,0,0,1,0,0,0,0
21.0,1.0,1.0,900.0,0.0,26.0,48.0,0.0,1.0,11.0,0.09090909090909083,0.0,1.0,0.42,0.0,0.8,0.6050420168067226,1.0,1.0,1,1.0,1.0,1.0,47.0,66120040.0,0.0,0.82798165,0.0,0,1,0,0,0,0,0,0,0,0,0,0,0,0,0,0,0,1,0,0,0,0
26.0,0.0,1.0,381.5,0.0,26.0,48.0,1.0,0.0,11.0,0.5454545454545452,0.0,0.0,0.0,0.0,0.0,0.0,0.0,0.0,1,1.0,0.0,1.0,47.0,13540015.0,0.0,0.82798165,0.0,0,1,0,0,0,0,0,0,0,0,0,0,0,0,0,0,0,1,0,0,0,0
23.0,0.0,0.0,0.0,0.0,0.0,0.0,0.0,0.0,11.0,0.2727272727272727,0.0,0.0,0.0,0.0,0.0,0.0,0.0,0.0,0,0.0,0.0,1.0,48.0,63220235.0,1.0,0.82798165,0.0,0,1,0,0,0,0,0,0,0,0,0,0,0,0,0,0,0,1,0,0,0,0
21.0,0.0,1.0,312.0,0.0,24.0,42.0,0.0,0.0,11.0,0.09090909090909083,0.0,1.0,0.358,0.0,0.8666666666666667,0.5546218487394958,0.0,0.0,0,1.0,1.0,1.0,47.0,66120040.0,0.0,0.82798165,0.0,0,1,0,0,0,0,0,0,0,0,0,0,0,0,0,0,0,1,0,0,0,0
24.0,0.0,1.0,408.0,0.0,26.0,72.0,1.0,1.0,11.0,0.36363636363636354,0.0,1.0,0.3815,0.0,0.7333333333333333,0.3361344537815126,1.0,0.0,0,1.0,1.0,1.0,47.0,63220235.0,1.0,0.82798165,0.0,0,1,0,0,0,0,0,0,0,0,0,0,0,0,0,0,0,1,0,0,0,0
26.0,0.0,1.0,408.0,0.0,26.0,54.0,1.0,1.0,11.0,0.6363636363636365,0.0,1.0,0.3815,0.0,0.8666666666666667,0.40336134453781514,1.0,1.0,0,1.0,1.0,1.0,47.0,63220235.0,0.0,0.82798165,0.0,0,1,0,0,0,0,0,0,0,0,0,0,0,0,0,0,0,1,0,0,0,0
22.0,0.0,0.0,0.0,0.0,0.0,0.0,0.0,0.0,11.0,0.18181818181818188,0.0,0.0,0.0,0.0,0.0,0.0,0.0,0.0,0,0.0,0.0,1.0,48.0,13540015.0,0.0,0.7989056,0.0,0,1,0,0,0,0,0,0,0,0,0,0,0,0,0,0,0,0,1,0,0,0
23.0,0.0,1.0,520.0,0.0,30.0,84.0,1.0,0.0,11.0,0.2727272727272727,0.0,0.0,0.0,0.0,0.0,0.0,0.0,0.0,0,1.0,0.0,1.0,47.0,66120040.0,0.0,0.7989056,0.0,0,1,0,0,0,0,0,0,0,0,0,0,0,0,0,0,0,1,0,0,0,0
21.0,0.0,0.0,0.0,0.0,0.0,0.0,0.0,0.0,11.0,0.09090909090909083,0.0,0.0,0.0,0.0,0.0,0.0,0.0,0.0,1,0.0,0.0,1.0,48.0,63220235.0,0.0,0.7989056,0.0,1,0,0,0,0,0,0,0,0,0,0,0,0,0,0,0,0,1,0,0,0,0
24.0,0.0,0.0,0.0,0.0,0.0,0.0,0.0,0.0,11.0,0.45454545454545436,0.0,0.0,0.0,0.0,0.0,0.0,0.0,0.0,0,0.0,0.0,1.0,48.0,66120045.0,1.0,0.7989056,0.0,0,1,0,0,0,0,0,0,0,0,0,0,0,0,0,0,0,1,0,0,0,0
23.0,1.0,1.0,200.0,0.0,30.0,112.0,0.0,0.0,11.0,0.2727272727272727,0.0,0.0,0.0,0.0,0.0,0.0,0.0,0.0,0,1.0,0.0,1.0,48.0,66120040.0,1.0,0.7989056,0.0,0,1,0,0,0,0,0,0,0,0,0,0,0,0,0,0,0,1,0,0,0,0
23.0,0.0,1.0,0.0,480000.0,26.0,60.0,0.0,0.0,9.0,0.2727272727272727,0.0,1.0,0.0,0.2222222222222222,0.8666666666666667,0.40336134453781514,0.0,0.0,0,0.0,0.0,1.0,48.0,66120040.0,0.0,0.7989056,0.0,0,1,0,0,0,0,0,0,0,0,0,0,0,0,0,0,1,0,0,0,0,0
20.0,0.0,0.0,0.0,0.0,0.0,0.0,0.0,0.0,11.0,0.09090909090909083,0.0,0.0,0.0,0.0,0.0,0.0,0.0,0.0,1,0.0,0.0,1.0,48.0,63220235.0,0.0,0.7989056,0.0,1,0,0,0,0,0,0,0,0,0,0,0,0,0,0,0,0,1,0,0,0,0
22.0,0.0,1.0,408.0,0.0,26.0,48.0,1.0,1.0,11.0,0.2727272727272727,0.0,1.0,0.358,0.0,0.8666666666666667,0.40336134453781514,1.0,1.0,0,1.0,1.0,1.0,48.0,66120045.0,0.0,0.7989056,0.0,0,1,0,0,0,0,0,0,0,0,0,0,0,0,0,0,0,1,0,0,0,0
20.0,0.0,0.0,0.0,0.0,0.0,0.0,0.0,0.0,11.0,0.09090909090909083,0.0,0.0,0.0,0.0,0.0,0.0,0.0,0.0,0,0.0,0.0,1.0,48.0,63220235.0,1.0,0.7989056,0.0,1,0,0,0,0,0,0,0,0,0,0,0,0,0,0,0,0,1,0,0,0,0
20.0,0.0,1.0,100.0,0.0,4.0,36.0,1.0,1.0,11.0,0.09090909090909083,0.0,0.0,0.0,0.0,0.0,0.0,0.0,0.0,1,1.0,0.0,1.0,48.0,66120040.0,0.0,0.7989056,0.0,1,0,0,0,0,0,0,0,0,0,0,0,0,0,0,0,0,1,0,0,0,0
23.0,1.0,1.0,0.0,280000.0,26.0,70.0,0.0,0.0,11.0,0.18181818181818188,1.0,1.0,0.0,0.3333333333333333,0.6666666666666666,0.3361344537815126,0.0,0.0,0,0.0,0.0,1.0,48.0,66120045.0,0.0,0.7989056,0.0,0,1,0,0,0,0,0,0,0,0,0,0,0,0,0,0,0,1,0,0,0,0
20.0,1.0,0.0,0.0,0.0,0.0,0.0,0.0,0.0,11.0,0.09090909090909083,0.0,0.0,0.0,0.0,0.0,0.0,0.0,0.0,1,0.0,0.0,1.0,48.0,66120040.0,1.0,0.7989056,1.0,1,0,0,0,0,0,0,0,0,0,0,0,0,0,0,0,0,1,0,0,0,0
26.0,1.0,1.0,300.0,0.0,22.0,48.0,0.0,0.0,9.0,0.6363636363636365,0.0,1.0,0.3,0.0,0.7333333333333333,0.5042016806722689,0.0,0.0,0,1.0,1.0,1.0,48.0,13540015.0,1.0,0.7989056,0.0,0,1,0,0,0,0,0,0,0,0,0,0,0,0,0,1,0,0,0,0,0,0
22.0,0.0,1.0,550.0,0.0,26.0,56.0,1.0,1.0,11.0,0.18181818181818188,0.0,1.0,0.3815,0.0,0.8666666666666667,0.40336134453781514,0.0,0.0,0,1.0,1.0,1.0,48.0,66120045.0,1.0,0.7989056,0.0,0,1,0,0,0,0,0,0,0,0,0,0,0,0,0,0,0,1,0,0,0,0
22.0,0.0,1.0,380.0,0.0,30.0,63.0,1.0,1.0,11.0,0.18181818181818188,0.0,1.0,0.03,0.0,0.4,0.20168067226890757,0.0,0.0,1,1.0,1.0,1.0,48.0,66120045.0,1.0,0.7989056,1.0,0,1,0,0,0,0,0,0,0,0,0,0,0,0,0,0,1,0,0,0,0,0
22.0,1.0,1.0,0.0,0.0,24.0,60.0,0.0,0.0,11.0,0.2727272727272727,0.0,1.0,0.22,0.0,0.7333333333333333,0.21008403361344538,1.0,1.0,0,0.0,1.0,1.0,48.0,66120045.0,0.0,0.7989056,0.0,0,1,0,0,0,0,0,0,0,0,0,0,0,0,0,0,0,1,0,0,0,0
20.0,0.0,1.0,0.0,180000.0,26.0,78.0,0.0,0.0,5.0,0.09090909090909083,0.0,1.0,0.16999999999999998,0.0,0.8666666666666667,0.5546218487394958,0.0,0.0,0,0.0,1.0,1.0,48.0,66120040.0,1.0,0.7989056,0.0,1,0,0,0,0,0,0,0,0,0,0,0,0,0,0,0,0,1,0,0,0,0
21.0,0.0,1.0,500.0,0.0,28.0,54.0,1.0,1.0,13.0,0.09090909090909083,0.0,0.0,0.0,0.0,0.0,0.0,0.0,0.0,1,1.0,0.0,1.0,48.0,63220235.0,1.0,0.7989056,1.0,1,0,0,0,0,0,0,0,0,0,0,0,0,0,0,0,0,1,0,0,0,0
24.0,1.0,1.0,400.0,0.0,26.0,48.0,0.0,0.0,10.0,0.36363636363636354,1.0,0.0,0.0,0.0,0.0,0.0,0.0,0.0,0,1.0,0.0,1.0,47.0,66120040.0,1.0,0.7989056,0.0,0,1,0,0,0,0,0,0,0,0,0,0,0,0,0,1,0,0,0,0,0,0
23.0,1.0,1.0,408.0,0.0,22.0,48.0,0.0,0.0,11.0,0.36363636363636354,1.0,0.0,0.0,0.0,0.0,0.0,0.0,0.0,0,1.0,0.0,1.0,47.0,13540015.0,0.0,0.7989056,0.0,0,1,0,0,0,0,0,0,0,0,0,0,0,0,0,0,0,1,0,0,0,0
23.0,1.0,0.0,0.0,0.0,0.0,0.0,0.0,0.0,7.0,0.2727272727272727,0.0,1.0,0.0,0.0,1.0,0.6470588235294117,1.0,1.0,1,0.0,0.0,1.0,48.0,63220235.0,1.0,0.7989056,1.0,0,1,0,0,0,0,0,0,0,0,0,0,0,1,0,0,0,0,0,0,0,0
20.0,0.0,1.0,240.0,0.0,26.0,48.0,0.0,0.0,11.0,0.0,0.0,1.0,0.0,0.03333333333333333,0.2,0.13445378151260504,0.0,0.0,1,1.0,0.0,1.0,48.0,66120040.0,1.0,0.7989056,1.0,0,1,0,0,0,0,0,0,0,0,0,0,0,0,0,0,0,1,0,0,0,0
23.0,1.0,1.0,340.0,0.0,26.0,48.0,1.0,1.0,11.0,0.36363636363636354,0.0,1.0,0.358,0.0,0.8666666666666667,0.40336134453781514,0.0,0.0,1,1.0,1.0,1.0,48.0,13540015.0,1.0,0.7989056,1.0,0,1,0,0,0,0,0,0,0,0,0,0,0,0,0,0,0,1,0,0,0,0
21.0,0.0,1.0,210.0,0.0,22.0,40.0,0.0,0.0,11.0,0.09090909090909083,0.0,1.0,0.358,0.0,1.0,0.453781512605042,0.0,0.0,0,1.0,1.0,1.0,48.0,63220235.0,1.0,0.7989056,0.0,0,1,0,0,0,0,0,0,0,0,0,0,0,0,0,0,0,1,0,0,0,0
21.0,0.0,1.0,135.0,0.0,26.0,48.0,0.0,0.0,11.0,0.09090909090909083,0.0,0.0,0.0,0.0,0.0,0.0,0.0,0.0,1,1.0,0.0,1.0,48.0,63220235.0,1.0,0.7989056,1.0,0,1,0,0,0,0,0,0,0,0,0,0,0,0,0,0,0,1,0,0,0,0
23.0,0.0,1.0,408.0,0.0,26.0,72.0,1.0,1.0,11.0,0.2727272727272727,0.0,0.0,0.0,0.0,0.0,0.0,0.0,0.0,0,1.0,0.0,1.0,48.0,66120045.0,0.0,0.7989056,0.0,0,1,0,0,0,0,0,0,0,0,0,0,0,0,0,0,0,1,0,0,0,0
21.0,0.0,0.0,0.0,0.0,0.0,0.0,0.0,0.0,11.0,0.18181818181818188,0.0,0.0,0.0,0.0,0.0,0.0,0.0,0.0,0,0.0,0.0,1.0,48.0,66120040.0,0.0,0.7989056,0.0,0,1,0,0,0,0,0,0,0,0,0,0,0,0,0,0,0,1,0,0,0,0
25.0,0.0,1.0,408.0,0.0,30.0,63.0,1.0,1.0,11.0,0.5454545454545452,0.0,0.0,0.0,0.0,0.0,0.0,0.0,0.0,1,1.0,0.0,1.0,48.0,66120040.0,1.0,0.7989056,1.0,0,1,0,0,0,0,0,0,0,0,0,0,0,0,0,0,0,1,0,0,0,0
19.0,0.0,0.0,0.0,0.0,0.0,0.0,0.0,0.0,11.0,0.0,0.0,0.0,0.0,0.0,0.0,0.0,0.0,0.0,0,0.0,0.0,1.0,48.0,66120040.0,0.0,0.7989056,0.0,1,0,0,0,0,0,0,0,0,0,0,0,0,0,0,0,0,1,0,0,0,0
26.0,0.0,1.0,408.0,0.0,26.0,72.0,1.0,1.0,11.0,0.5454545454545452,0.0,0.0,0.0,0.0,0.0,0.0,0.0,0.0,0,1.0,0.0,1.0,48.0,63220235.0,0.0,0.7989056,0.0,1,0,0,0,0,0,0,0,0,0,0,0,0,0,0,0,0,1,0,0,0,0
24.0,0.0,1.0,240.0,0.0,26.0,42.0,0.0,0.0,11.0,0.45454545454545436,0.0,0.0,0.0,0.0,0.0,0.0,0.0,0.0,0,1.0,0.0,1.0,48.0,66120040.0,1.0,0.7989056,0.0,1,0,0,0,0,0,0,0,0,0,0,0,0,0,0,0,0,1,0,0,0,0
22.0,0.0,1.0,460.0,0.0,30.0,84.0,1.0,1.0,11.0,0.18181818181818188,0.0,0.0,0.0,0.0,0.0,0.0,0.0,0.0,0,1.0,0.0,1.0,47.0,66120040.0,0.0,0.7989056,0.0,0,1,0,0,0,0,0,0,0,0,0,0,0,0,0,0,0,1,0,0,0,0
20.0,0.0,1.0,408.0,0.0,26.0,48.0,1.0,1.0,11.0,0.09090909090909083,0.0,0.0,0.0,0.0,0.0,0.0,0.0,0.0,1,1.0,0.0,1.0,48.0,63220235.0,0.0,0.7989056,0.0,1,0,0,0,0,0,0,0,0,0,0,0,0,0,0,0,0,1,0,0,0,0
24.0,0.0,1.0,0.0,400000.0,30.0,80.0,0.0,0.0,11.0,0.45454545454545436,0.0,1.0,0.0,0.4444444444444444,0.7333333333333333,0.1680672268907563,0.0,0.0,0,0.0,0.0,1.0,48.0,13540015.0,0.0,0.7989056,0.0,0,1,0,0,0,0,0,0,0,0,0,0,0,0,0,1,0,0,0,0,0,0
23.0,1.0,1.0,0.0,200000.0,20.0,16.0,0.0,0.0,11.0,0.36363636363636354,0.0,1.0,0.0,0.18888888888888888,1.0,0.29411764705882354,0.0,0.0,0,0.0,0.0,1.0,48.0,63220235.0,0.0,0.7989056,0.0,1,0,0,0,0,0,0,0,0,0,0,0,0,0,0,0,0,1,0,0,0,0
27.0,0.0,1.0,315.0,0.0,24.0,48.0,0.0,1.0,7.0,0.09090909090909083,0.0,0.0,0.0,0.0,0.0,0.0,0.0,0.0,0,1.0,0.0,1.0,48.0,13540015.0,0.0,0.7989056,0.0,0,1,0,0,0,0,0,0,0,0,0,0,0,0,0,0,0,1,0,0,0,0
26.0,0.0,0.0,0.0,0.0,0.0,0.0,0.0,0.0,11.0,0.5454545454545452,0.0,0.0,0.0,0.0,0.0,0.0,0.0,0.0,1,0.0,0.0,1.0,48.0,63220235.0,0.0,0.7989056,0.0,0,1,0,0,0,0,0,0,0,0,0,0,0,0,0,0,0,1,0,0,0,0
22.0,0.0,1.0,160.0,0.0,30.0,70.0,0.0,0.0,11.0,0.18181818181818188,0.0,0.0,0.0,0.0,0.0,0.0,0.0,0.0,1,1.0,0.0,1.0,48.0,63220235.0,1.0,0.7989056,1.0,1,0,0,0,0,0,0,0,0,0,0,0,0,0,0,0,0,1,0,0,0,0
24.0,0.0,1.0,100.0,0.0,20.0,40.0,0.0,0.0,9.0,0.45454545454545436,0.0,0.0,0.0,0.0,0.0,0.0,0.0,0.0,0,1.0,0.0,1.0,47.0,63220235.0,1.0,0.7989056,0.0,0,1,0,0,0,0,0,0,0,0,0,0,0,0,0,1,0,0,0,0,0,0
25.0,0.0,1.0,408.0,0.0,26.0,48.0,0.0,0.0,11.0,0.45454545454545436,0.0,0.0,0.0,0.0,0.0,0.0,0.0,0.0,1,1.0,0.0,1.0,48.0,63220235.0,1.0,0.7989056,1.0,0,1,0,0,0,0,0,0,0,0,0,0,0,0,0,0,0,1,0,0,0,0
22.0,1.0,1.0,381.5,0.0,22.0,40.0,1.0,1.0,11.0,0.2727272727272727,0.0,1.0,0.15,0.0,0.9333333333333333,0.5882352941176471,0.0,0.0,1,1.0,1.0,1.0,48.0,13540015.0,1.0,0.7989056,1.0,0,1,0,0,0,0,0,0,0,0,0,0,0,0,0,0,0,1,0,0,0,0
21.0,1.0,1.0,381.5,0.0,28.0,64.0,1.0,1.0,11.0,0.09090909090909083,0.0,0.0,0.0,0.0,0.0,0.0,0.0,0.0,1,1.0,0.0,1.0,48.0,63220235.0,1.0,0.7989056,1.0,1,0,0,0,0,0,0,0,0,0,0,0,0,0,0,0,0,1,0,0,0,0
24.0,0.0,1.0,900.0,0.0,24.0,87.0,1.0,1.0,11.0,0.36363636363636354,0.0,1.0,0.09999999999999999,0.0,0.8,0.21008403361344538,0.0,0.0,1,1.0,1.0,1.0,48.0,66120045.0,0.0,0.7989056,0.0,0,1,0,0,0,0,0,0,0,0,0,0,0,0,0,0,0,0,0,0,1,0
24.0,0.0,1.0,206.0,0.0,30.0,42.0,1.0,1.0,9.0,0.36363636363636354,0.0,0.0,0.0,0.0,0.0,0.0,0.0,0.0,0,1.0,0.0,1.0,47.0,66120040.0,1.0,0.7989056,0.0,0,1,0,0,0,0,0,0,0,0,0,0,1,0,0,0,0,0,0,0,0,0
21.0,0.0,1.0,408.0,0.0,24.0,49.0,1.0,1.0,11.0,0.18181818181818188,0.0,1.0,0.358,0.0,0.8666666666666667,0.5042016806722689,1.0,1.0,0,1.0,1.0,1.0,48.0,66120040.0,1.0,0.7989056,0.0,0,1,0,0,0,0,0,0,0,0,0,0,0,0,0,0,0,1,0,0,0,0
23.0,0.0,1.0,408.0,0.0,26.0,48.0,1.0,0.0,11.0,0.2727272727272727,0.0,1.0,0.358,0.0,1.0,0.5042016806722689,1.0,1.0,1,1.0,1.0,1.0,48.0,13540015.0,0.0,0.7989056,0.0,0,1,0,0,0,0,0,0,0,0,0,0,0,0,0,0,0,1,0,0,0,0
26.0,0.0,1.0,280.0,0.0,24.0,48.0,1.0,1.0,11.0,0.5454545454545452,0.0,1.0,0.358,0.0,0.8666666666666667,0.40336134453781514,1.0,1.0,1,1.0,1.0,1.0,48.0,66120040.0,0.0,0.7989056,0.0,0,1,0,0,0,0,0,0,0,0,0,0,0,0,0,0,0,1,0,0,0,0
20.0,0.0,0.0,0.0,0.0,0.0,0.0,0.0,0.0,11.0,0.09090909090909083,0.0,0.0,0.0,0.0,0.0,0.0,0.0,0.0,1,0.0,0.0,1.0,48.0,66120040.0,1.0,0.7989056,1.0,1,0,0,0,0,0,0,0,0,0,0,0,0,0,0,0,0,1,0,0,0,0
26.0,1.0,1.0,357.0,0.0,28.0,48.0,1.0,1.0,11.0,0.6363636363636365,1.0,0.0,0.0,0.0,0.0,0.0,0.0,0.0,1,1.0,0.0,1.0,49.0,63720005.0,1.0,0.7548077,1.0,0,0,0,0,0,0,1,0,0,0,0,0,0,0,0,0,0,1,0,0,0,0
22.0,0.0,0.0,0.0,0.0,0.0,0.0,0.0,0.0,7.0,0.2727272727272727,0.0,1.0,0.0,0.16666666666666666,0.6666666666666666,0.10084033613445378,0.0,0.0,1,0.0,0.0,1.0,49.0,13620010.0,0.0,0.7548077,0.0,0,0,0,0,0,0,1,0,0,0,0,0,0,1,0,0,0,0,0,0,0,0
25.0,0.0,1.0,288.0,0.0,26.0,52.0,0.0,0.0,11.0,0.45454545454545436,0.0,0.0,0.0,0.0,0.0,0.0,0.0,0.0,0,1.0,0.0,1.0,49.0,13510015.0,1.0,0.7548077,0.0,0,0,0,0,0,0,1,0,0,0,0,0,0,0,0,0,0,1,0,0,0,0
25.0,0.0,0.0,0.0,0.0,0.0,0.0,0.0,0.0,11.0,0.5454545454545452,0.0,1.0,0.358,0.0,0.8666666666666667,0.5546218487394958,0.0,1.0,0,0.0,1.0,1.0,49.0,63720005.0,1.0,0.7548077,0.0,0,0,0,0,0,0,1,0,0,0,0,0,0,0,0,0,0,1,0,0,0,0
22.0,0.0,1.0,408.0,0.0,26.0,48.0,1.0,1.0,11.0,0.18181818181818188,0.0,0.0,0.0,0.0,0.0,0.0,0.0,0.0,0,1.0,0.0,1.0,49.0,66310010.0,0.0,0.7548077,0.0,0,0,0,0,0,0,1,0,0,0,0,0,0,0,0,0,0,1,0,0,0,0
22.0,1.0,0.0,0.0,0.0,0.0,0.0,0.0,0.0,11.0,0.2727272727272727,1.0,1.0,0.19999999999999998,0.0,0.5333333333333333,0.2689075630252101,1.0,1.0,1,0.0,1.0,1.0,49.0,63110010.0,1.0,0.7548077,1.0,0,0,0,0,0,0,1,0,0,0,0,0,0,0,0,0,0,1,0,0,0,0
25.0,1.0,1.0,220.0,0.0,8.0,24.0,0.0,0.0,11.0,0.5454545454545452,0.0,0.0,0.0,0.0,0.0,0.0,0.0,0.0,1,1.0,0.0,1.0,49.0,66310010.0,1.0,0.7548077,1.0,0,1,0,0,0,0,0,0,0,0,0,0,0,0,0,0,0,1,0,0,0,0
22.0,0.0,0.0,0.0,0.0,0.0,0.0,0.0,0.0,11.0,0.2727272727272727,0.0,0.0,0.0,0.0,0.0,0.0,0.0,0.0,0,0.0,0.0,1.0,49.0,66310010.0,1.0,0.7548077,0.0,0,0,0,0,0,0,1,0,0,0,0,0,0,0,0,0,0,1,0,0,0,0
22.0,0.0,0.0,0.0,0.0,0.0,0.0,0.0,0.0,7.0,0.2727272727272727,0.0,1.0,0.0,0.0,0.8666666666666667,0.5042016806722689,0.0,0.0,0,0.0,0.0,1.0,49.0,66310010.0,0.0,0.7548077,0.0,0,0,0,0,0,0,1,0,0,0,0,0,1,0,0,0,0,0,0,0,0,0
23.0,0.0,1.0,400.0,0.0,20.0,45.0,0.0,0.0,11.0,0.36363636363636354,0.0,1.0,0.24,0.0,0.7333333333333333,0.42016806722689076,0.0,0.0,0,1.0,1.0,1.0,49.0,13510015.0,1.0,0.7548077,0.0,0,0,0,0,0,0,1,0,0,0,0,0,0,0,0,0,0,1,0,0,0,0
25.0,0.0,1.0,570.0,0.0,20.0,60.0,1.0,1.0,9.0,0.45454545454545436,1.0,1.0,0.19999999999999998,0.0,0.7333333333333333,0.5042016806722689,0.0,0.0,1,1.0,1.0,1.0,49.0,66310010.0,1.0,0.7548077,1.0,0,1,0,0,0,0,0,0,0,0,0,0,1,0,0,0,0,0,0,0,0,0
23.0,0.0,0.0,0.0,0.0,0.0,0.0,0.0,0.0,11.0,0.36363636363636354,0.0,1.0,0.358,0.0,0.8666666666666667,0.40336134453781514,1.0,0.0,0,0.0,1.0,1.0,49.0,63110010.0,1.0,0.7548077,0.0,0,0,0,0,0,0,1,0,0,0,0,0,0,0,0,0,0,1,0,0,0,0
20.0,1.0,0.0,0.0,0.0,0.0,0.0,0.0,0.0,11.0,0.09090909090909083,0.0,1.0,0.324,0.0,0.8666666666666667,0.40336134453781514,0.0,0.0,0,0.0,1.0,1.0,49.0,63110010.0,1.0,0.7548077,0.0,0,0,0,0,0,0,1,0,0,0,0,0,0,0,0,0,0,1,0,0,0,0
22.0,0.0,0.0,0.0,0.0,0.0,0.0,0.0,0.0,11.0,0.18181818181818188,0.0,0.0,0.0,0.0,0.0,0.0,0.0,0.0,0,0.0,0.0,1.0,49.0,13510015.0,0.0,0.7548077,0.0,0,0,0,0,0,0,1,0,0,0,0,0,0,0,0,0,0,1,0,0,0,0
26.0,1.0,1.0,0.0,100000.0,28.0,50.0,0.0,0.0,11.0,0.6363636363636365,1.0,1.0,0.0,0.38888888888888884,0.8666666666666667,0.5546218487394958,0.0,0.0,0,0.0,0.0,1.0,49.0,13510015.0,1.0,0.7548077,0.0,0,0,0,0,0,0,1,0,0,0,0,0,0,0,0,0,0,1,0,0,0,0
20.0,1.0,0.0,0.0,0.0,0.0,0.0,0.0,0.0,11.0,0.09090909090909083,1.0,1.0,0.358,0.0,0.8666666666666667,0.40336134453781514,1.0,1.0,1,0.0,1.0,1.0,49.0,33140020.0,1.0,0.7548077,1.0,0,0,0,0,0,0,1,0,0,0,0,0,0,0,0,0,0,1,0,0,0,0
22.0,0.0,0.0,0.0,0.0,0.0,0.0,0.0,0.0,11.0,0.18181818181818188,0.0,0.0,0.0,0.0,0.0,0.0,0.0,0.0,1,0.0,0.0,1.0,49.0,63720005.0,1.0,0.7548077,1.0,0,0,0,0,0,0,1,0,0,0,0,0,0,0,0,0,0,1,0,0,0,0
22.0,0.0,1.0,280.0,0.0,8.0,18.0,0.0,0.0,7.0,0.2727272727272727,0.0,1.0,0.0,0.14444444444444443,0.26666666666666666,0.13445378151260504,0.0,0.0,1,1.0,0.0,1.0,49.0,66310010.0,1.0,0.7548077,1.0,0,0,0,0,0,0,1,0,0,0,0,0,1,0,0,0,0,0,0,0,0,0
24.0,1.0,0.0,0.0,0.0,0.0,0.0,0.0,0.0,11.0,0.36363636363636354,1.0,1.0,0.0,0.08888888888888888,0.7333333333333333,0.37815126050420167,0.0,0.0,0,0.0,0.0,1.0,49.0,63110010.0,1.0,0.7548077,0.0,0,0,0,0,0,0,1,0,0,0,0,0,0,0,0,0,0,1,0,0,0,0
22.0,1.0,1.0,0.0,70000.0,25.0,28.0,0.0,0.0,11.0,0.2727272727272727,1.0,0.0,0.0,0.0,0.0,0.0,0.0,0.0,0,0.0,0.0,1.0,49.0,66310010.0,1.0,0.7548077,0.0,0,1,0,0,0,0,0,0,0,0,0,0,0,0,0,0,0,1,0,0,0,0
24.0,0.0,1.0,408.0,0.0,26.0,50.0,1.0,1.0,9.0,0.45454545454545436,0.0,1.0,0.25,0.0,0.8666666666666667,0.453781512605042,0.0,0.0,0,1.0,1.0,1.0,49.0,13620010.0,0.0,0.7548077,0.0,0,0,0,0,0,0,1,0,0,0,0,0,0,0,0,1,0,0,0,0,0,0
24.0,0.0,1.0,408.0,0.0,26.0,52.0,0.0,0.0,9.0,0.45454545454545436,0.0,0.0,0.0,0.0,0.0,0.0,0.0,0.0,1,1.0,0.0,1.0,49.0,63110010.0,0.0,0.7548077,0.0,0,0,0,0,0,0,1,0,0,0,0,0,0,0,0,1,0,0,0,0,0,0
25.0,0.0,0.0,0.0,0.0,0.0,0.0,0.0,0.0,13.0,0.5454545454545452,0.0,0.0,0.0,0.0,0.0,0.0,0.0,0.0,0,0.0,0.0,1.0,49.0,33140020.0,1.0,0.7548077,0.0,0,0,0,0,0,0,1,0,0,0,0,0,0,0,0,0,0,1,0,0,0,0
22.0,0.0,1.0,408.0,0.0,26.0,48.0,1.0,1.0,11.0,0.18181818181818188,0.0,0.0,0.0,0.0,0.0,0.0,0.0,0.0,1,1.0,0.0,1.0,49.0,63730040.0,1.0,0.7548077,1.0,0,1,0,0,0,0,0,0,0,0,0,0,0,0,0,0,0,1,0,0,0,0
23.0,0.0,1.0,408.0,0.0,26.0,52.0,0.0,0.0,11.0,0.2727272727272727,0.0,0.0,0.0,0.0,0.0,0.0,0.0,0.0,0,1.0,0.0,1.0,49.0,63720005.0,0.0,0.7548077,0.0,0,0,0,0,0,0,1,0,0,0,0,0,0,0,0,0,0,1,0,0,0,0
25.0,0.0,0.0,0.0,0.0,0.0,0.0,0.0,0.0,11.0,0.5454545454545452,0.0,0.0,0.0,0.0,0.0,0.0,0.0,0.0,0,0.0,0.0,1.0,49.0,33140020.0,1.0,0.7548077,0.0,0,0,0,0,0,0,1,0,0,0,0,0,0,0,0,0,0,1,0,0,0,0
23.0,0.0,1.0,480.0,0.0,24.0,72.0,1.0,1.0,11.0,0.2727272727272727,0.0,0.0,0.0,0.0,0.0,0.0,0.0,0.0,0,1.0,0.0,1.0,49.0,66310010.0,1.0,0.7548077,0.0,0,1,0,0,0,0,0,0,0,0,0,0,0,0,0,0,0,1,0,0,0,0
24.0,0.0,0.0,0.0,0.0,0.0,0.0,0.0,0.0,11.0,0.36363636363636354,0.0,0.0,0.0,0.0,0.0,0.0,0.0,0.0,0,0.0,0.0,1.0,49.0,33140020.0,1.0,0.7548077,0.0,0,0,0,0,0,0,1,0,0,0,0,0,0,0,0,0,0,1,0,0,0,0
23.0,0.0,1.0,360.0,0.0,22.0,56.0,0.0,0.0,11.0,0.36363636363636354,0.0,1.0,0.0,0.19999999999999998,0.4,0.226890756302521,0.0,0.0,0,1.0,0.0,1.0,49.0,66310010.0,0.0,0.7548077,0.0,0,0,0,0,0,0,1,0,0,0,0,0,0,0,0,0,1,0,0,0,0,0
20.0,0.0,0.0,0.0,0.0,0.0,0.0,0.0,0.0,11.0,0.0,0.0,0.0,0.0,0.0,0.0,0.0,0.0,0.0,0,0.0,0.0,1.0,49.0,33140020.0,1.0,0.7548077,0.0,0,0,0,0,0,0,1,0,0,0,0,0,0,0,0,0,0,1,0,0,0,0
22.0,0.0,1.0,430.0,0.0,20.0,55.0,1.0,1.0,11.0,0.18181818181818188,0.0,1.0,0.19999999999999998,0.0,0.7333333333333333,0.21008403361344538,1.0,0.0,1,1.0,1.0,1.0,49.0,33140020.0,1.0,0.7548077,1.0,0,0,0,0,0,0,1,0,0,0,0,0,0,0,0,0,0,1,0,0,0,0
19.0,0.0,0.0,0.0,0.0,0.0,0.0,0.0,0.0,11.0,0.0,0.0,0.0,0.0,0.0,0.0,0.0,0.0,0.0,1,0.0,0.0,1.0,49.0,66310010.0,0.0,0.7548077,0.0,0,0,0,0,0,0,1,0,0,0,0,0,0,0,0,0,0,1,0,0,0,0
23.0,1.0,1.0,260.0,0.0,26.0,72.0,0.0,1.0,7.0,0.36363636363636354,0.0,0.0,0.0,0.0,0.0,0.0,0.0,0.0,1,1.0,0.0,1.0,49.0,63730040.0,1.0,0.7548077,1.0,0,1,0,0,0,0,0,0,0,0,0,0,0,1,0,0,0,0,0,0,0,0
21.0,0.0,1.0,408.0,0.0,30.0,72.0,0.0,0.0,11.0,0.09090909090909083,0.0,0.0,0.0,0.0,0.0,0.0,0.0,0.0,1,1.0,0.0,1.0,49.0,13510015.0,1.0,0.7548077,1.0,0,0,0,0,0,0,1,0,0,0,0,0,0,0,0,0,0,1,0,0,0,0
20.0,1.0,1.0,408.0,0.0,24.0,60.0,1.0,1.0,11.0,0.09090909090909083,0.0,1.0,0.0,0.06666666666666667,0.8666666666666667,0.6218487394957983,0.0,0.0,1,1.0,0.0,1.0,49.0,63720005.0,1.0,0.7548077,1.0,0,0,0,0,0,0,1,0,0,0,0,0,0,0,0,0,0,1,0,0,0,0
27.0,0.0,1.0,408.0,0.0,26.0,48.0,1.0,1.0,11.0,0.6363636363636365,0.0,0.0,0.0,0.0,0.0,0.0,0.0,0.0,0,1.0,0.0,1.0,49.0,13510015.0,0.0,0.7548077,0.0,0,0,0,0,0,0,1,0,0,0,0,0,0,0,0,0,0,1,0,0,0,0
22.0,0.0,1.0,0.0,150000.0,30.0,78.0,0.0,0.0,11.0,0.2727272727272727,0.0,1.0,0.0,0.16666666666666666,1.0,0.6470588235294117,0.0,0.0,0,0.0,0.0,1.0,49.0,66310010.0,1.0,0.7548077,0.0,0,0,0,0,0,0,1,0,0,0,0,0,0,0,0,0,0,1,0,0,0,0
20.0,0.0,1.0,0.0,200000.0,26.0,48.0,0.0,0.0,11.0,0.0,0.0,0.0,0.0,0.0,0.0,0.0,0.0,0.0,1,0.0,0.0,1.0,49.0,63730040.0,1.0,0.7548077,1.0,0,1,0,0,0,0,0,0,0,0,0,0,0,0,0,0,0,1,0,0,0,0
23.0,0.0,1.0,408.0,0.0,28.0,58.0,1.0,1.0,11.0,0.36363636363636354,0.0,0.0,0.0,0.0,0.0,0.0,0.0,0.0,1,1.0,0.0,1.0,49.0,13510015.0,0.0,0.7548077,0.0,0,0,0,0,0,0,1,0,0,0,0,0,0,0,0,0,0,1,0,0,0,0
24.0,0.0,0.0,0.0,0.0,0.0,0.0,0.0,0.0,11.0,0.36363636363636354,0.0,1.0,0.0,0.1111111111111111,0.8,0.42016806722689076,0.0,0.0,1,0.0,0.0,1.0,49.0,66310010.0,1.0,0.7548077,1.0,0,0,0,0,0,0,1,0,0,0,0,0,0,0,0,0,0,1,0,0,0,0
22.0,1.0,1.0,380.0,0.0,26.0,60.0,0.0,1.0,9.0,0.2727272727272727,1.0,1.0,0.32,0.0,0.8666666666666667,0.40336134453781514,0.0,0.0,0,1.0,1.0,1.0,49.0,66310010.0,0.0,0.7548077,0.0,0,0,0,0,0,0,1,0,0,0,0,0,0,0,0,1,0,0,0,0,0,0
19.0,0.0,1.0,500.0,0.0,26.0,56.0,0.0,0.0,9.0,0.0,0.0,1.0,0.0,0.0,1.0,0.03361344537815126,0.0,0.0,1,1.0,0.0,1.0,49.0,13620010.0,0.0,0.7548077,0.0,0,0,0,0,0,0,1,0,0,0,0,0,0,1,0,0,0,0,0,0,0,0
23.0,0.0,1.0,420.0,0.0,30.0,92.0,0.0,0.0,11.0,0.36363636363636354,0.0,1.0,0.24,0.0,0.8666666666666667,0.40336134453781514,1.0,1.0,0,1.0,1.0,1.0,49.0,13620010.0,0.0,0.7548077,0.0,0,0,0,0,0,0,1,0,0,0,0,0,0,0,0,0,0,1,0,0,0,0
21.0,0.0,0.0,0.0,0.0,0.0,0.0,0.0,0.0,11.0,0.09090909090909083,0.0,0.0,0.0,0.0,0.0,0.0,0.0,0.0,0,0.0,0.0,1.0,49.0,13510015.0,0.0,0.7548077,0.0,0,0,0,0,0,0,1,0,0,0,0,0,0,0,0,0,1,0,0,0,0,0
24.0,0.0,0.0,0.0,0.0,0.0,0.0,0.0,0.0,11.0,0.45454545454545436,0.0,0.0,0.0,0.0,0.0,0.0,0.0,0.0,1,0.0,0.0,1.0,49.0,63720005.0,1.0,0.7548077,1.0,0,0,0,0,0,0,1,0,0,0,0,0,0,0,0,0,0,1,0,0,0,0
26.0,0.0,1.0,0.0,300000.0,30.0,56.0,0.0,0.0,11.0,0.5454545454545452,0.0,1.0,0.358,0.0,0.6666666666666666,0.3361344537815126,0.0,0.0,1,0.0,1.0,1.0,49.0,66310010.0,0.0,0.7548077,0.0,0,1,0,0,0,0,0,0,0,0,0,0,0,0,0,0,0,1,0,0,0,0
23.0,0.0,1.0,408.0,0.0,26.0,48.0,0.0,0.0,11.0,0.2727272727272727,0.0,0.0,0.0,0.0,0.0,0.0,0.0,0.0,1,1.0,0.0,1.0,49.0,63720005.0,1.0,0.7548077,1.0,0,0,0,0,0,0,1,0,0,0,0,0,0,0,0,0,0,1,0,0,0,0
23.0,0.0,1.0,500.0,0.0,26.0,72.0,1.0,1.0,11.0,0.2727272727272727,0.0,1.0,0.24,0.0,0.7333333333333333,0.25210084033613445,1.0,0.0,0,1.0,1.0,1.0,49.0,63730040.0,1.0,0.7548077,0.0,0,1,0,0,0,0,0,0,0,0,0,0,0,0,0,0,0,1,0,0,0,0
20.0,0.0,1.0,408.0,0.0,26.0,48.0,1.0,1.0,11.0,0.0,0.0,0.0,0.0,0.0,0.0,0.0,0.0,0.0,0,1.0,0.0,1.0,49.0,63110010.0,0.0,0.7548077,0.0,0,0,0,0,0,0,1,0,0,0,0,0,0,0,0,0,0,1,0,0,0,0
19.0,1.0,1.0,408.0,0.0,28.0,56.0,0.0,1.0,11.0,0.0,0.0,0.0,0.0,0.0,0.0,0.0,0.0,0.0,1,1.0,0.0,1.0,49.0,13620010.0,0.0,0.7548077,0.0,0,0,0,0,0,0,1,0,0,0,0,0,0,0,0,1,0,0,0,0,0,0
21.0,0.0,1.0,408.0,0.0,26.0,48.0,1.0,1.0,11.0,0.18181818181818188,0.0,1.0,0.358,0.0,0.8666666666666667,0.36974789915966383,1.0,1.0,0,1.0,1.0,1.0,49.0,13510015.0,1.0,0.7548077,0.0,0,0,0,0,0,0,1,0,0,0,0,0,0,0,0,0,0,1,0,0,0,0
22.0,0.0,1.0,408.0,0.0,22.0,48.0,1.0,1.0,11.0,0.18181818181818188,0.0,1.0,0.0,0.0,0.7333333333333333,0.37815126050420167,0.0,0.0,0,1.0,0.0,1.0,49.0,63730040.0,1.0,0.7548077,0.0,0,1,0,0,0,0,0,0,0,0,0,0,0,0,0,0,0,1,0,0,0,0
24.0,0.0,1.0,408.0,0.0,26.0,48.0,0.0,1.0,11.0,0.36363636363636354,0.0,0.0,0.0,0.0,0.0,0.0,0.0,0.0,1,1.0,0.0,1.0,49.0,13510015.0,0.0,0.7548077,0.0,0,0,0,0,0,0,1,0,0,0,0,0,0,0,0,0,0,1,0,0,0,0
24.0,0.0,1.0,300.0,0.0,15.0,30.0,0.0,0.0,11.0,0.36363636363636354,0.0,1.0,0.25,0.0,0.8666666666666667,0.3361344537815126,0.0,0.0,1,1.0,1.0,1.0,49.0,66310010.0,0.0,0.7548077,0.0,0,1,0,0,0,0,0,0,0,0,0,0,0,0,0,0,0,1,0,0,0,0
26.0,0.0,1.0,300.0,0.0,20.0,48.0,0.0,0.0,11.0,0.5454545454545452,0.0,1.0,0.0,0.0,0.6666666666666666,0.42016806722689076,0.0,0.0,1,1.0,0.0,1.0,49.0,33140020.0,1.0,0.7548077,1.0,0,0,0,0,0,0,1,0,0,0,0,0,0,0,0,0,0,1,0,0,0,0
22.0,0.0,1.0,408.0,0.0,26.0,50.0,0.0,0.0,3.0,0.2727272727272727,0.0,1.0,0.0,0.17777777777777776,0.8666666666666667,0.5546218487394958,0.0,0.0,0,1.0,0.0,1.0,49.0,66310010.0,0.0,0.7548077,0.0,0,0,0,0,0,0,1,0,0,0,1,0,0,0,0,0,0,0,0,0,0,0
21.0,0.0,0.0,0.0,0.0,0.0,0.0,0.0,0.0,9.0,0.09090909090909083,0.0,0.0,0.0,0.0,0.0,0.0,0.0,0.0,0,0.0,0.0,1.0,49.0,13620010.0,0.0,0.7548077,0.0,0,0,0,0,0,0,1,0,0,0,0,0,0,0,1,0,0,0,0,0,0,0
21.0,0.0,0.0,0.0,0.0,0.0,0.0,0.0,0.0,11.0,0.18181818181818188,0.0,1.0,0.358,0.0,0.8666666666666667,0.36974789915966383,1.0,1.0,1,0.0,1.0,1.0,49.0,13510015.0,1.0,0.7548077,1.0,0,0,0,0,0,0,1,0,0,0,0,0,0,0,0,0,0,1,0,0,0,0
24.0,1.0,0.0,0.0,0.0,0.0,0.0,0.0,0.0,11.0,0.36363636363636354,1.0,1.0,0.44999999999999996,0.0,0.9333333333333333,0.4117647058823529,0.0,1.0,0,0.0,1.0,1.0,49.0,63730040.0,1.0,0.7548077,0.0,0,1,0,0,0,0,0,0,0,0,0,0,0,1,0,0,0,0,0,0,0,0
21.0,0.0,0.0,0.0,0.0,0.0,0.0,0.0,0.0,11.0,0.18181818181818188,0.0,0.0,0.0,0.0,0.0,0.0,0.0,0.0,1,0.0,0.0,1.0,49.0,63110010.0,1.0,0.7548077,1.0,0,0,0,0,0,0,1,0,0,0,0,0,0,0,0,0,0,1,0,0,0,0
21.0,1.0,0.0,0.0,0.0,0.0,0.0,0.0,0.0,11.0,0.09090909090909083,1.0,0.0,0.0,0.0,0.0,0.0,0.0,0.0,0,0.0,0.0,1.0,49.0,13510015.0,1.0,0.7548077,0.0,0,0,0,0,0,0,1,0,0,0,0,0,0,0,0,0,0,1,0,0,0,0
20.0,1.0,0.0,0.0,0.0,0.0,0.0,0.0,0.0,11.0,0.0,1.0,1.0,0.0,0.4444444444444444,0.8666666666666667,0.4789915966386554,0.0,0.0,1,0.0,0.0,1.0,49.0,33140020.0,0.0,0.7548077,0.0,0,0,0,0,0,0,1,0,0,0,0,0,0,0,0,0,0,1,0,0,0,0
21.0,0.0,0.0,0.0,0.0,0.0,0.0,0.0,0.0,11.0,0.18181818181818188,0.0,1.0,0.08,0.0,0.8,0.40336134453781514,0.0,0.0,0,0.0,1.0,1.0,49.0,63730040.0,1.0,0.7548077,0.0,0,1,0,0,0,0,0,0,0,0,0,1,0,0,0,0,0,0,0,0,0,0
23.0,1.0,1.0,500.0,0.0,28.0,48.0,1.0,1.0,11.0,0.2727272727272727,1.0,0.0,0.0,0.0,0.0,0.0,0.0,0.0,1,1.0,0.0,1.0,49.0,66310010.0,1.0,0.7548077,1.0,0,1,0,0,0,0,0,0,0,0,0,0,0,0,0,0,0,1,0,0,0,0
26.0,0.0,0.0,0.0,0.0,0.0,0.0,0.0,0.0,7.0,0.6363636363636365,1.0,1.0,0.0,0.4444444444444444,1.0,0.47058823529411764,0.0,0.0,1,0.0,0.0,1.0,49.0,13510015.0,1.0,0.7548077,1.0,0,0,0,0,0,0,1,0,0,0,0,0,0,1,0,0,0,0,0,0,0,0
22.0,0.0,1.0,408.0,0.0,26.0,52.0,1.0,1.0,11.0,0.18181818181818188,0.0,0.0,0.0,0.0,0.0,0.0,0.0,0.0,0,1.0,0.0,1.0,49.0,63110010.0,0.0,0.7548077,0.0,0,0,0,0,0,0,1,0,0,0,0,0,0,0,0,0,0,1,0,0,0,0
21.0,0.0,1.0,408.0,0.0,26.0,60.0,1.0,1.0,11.0,0.18181818181818188,0.0,0.0,0.0,0.0,0.0,0.0,0.0,0.0,0,1.0,0.0,1.0,50.0,13410005.0,0.0,0.75,0.0,0,0,0,1,0,0,0,0,0,0,0,0,0,0,0,0,0,1,0,0,0,0
23.0,0.0,1.0,100.0,0.0,24.0,60.0,0.0,0.0,11.0,0.2727272727272727,0.0,0.0,0.0,0.0,0.0,0.0,0.0,0.0,1,1.0,0.0,1.0,50.0,93510310.0,1.0,0.75,1.0,0,0,0,1,0,0,0,0,0,0,0,0,0,0,0,0,0,1,0,0,0,0
26.0,0.0,1.0,408.0,0.0,26.0,60.0,1.0,1.0,9.0,0.6363636363636365,0.0,1.0,0.39999999999999997,0.0,0.9333333333333333,0.5042016806722689,0.0,1.0,1,1.0,1.0,1.0,50.0,93510310.0,0.0,0.75,0.0,0,0,0,1,0,0,0,0,0,0,0,0,0,0,0,1,0,0,0,0,0,0
24.0,0.0,0.0,0.0,0.0,0.0,0.0,0.0,0.0,8.0,0.36363636363636354,0.0,1.0,0.368,0.0,0.6666666666666666,0.3361344537815126,0.0,0.0,0,0.0,1.0,1.0,50.0,93510310.0,1.0,0.75,0.0,0,0,0,1,0,0,0,0,0,0,0,0,0,1,0,0,0,0,0,0,0,0
24.0,0.0,0.0,0.0,0.0,0.0,0.0,0.0,0.0,10.0,0.45454545454545436,0.0,1.0,0.08,0.0,1.0,0.7058823529411764,0.0,0.0,0,0.0,1.0,1.0,50.0,63530020.0,1.0,0.75,0.0,0,0,0,1,0,0,0,0,0,0,0,0,0,0,0,0,0,1,0,0,0,0
20.0,0.0,1.0,450.0,0.0,26.0,54.0,1.0,1.0,11.0,0.5454545454545452,0.0,0.0,0.0,0.0,0.0,0.0,0.0,0.0,1,1.0,0.0,1.0,50.0,13410005.0,0.0,0.75,0.0,0,0,0,1,0,0,0,0,0,0,0,0,0,0,0,0,0,1,0,0,0,0
23.0,0.0,1.0,408.0,0.0,26.0,61.0,0.0,0.0,10.0,0.2727272727272727,0.0,1.0,0.16799999999999998,0.0,0.8,0.25210084033613445,0.0,0.0,0,1.0,1.0,1.0,50.0,13410005.0,0.0,0.75,0.0,0,0,0,1,0,0,0,0,0,0,0,0,0,0,0,0,1,0,0,0,0,0
22.0,1.0,1.0,450.0,0.0,20.0,60.0,1.0,1.0,5.0,0.18181818181818188,1.0,0.0,0.0,0.0,0.0,0.0,0.0,0.0,1,1.0,0.0,1.0,50.0,63530020.0,1.0,0.75,1.0,0,0,0,1,0,0,0,0,0,0,0,1,0,0,0,0,0,0,0,0,0,0
20.0,0.0,1.0,408.0,0.0,26.0,48.0,0.0,1.0,11.0,0.09090909090909083,0.0,1.0,0.312,0.0,0.8666666666666667,0.453781512605042,0.0,0.0,0,1.0,1.0,1.0,50.0,13410005.0,0.0,0.75,0.0,0,0,0,1,0,0,0,0,0,0,0,0,0,0,0,0,1,0,0,0,0,0
27.0,1.0,1.0,0.0,300000.0,30.0,105.0,0.0,0.0,11.0,0.6363636363636365,1.0,1.0,0.0,0.9999999999999999,1.0,0.8235294117647058,0.0,0.0,0,0.0,0.0,1.0,50.0,13410005.0,0.0,0.75,0.0,0,0,0,1,0,0,0,0,0,0,0,0,0,0,0,0,0,1,0,0,0,0
21.0,1.0,0.0,0.0,0.0,0.0,0.0,0.0,0.0,7.0,0.18181818181818188,1.0,1.0,0.08,0.0,0.8,0.36974789915966383,0.0,0.0,1,0.0,1.0,1.0,50.0,93510310.0,1.0,0.75,1.0,0,0,0,1,0,0,0,0,0,0,0,0,0,1,0,0,0,0,0,0,0,0
20.0,0.0,1.0,600.0,0.0,26.0,10.0,1.0,1.0,11.0,0.09090909090909083,0.0,1.0,0.09999999999999999,0.0,0.6666666666666666,0.3361344537815126,0.0,0.0,1,1.0,1.0,1.0,50.0,13410005.0,1.0,0.75,1.0,0,0,0,1,0,0,0,0,0,0,0,0,0,0,0,0,0,1,0,0,0,0
20.0,0.0,1.0,250.0,0.0,26.0,72.0,0.0,0.0,11.0,0.0,1.0,1.0,0.25,0.0,1.0,0.7058823529411764,0.0,0.0,0,1.0,1.0,1.0,50.0,93510310.0,1.0,0.75,0.0,0,0,0,1,0,0,0,0,0,0,0,1,0,0,0,0,0,0,0,0,0,0
23.0,1.0,1.0,80.0,0.0,28.0,28.0,0.0,0.0,11.0,0.36363636363636354,1.0,1.0,0.358,0.0,0.8,0.5042016806722689,0.0,0.0,0,1.0,1.0,1.0,50.0,13410005.0,1.0,0.75,0.0,0,0,0,1,0,0,0,0,0,0,0,0,0,0,0,0,0,1,0,0,0,0
20.0,0.0,1.0,0.0,40000.0,28.0,30.0,0.0,0.0,11.0,0.0,0.0,0.0,0.0,0.0,0.0,0.0,0.0,0.0,0,0.0,0.0,1.0,50.0,63530020.0,1.0,0.75,0.0,0,0,0,1,0,0,0,0,0,0,0,0,0,0,0,1,0,0,0,0,0,0
19.0,1.0,0.0,0.0,0.0,0.0,0.0,0.0,0.0,6.0,0.0,1.0,0.0,0.0,0.0,0.0,0.0,0.0,0.0,0,0.0,0.0,1.0,50.0,93510310.0,1.0,0.75,0.0,0,0,0,1,0,0,0,0,0,0,0,0,0,0,0,0,0,1,0,0,0,0
21.0,0.0,1.0,0.0,100000.0,30.0,35.0,0.0,0.0,9.0,0.09090909090909083,1.0,1.0,0.0,0.15555555555555556,1.0,0.4117647058823529,0.0,0.0,1,0.0,0.0,1.0,50.0,93510310.0,1.0,0.75,1.0,0,0,0,1,0,0,0,0,0,0,0,0,0,0,0,1,0,0,0,0,0,0
19.0,1.0,1.0,450.0,0.0,12.0,45.0,0.0,0.0,11.0,0.0,0.0,1.0,0.25,0.0,0.8,0.5546218487394958,0.0,0.0,0,1.0,1.0,1.0,50.0,13410005.0,0.0,0.75,0.0,0,0,0,1,0,0,0,0,0,0,0,0,0,0,0,0,0,1,0,0,0,0
25.0,1.0,1.0,0.0,100000.0,30.0,84.0,0.0,0.0,6.0,0.45454545454545436,0.0,0.0,0.0,0.0,0.0,0.0,0.0,0.0,0,0.0,0.0,1.0,50.0,93510310.0,1.0,0.75,0.0,0,0,0,1,0,0,0,0,0,0,0,0,1,0,0,0,0,0,0,0,0,0
21.0,0.0,1.0,408.0,0.0,20.0,40.0,1.0,1.0,11.0,0.18181818181818188,0.0,1.0,0.09999999999999999,0.0,0.8666666666666667,0.453781512605042,0.0,0.0,1,1.0,1.0,1.0,50.0,93510310.0,1.0,0.75,1.0,0,0,0,1,0,0,0,0,0,0,0,0,0,0,0,0,0,1,0,0,0,0
25.0,0.0,1.0,300.0,0.0,24.0,48.0,0.0,0.0,11.0,0.45454545454545436,0.0,0.0,0.0,0.0,0.0,0.0,0.0,0.0,1,1.0,0.0,1.0,50.0,63530020.0,1.0,0.75,1.0,0,0,0,1,0,0,0,0,0,0,0,0,0,0,0,0,0,1,0,0,0,0
24.0,1.0,0.0,0.0,0.0,0.0,0.0,0.0,0.0,11.0,0.36363636363636354,0.0,0.0,0.0,0.0,0.0,0.0,0.0,0.0,0,0.0,0.0,1.0,50.0,63530020.0,1.0,0.75,0.0,0,0,0,1,0,0,0,0,0,0,0,0,0,0,0,0,0,1,0,0,0,0
27.0,1.0,1.0,0.0,120000.0,4.0,16.0,0.0,0.0,11.0,0.6363636363636365,1.0,0.0,0.0,0.0,0.0,0.0,0.0,0.0,0,0.0,0.0,1.0,50.0,13410005.0,1.0,0.75,0.0,0,0,0,1,0,0,0,0,0,0,0,0,0,0,0,0,0,1,0,0,0,0
24.0,0.0,1.0,408.0,0.0,26.0,48.0,1.0,1.0,11.0,0.36363636363636354,0.0,0.0,0.0,0.0,0.0,0.0,0.0,0.0,1,1.0,0.0,1.0,50.0,13410005.0,0.0,0.75,0.0,0,0,0,1,0,0,0,0,0,0,0,0,0,0,0,0,0,1,0,0,0,0
20.0,0.0,1.0,408.0,0.0,30.0,48.0,0.0,1.0,11.0,0.09090909090909083,0.0,0.0,0.0,0.0,0.0,0.0,0.0,0.0,1,1.0,0.0,1.0,51.0,63520505.0,0.0,0.62647057,0.0,0,0,0,0,1,0,0,0,0,0,0,0,0,0,0,0,0,1,0,0,0,0
23.0,0.0,1.0,0.0,70000.0,15.0,30.0,0.0,0.0,7.0,0.36363636363636354,0.0,0.0,0.0,0.0,0.0,0.0,0.0,0.0,1,0.0,0.0,1.0,51.0,66210010.0,0.0,0.62647057,0.0,0,0,0,0,1,0,0,0,0,0,0,0,0,1,0,0,0,0,0,0,0,0
25.0,0.0,1.0,90.0,0.0,20.0,40.0,0.0,0.0,11.0,0.45454545454545436,0.0,0.0,0.0,0.0,0.0,0.0,0.0,0.0,1,1.0,0.0,1.0,51.0,53440505.0,1.0,0.62647057,1.0,0,0,0,0,1,0,0,0,0,0,0,0,0,0,0,0,0,1,0,0,0,0
25.0,0.0,1.0,168.0,0.0,12.0,60.0,0.0,0.0,11.0,0.5454545454545452,0.0,1.0,0.0,0.09999999999999999,0.13333333333333333,0.04201680672268907,0.0,0.0,1,1.0,0.0,1.0,51.0,96170015.0,0.0,0.62647057,0.0,0,0,0,0,1,0,0,0,0,0,0,0,0,0,0,0,0,1,0,0,0,0
20.0,0.0,1.0,320.0,0.0,16.0,40.0,0.0,0.0,11.0,0.0,0.0,1.0,0.13999999999999999,0.0,0.4,0.3025210084033613,0.0,0.0,1,1.0,1.0,1.0,51.0,93510025.0,0.0,0.62647057,0.0,0,0,0,0,1,0,0,0,0,0,0,0,0,0,0,0,0,1,0,0,0,0
23.0,1.0,1.0,100.0,0.0,25.0,60.0,0.0,0.0,11.0,0.36363636363636354,1.0,1.0,0.25,0.0,0.8,0.5042016806722689,0.0,0.0,1,1.0,1.0,1.0,51.0,63720005.0,1.0,0.62647057,1.0,0,0,0,0,1,0,0,0,0,0,0,0,0,0,0,0,0,1,0,0,0,0
23.0,0.0,1.0,0.0,300000.0,30.0,60.0,0.0,0.0,11.0,0.2727272727272727,0.0,1.0,0.12,0.0,1.0,0.5294117647058824,0.0,0.0,1,0.0,1.0,1.0,51.0,96170015.0,0.0,0.62647057,0.0,0,0,0,0,1,0,0,0,0,0,0,0,0,0,0,0,0,1,0,0,0,0
22.0,1.0,1.0,100.0,0.0,8.0,12.0,0.0,0.0,11.0,0.2727272727272727,0.0,1.0,0.19999999999999998,0.0,0.8666666666666667,0.5546218487394958,0.0,0.0,1,1.0,1.0,1.0,51.0,63720005.0,1.0,0.62647057,1.0,0,0,0,0,1,0,0,0,0,0,0,0,0,0,0,0,0,1,0,0,0,0
21.0,0.0,1.0,400.0,0.0,24.0,48.0,0.0,0.0,11.0,0.18181818181818188,0.0,1.0,0.09999999999999999,0.0,0.4,0.20168067226890757,0.0,0.0,1,1.0,1.0,1.0,51.0,93510025.0,0.0,0.62647057,0.0,0,0,0,0,1,0,0,0,0,0,0,0,0,0,0,0,0,1,0,0,0,0
25.0,1.0,1.0,408.0,0.0,26.0,48.0,1.0,1.0,11.0,0.5454545454545452,1.0,1.0,0.16,0.0,0.8,0.10084033613445378,0.0,0.0,0,1.0,1.0,1.0,51.0,13210005.0,1.0,0.62647057,0.0,0,1,0,0,0,0,0,0,0,0,0,0,0,0,0,0,0,1,0,0,0,0
22.0,1.0,0.0,0.0,0.0,0.0,0.0,0.0,0.0,11.0,0.18181818181818188,0.0,0.0,0.0,0.0,0.0,0.0,0.0,0.0,1,0.0,0.0,1.0,51.0,63520505.0,1.0,0.62647057,1.0,0,0,0,0,1,0,0,0,0,0,0,0,0,0,0,0,0,1,0,0,0,0
23.0,1.0,1.0,288.0,0.0,26.0,72.0,0.0,0.0,9.0,0.2727272727272727,1.0,1.0,0.19999999999999998,0.0,1.0,0.47058823529411764,0.0,0.0,1,1.0,1.0,1.0,51.0,96170015.0,1.0,0.62647057,1.0,0,0,0,0,1,0,0,0,0,0,0,0,0,0,0,1,0,0,0,0,0,0
21.0,0.0,1.0,508.0,0.0,30.0,70.0,1.0,1.0,11.0,0.09090909090909083,0.0,0.0,0.0,0.0,0.0,0.0,0.0,0.0,1,1.0,0.0,1.0,51.0,66210010.0,0.0,0.62647057,0.0,0,0,0,0,1,0,0,0,0,0,0,0,0,0,0,0,0,1,0,0,0,0
21.0,0.0,1.0,255.0,0.0,30.0,56.0,0.0,0.0,11.0,0.09090909090909083,0.0,0.0,0.0,0.0,0.0,0.0,0.0,0.0,1,1.0,0.0,1.0,51.0,93510025.0,1.0,0.62647057,1.0,0,0,0,0,1,0,0,0,0,0,0,0,0,0,0,0,0,1,0,0,0,0
25.0,1.0,0.0,0.0,0.0,0.0,0.0,0.0,0.0,9.0,0.45454545454545436,1.0,0.0,0.0,0.0,0.0,0.0,0.0,0.0,1,0.0,0.0,1.0,51.0,13210005.0,1.0,0.62647057,1.0,0,1,0,0,0,0,0,0,0,0,0,0,0,0,0,1,0,0,0,0,0,0
23.0,0.0,1.0,260.0,0.0,26.0,48.0,0.0,0.0,11.0,0.2727272727272727,0.0,0.0,0.0,0.0,0.0,0.0,0.0,0.0,1,1.0,0.0,1.0,51.0,53440505.0,1.0,0.62647057,1.0,0,0,0,0,1,0,0,0,0,0,0,0,0,0,0,0,0,1,0,0,0,0
22.0,0.0,1.0,381.5,0.0,30.0,48.0,1.0,0.0,11.0,0.2727272727272727,0.0,1.0,0.16999999999999998,0.0,0.6666666666666666,0.453781512605042,0.0,0.0,1,1.0,1.0,1.0,51.0,63520505.0,0.0,0.62647057,0.0,0,0,0,0,1,0,0,0,0,0,0,0,0,0,0,0,0,1,0,0,0,0
22.0,0.0,1.0,408.0,0.0,20.0,48.0,1.0,1.0,11.0,0.18181818181818188,0.0,0.0,0.0,0.0,0.0,0.0,0.0,0.0,0,1.0,0.0,1.0,51.0,13210005.0,1.0,0.62647057,0.0,0,1,0,0,0,0,0,0,0,0,0,0,0,0,0,0,0,1,0,0,0,0
23.0,0.0,0.0,0.0,0.0,0.0,0.0,0.0,0.0,11.0,0.2727272727272727,0.0,1.0,0.0,0.0,0.6666666666666666,0.3361344537815126,0.0,0.0,1,0.0,0.0,1.0,51.0,63720005.0,1.0,0.62647057,1.0,0,0,0,0,1,0,0,0,0,0,0,0,0,0,0,0,0,1,0,0,0,0
22.0,1.0,1.0,240.0,0.0,26.0,66.0,0.0,0.0,11.0,0.18181818181818188,1.0,0.0,0.0,0.0,0.0,0.0,0.0,0.0,1,1.0,0.0,1.0,51.0,93510025.0,1.0,0.62647057,1.0,0,0,0,0,1,0,0,0,0,0,1,0,0,0,0,0,0,0,0,0,0,0
26.0,0.0,1.0,408.0,0.0,20.0,50.0,1.0,1.0,7.0,0.5454545454545452,0.0,0.0,0.0,0.0,0.0,0.0,0.0,0.0,0,1.0,0.0,1.0,51.0,93510025.0,1.0,0.62647057,0.0,0,1,0,0,0,0,0,0,0,0,0,0,0,1,0,0,0,0,0,0,0,0
20.0,1.0,1.0,200.0,0.0,20.0,20.0,0.0,1.0,11.0,0.0,1.0,1.0,0.0,0.08888888888888888,1.0,0.1764705882352941,0.0,0.0,1,1.0,0.0,1.0,51.0,63720005.0,1.0,0.62647057,1.0,0,0,0,0,1,0,0,0,0,0,0,0,0,0,0,0,0,1,0,0,0,0
25.0,0.0,1.0,500.0,0.0,17.0,70.0,0.0,0.0,11.0,0.45454545454545436,0.0,0.0,0.0,0.0,0.0,0.0,0.0,0.0,0,1.0,0.0,1.0,51.0,13210005.0,1.0,0.62647057,0.0,0,1,0,0,0,0,0,0,0,0,0,0,0,0,0,0,0,1,0,0,0,0
24.0,0.0,1.0,304.0,0.0,30.0,60.0,0.0,0.0,11.0,0.45454545454545436,0.0,0.0,0.0,0.0,0.0,0.0,0.0,0.0,1,1.0,0.0,1.0,51.0,63520505.0,1.0,0.62647057,1.0,0,0,0,0,1,0,0,0,0,0,0,0,0,0,0,0,0,1,0,0,0,0
26.0,0.0,1.0,320.0,0.0,20.0,60.0,0.0,1.0,11.0,0.5454545454545452,0.0,1.0,0.21,0.0,0.5333333333333333,0.40336134453781514,1.0,0.0,1,1.0,1.0,1.0,51.0,96170015.0,0.0,0.62647057,0.0,0,0,0,0,1,0,0,0,0,0,0,0,0,0,0,0,0,1,0,0,0,0
23.0,0.0,0.0,0.0,0.0,0.0,0.0,0.0,0.0,5.0,0.36363636363636354,0.0,1.0,0.25,0.0,0.8,0.3529411764705882,0.0,0.0,0,0.0,1.0,1.0,51.0,93510010.0,0.0,0.62647057,0.0,0,1,0,0,0,0,0,0,0,0,0,1,0,0,0,0,0,0,0,0,0,0
25.0,0.0,1.0,170.0,0.0,12.0,24.0,0.0,0.0,7.0,0.45454545454545436,0.0,1.0,0.19599999999999998,0.0,0.9333333333333333,0.5294117647058824,0.0,0.0,0,1.0,1.0,1.0,51.0,93510010.0,1.0,0.62647057,0.0,0,1,0,0,0,0,0,0,0,0,0,0,0,1,0,0,0,0,0,0,0,0
25.0,1.0,1.0,408.0,0.0,22.0,35.0,1.0,1.0,11.0,0.45454545454545436,1.0,0.0,0.0,0.0,0.0,0.0,0.0,0.0,1,1.0,0.0,1.0,51.0,63720005.0,1.0,0.62647057,1.0,0,0,0,0,1,0,0,0,0,0,0,0,0,0,0,0,0,1,0,0,0,0
21.0,1.0,1.0,381.5,0.0,30.0,70.0,0.0,0.0,6.0,0.09090909090909083,1.0,1.0,0.35,0.0,0.8666666666666667,0.40336134453781514,0.0,0.0,1,1.0,1.0,1.0,51.0,63520505.0,0.0,0.62647057,0.0,0,0,0,0,1,0,0,0,0,0,0,0,0,1,0,0,0,0,0,0,0,0
22.0,1.0,1.0,160.0,0.0,26.0,48.0,0.0,0.0,10.0,0.18181818181818188,1.0,0.0,0.0,0.0,0.0,0.0,0.0,0.0,1,1.0,0.0,1.0,51.0,96170015.0,1.0,0.62647057,1.0,0,0,0,0,1,0,0,0,0,0,0,0,0,0,0,0,1,0,0,0,0,0
23.0,0.0,1.0,300.0,0.0,12.0,24.0,1.0,0.0,11.0,0.36363636363636354,0.0,1.0,0.15,0.0,0.8666666666666667,0.3529411764705882,0.0,0.0,1,1.0,1.0,1.0,51.0,66210010.0,1.0,0.62647057,1.0,0,0,0,0,1,0,0,0,0,0,0,0,0,0,0,0,0,1,0,0,0,0
20.0,0.0,1.0,150.0,0.0,30.0,91.0,0.0,0.0,11.0,0.0,0.0,0.0,0.0,0.0,0.0,0.0,0.0,0.0,1,1.0,0.0,1.0,51.0,13120030.0,1.0,0.62647057,1.0,0,0,0,0,1,0,0,0,0,0,0,0,0,0,0,0,0,1,0,0,0,0
20.0,1.0,1.0,200.0,0.0,30.0,20.0,0.0,0.0,11.0,0.09090909090909083,0.0,1.0,0.26999999999999996,0.0,0.8,0.7058823529411764,0.0,0.0,1,1.0,1.0,1.0,51.0,93510025.0,1.0,0.62647057,1.0,0,0,0,0,1,0,0,0,0,0,0,0,0,0,0,0,0,1,0,0,0,0
22.0,0.0,1.0,200.0,0.0,30.0,48.0,0.0,0.0,11.0,0.2727272727272727,0.0,0.0,0.0,0.0,0.0,0.0,0.0,0.0,1,1.0,0.0,1.0,51.0,53440505.0,1.0,0.62647057,1.0,0,0,0,0,1,0,0,0,0,0,0,0,0,0,0,0,0,1,0,0,0,0
22.0,0.0,0.0,0.0,0.0,0.0,0.0,0.0,0.0,11.0,0.18181818181818188,0.0,0.0,0.0,0.0,0.0,0.0,0.0,0.0,1,0.0,0.0,1.0,51.0,13120030.0,0.0,0.62647057,0.0,0,0,0,0,1,0,0,0,0,0,0,0,0,0,0,0,0,1,0,0,0,0
25.0,0.0,0.0,0.0,0.0,0.0,0.0,0.0,0.0,5.0,0.45454545454545436,0.0,0.0,0.0,0.0,0.0,0.0,0.0,0.0,0,0.0,0.0,1.0,51.0,93510025.0,1.0,0.62647057,0.0,0,1,0,0,0,0,0,0,0,0,0,0,1,0,0,0,0,0,0,0,0,0
21.0,0.0,1.0,408.0,0.0,30.0,70.0,0.0,1.0,11.0,0.09090909090909083,0.0,0.0,0.0,0.0,0.0,0.0,0.0,0.0,0,1.0,0.0,1.0,51.0,93510010.0,1.0,0.62647057,0.0,0,1,0,0,0,0,0,0,0,0,0,0,0,0,0,0,0,1,0,0,0,0
24.0,1.0,1.0,200.0,0.0,30.0,72.0,0.0,0.0,9.0,0.45454545454545436,0.0,1.0,0.19999999999999998,0.0,1.0,0.5294117647058824,0.0,0.0,1,1.0,1.0,1.0,51.0,53440505.0,1.0,0.62647057,1.0,0,0,0,0,1,0,0,0,0,0,0,0,0,0,1,0,0,0,0,0,0,0
25.0,1.0,1.0,408.0,0.0,30.0,56.0,1.0,1.0,11.0,0.45454545454545436,1.0,1.0,0.358,0.0,0.8666666666666667,0.40336134453781514,1.0,1.0,1,1.0,1.0,1.0,51.0,66210010.0,1.0,0.62647057,1.0,0,0,0,0,1,0,0,0,0,0,0,0,0,0,0,0,0,1,0,0,0,0
23.0,1.0,1.0,408.0,0.0,30.0,56.0,1.0,1.0,11.0,0.36363636363636354,0.0,1.0,0.22,0.0,0.8,0.3025210084033613,0.0,0.0,1,1.0,1.0,1.0,51.0,13210005.0,1.0,0.62647057,1.0,0,1,0,0,0,0,0,0,0,0,0,0,0,0,0,0,0,1,0,0,0,0
23.0,1.0,1.0,0.0,108000.0,26.0,36.0,0.0,0.0,11.0,0.36363636363636354,1.0,1.0,0.156,0.0,0.8666666666666667,0.3025210084033613,0.0,0.0,1,0.0,1.0,1.0,51.0,63720005.0,1.0,0.62647057,1.0,0,0,0,0,1,0,0,0,0,0,0,0,0,0,0,0,0,1,0,0,0,0
25.0,0.0,0.0,0.0,0.0,0.0,0.0,0.0,0.0,11.0,0.45454545454545436,1.0,1.0,0.08,0.0,0.8,0.3025210084033613,0.0,0.0,1,0.0,1.0,1.0,51.0,96170015.0,1.0,0.62647057,1.0,0,0,0,0,1,0,0,0,0,0,0,0,0,0,0,0,1,0,0,0,0,0
20.0,0.0,1.0,360.0,0.0,26.0,54.0,0.0,0.0,11.0,0.09090909090909083,1.0,0.0,0.0,0.0,0.0,0.0,0.0,0.0,0,1.0,0.0,1.0,52.0,93510025.0,1.0,0.6666667,0.0,0,0,0,0,0,1,0,0,0,0,0,0,0,0,0,0,0,1,0,0,0,0
25.0,0.0,1.0,0.0,130000.0,13.0,27.0,0.0,0.0,8.0,0.5454545454545452,0.0,0.0,0.0,0.0,0.0,0.0,0.0,0.0,0,0.0,0.0,1.0,52.0,93510025.0,1.0,0.6666667,0.0,0,0,0,0,0,1,0,0,0,0,0,0,0,0,1,0,0,0,0,0,0,0
21.0,1.0,1.0,400.0,0.0,28.0,70.0,0.0,0.0,11.0,0.09090909090909083,1.0,0.0,0.0,0.0,0.0,0.0,0.0,0.0,1,1.0,0.0,1.0,52.0,93510025.0,1.0,0.6666667,1.0,0,0,0,0,0,1,0,0,0,0,0,0,0,0,0,0,0,1,0,0,0,0
22.0,0.0,1.0,30.0,0.0,22.0,10.0,0.0,0.0,11.0,0.2727272727272727,0.0,0.0,0.0,0.0,0.0,0.0,0.0,0.0,0,1.0,0.0,1.0,52.0,93510025.0,1.0,0.6666667,0.0,0,0,0,0,0,1,0,0,0,0,0,0,0,0,0,0,0,1,0,0,0,0
24.0,0.0,1.0,300.0,0.0,8.0,16.0,1.0,1.0,11.0,0.36363636363636354,0.0,0.0,0.0,0.0,0.0,0.0,0.0,0.0,0,1.0,0.0,1.0,52.0,93510025.0,0.0,0.6666667,0.0,0,0,0,0,0,1,0,0,0,0,0,0,0,0,0,0,0,1,0,0,0,0
24.0,1.0,1.0,0.0,380000.0,7.0,56.0,0.0,0.0,11.0,0.45454545454545436,1.0,1.0,0.0,0.3333333333333333,1.0,0.47058823529411764,0.0,0.0,1,0.0,0.0,1.0,52.0,93510025.0,0.0,0.6666667,0.0,0,0,0,0,0,1,0,0,0,0,0,0,0,0,0,1,0,0,0,0,0,0
23.0,0.0,1.0,96.0,0.0,9.0,20.0,0.0,0.0,5.0,0.2727272727272727,0.0,0.0,0.0,0.0,0.0,0.0,0.0,0.0,0,1.0,0.0,1.0,52.0,93510025.0,1.0,0.6666667,0.0,0,0,0,0,0,1,0,0,0,0,0,1,0,0,0,0,0,0,0,0,0,0
21.0,1.0,1.0,0.0,90000.0,8.0,24.0,0.0,0.0,7.0,0.18181818181818188,1.0,0.0,0.0,0.0,0.0,0.0,0.0,0.0,0,0.0,0.0,1.0,52.0,93510025.0,1.0,0.6666667,0.0,0,0,0,0,0,1,0,0,0,0,0,0,0,0,0,0,0,1,0,0,0,0
22.0,1.0,1.0,0.0,60000.0,5.0,12.0,0.0,0.0,9.0,0.2727272727272727,0.0,1.0,0.08,0.0,0.26666666666666666,0.20168067226890757,0.0,0.0,0,0.0,1.0,1.0,52.0,93510025.0,1.0,0.6666667,0.0,0,0,0,0,0,1,0,0,0,0,0,0,0,0,1,0,0,0,0,0,0,0
25.0,0.0,1.0,410.0,0.0,26.0,52.0,0.0,0.0,10.0,0.45454545454545436,0.0,1.0,0.09999999999999999,0.0,0.6666666666666666,0.4621848739495798,0.0,0.0,0,1.0,1.0,1.0,52.0,93510025.0,0.0,0.6666667,0.0,0,0,0,0,0,1,0,0,0,0,0,0,0,0,0,0,1,0,0,0,0,0
24.0,0.0,0.0,0.0,0.0,0.0,0.0,0.0,0.0,11.0,0.45454545454545436,0.0,1.0,0.19999999999999998,0.0,0.8,0.6050420168067226,0.0,0.0,1,0.0,1.0,1.0,52.0,93510025.0,0.0,0.6666667,0.0,0,0,0,0,0,1,0,0,0,0,0,0,0,0,0,0,0,1,0,0,0,0
27.0,0.0,1.0,408.0,0.0,26.0,48.0,1.0,1.0,6.0,0.6363636363636365,0.0,1.0,0.26,0.0,0.6666666666666666,0.1680672268907563,0.0,0.0,1,1.0,1.0,1.0,53.0,93510025.0,1.0,0.6602374,1.0,0,1,0,0,0,0,0,0,0,0,0,0,1,0,0,0,0,0,0,0,0,0
20.0,0.0,1.0,408.0,0.0,28.0,54.0,0.0,0.0,11.0,0.09090909090909083,0.0,1.0,0.049999999999999996,0.0,0.8666666666666667,0.40336134453781514,0.0,0.0,1,1.0,1.0,1.0,53.0,93510025.0,1.0,0.6602374,1.0,0,1,0,0,0,0,0,0,0,0,0,0,0,0,0,0,0,1,0,0,0,0
20.0,1.0,1.0,0.0,200000.0,26.0,48.0,0.0,0.0,11.0,0.0,0.0,1.0,0.0,0.1111111111111111,1.0,0.08403361344537814,0.0,0.0,1,0.0,0.0,1.0,53.0,13530045.0,1.0,0.6602374,1.0,0,1,0,0,0,0,0,0,0,0,0,0,0,0,0,0,0,1,0,0,0,0
20.0,0.0,1.0,408.0,0.0,24.0,48.0,1.0,1.0,11.0,0.09090909090909083,0.0,1.0,0.358,0.0,0.8666666666666667,0.40336134453781514,1.0,1.0,1,1.0,1.0,1.0,53.0,13510005.0,1.0,0.6602374,1.0,0,1,0,0,0,0,0,0,0,0,0,0,0,0,0,0,0,1,0,0,0,0
22.0,0.0,1.0,320.0,0.0,26.0,72.0,1.0,0.0,11.0,0.18181818181818188,0.0,1.0,0.0,0.06666666666666667,0.4,0.08403361344537814,0.0,0.0,0,1.0,0.0,1.0,53.0,93510025.0,1.0,0.6602374,0.0,0,0,0,0,0,0,1,0,0,0,0,0,0,0,0,1,0,0,0,0,0,0
22.0,0.0,1.0,200.0,0.0,15.0,48.0,0.0,0.0,11.0,0.2727272727272727,0.0,1.0,0.24,0.0,0.7333333333333333,0.4621848739495798,0.0,0.0,0,1.0,1.0,1.0,53.0,13530045.0,1.0,0.6602374,0.0,0,1,0,0,0,0,0,0,0,0,0,0,0,1,0,0,0,0,0,0,0,0
26.0,0.0,1.0,500.0,0.0,22.0,48.0,1.0,0.0,11.0,0.6363636363636365,0.0,1.0,0.12,0.0,0.5333333333333333,0.40336134453781514,0.0,0.0,1,1.0,1.0,1.0,53.0,13120005.0,1.0,0.6602374,1.0,0,1,0,0,0,0,0,0,0,0,0,0,0,0,0,0,0,1,0,0,0,0
27.0,1.0,1.0,55.0,0.0,26.0,48.0,0.0,0.0,13.0,0.6363636363636365,0.0,1.0,0.288,0.0,0.8,0.3529411764705882,0.0,0.0,1,1.0,1.0,1.0,53.0,13530045.0,1.0,0.6602374,1.0,0,1,0,0,0,0,0,0,0,0,0,0,0,0,0,0,0,1,0,0,0,0
21.0,0.0,1.0,300.0,0.0,30.0,91.0,0.0,1.0,11.0,0.09090909090909083,0.0,0.0,0.0,0.0,0.0,0.0,0.0,0.0,0,1.0,0.0,1.0,53.0,13530105.0,1.0,0.6602374,0.0,0,1,0,0,0,0,0,0,0,0,0,0,0,0,0,0,0,1,0,0,0,0
23.0,0.0,1.0,260.0,0.0,26.0,80.0,0.0,0.0,6.0,0.36363636363636354,0.0,1.0,0.3815,0.0,0.8666666666666667,0.40336134453781514,0.0,0.0,1,1.0,1.0,1.0,53.0,23220020.0,1.0,0.6602374,1.0,0,1,0,0,0,0,0,0,0,0,0,0,0,0,1,0,0,0,0,0,0,0
22.0,0.0,1.0,800.0,0.0,30.0,84.0,1.0,1.0,11.0,0.18181818181818188,0.0,0.0,0.0,0.0,0.0,0.0,0.0,0.0,1,1.0,0.0,1.0,53.0,23220020.0,1.0,0.6602374,1.0,0,1,0,0,0,0,0,0,0,0,0,0,0,0,0,0,0,1,0,0,0,0
23.0,0.0,1.0,408.0,0.0,26.0,48.0,1.0,1.0,11.0,0.2727272727272727,0.0,1.0,0.12,0.0,0.7333333333333333,0.3025210084033613,0.0,0.0,1,1.0,1.0,1.0,53.0,93510025.0,0.0,0.6602374,0.0,0,0,0,0,0,0,1,0,0,0,0,0,0,0,0,0,0,1,0,0,0,0
24.0,0.0,1.0,300.0,0.0,28.0,56.0,0.0,0.0,11.0,0.36363636363636354,0.0,1.0,0.33999999999999997,0.0,0.8666666666666667,0.37815126050420167,0.0,0.0,1,1.0,1.0,1.0,53.0,13120005.0,0.0,0.6602374,0.0,0,1,0,0,0,0,0,0,0,0,0,0,0,0,0,0,0,1,0,0,0,0
22.0,1.0,1.0,200.0,0.0,20.0,35.0,0.0,0.0,11.0,0.2727272727272727,1.0,0.0,0.0,0.0,0.0,0.0,0.0,0.0,0,1.0,0.0,1.0,53.0,23220020.0,1.0,0.6602374,0.0,0,1,0,0,0,0,0,0,0,0,0,0,0,0,0,0,0,1,0,0,0,0
21.0,0.0,1.0,150.0,0.0,12.0,9.0,0.0,0.0,11.0,0.09090909090909083,0.0,0.0,0.0,0.0,0.0,0.0,0.0,0.0,1,1.0,0.0,1.0,53.0,13120005.0,1.0,0.6602374,1.0,0,1,0,0,0,0,0,0,0,0,0,0,0,0,0,0,0,1,0,0,0,0
23.0,0.0,0.0,0.0,0.0,0.0,0.0,0.0,0.0,11.0,0.2727272727272727,0.0,0.0,0.0,0.0,0.0,0.0,0.0,0.0,0,0.0,0.0,1.0,53.0,93510065.0,1.0,0.6602374,0.0,0,0,0,0,0,0,1,0,0,0,0,0,0,0,0,0,0,1,0,0,0,0
24.0,1.0,1.0,381.5,0.0,26.0,64.0,0.0,0.0,11.0,0.45454545454545436,1.0,1.0,0.358,0.0,0.8666666666666667,0.47058823529411764,1.0,1.0,0,1.0,1.0,1.0,53.0,93510025.0,0.0,0.6602374,0.0,0,0,0,0,0,0,1,0,0,0,0,0,0,0,0,0,0,1,0,0,0,0
27.0,0.0,0.0,0.0,0.0,0.0,0.0,0.0,0.0,9.0,0.6363636363636365,0.0,1.0,0.19999999999999998,0.0,1.0,0.47058823529411764,0.0,0.0,1,0.0,1.0,1.0,53.0,93510025.0,1.0,0.6602374,1.0,0,1,0,0,0,0,0,0,0,0,0,0,0,1,0,0,0,0,0,0,0,0
21.0,1.0,1.0,240.0,0.0,27.0,50.0,0.0,0.0,11.0,0.09090909090909083,1.0,0.0,0.0,0.0,0.0,0.0,0.0,0.0,0,1.0,0.0,1.0,53.0,93510025.0,0.0,0.6602374,0.0,0,0,0,0,0,0,1,0,0,0,0,0,0,0,0,0,1,0,0,0,0,0
23.0,1.0,0.0,0.0,0.0,0.0,0.0,0.0,0.0,11.0,0.36363636363636354,1.0,0.0,0.0,0.0,0.0,0.0,0.0,0.0,0,0.0,0.0,1.0,53.0,93510065.0,1.0,0.6602374,0.0,0,0,0,0,0,0,1,0,0,0,0,0,0,0,0,0,0,1,0,0,0,0
22.0,0.0,1.0,0.0,400000.0,20.0,50.0,0.0,0.0,11.0,0.2727272727272727,0.0,1.0,0.0,0.0,0.8666666666666667,0.20168067226890757,0.0,0.0,0,0.0,0.0,1.0,53.0,93510025.0,0.0,0.6602374,0.0,0,0,0,0,0,0,1,0,0,0,0,0,0,0,0,0,0,1,0,0,0,0
20.0,0.0,0.0,0.0,0.0,0.0,0.0,0.0,0.0,11.0,0.09090909090909083,0.0,0.0,0.0,0.0,0.0,0.0,0.0,0.0,0,0.0,0.0,1.0,53.0,23220020.0,1.0,0.6602374,0.0,0,1,0,0,0,0,0,0,0,0,0,0,0,0,0,0,0,1,0,0,0,0
21.0,0.0,1.0,408.0,0.0,22.0,36.0,1.0,0.0,11.0,0.18181818181818188,0.0,1.0,0.3815,0.0,1.0,0.6050420168067226,0.0,0.0,0,1.0,1.0,1.0,53.0,13120005.0,1.0,0.6602374,0.0,0,1,0,0,0,0,0,0,0,0,0,0,0,0,0,0,0,1,0,0,0,0
20.0,0.0,0.0,0.0,0.0,0.0,0.0,0.0,0.0,11.0,0.0,0.0,0.0,0.0,0.0,0.0,0.0,0.0,0.0,1,0.0,0.0,1.0,53.0,66110005.0,0.0,0.6602374,0.0,0,1,0,0,0,0,0,0,0,0,0,0,0,0,0,0,0,1,0,0,0,0
22.0,0.0,1.0,408.0,0.0,26.0,48.0,1.0,1.0,11.0,0.18181818181818188,0.0,1.0,0.0,0.49999999999999994,1.0,0.5882352941176471,0.0,0.0,1,1.0,0.0,1.0,53.0,93510065.0,0.0,0.6602374,0.0,0,0,0,0,0,0,1,0,0,0,0,0,0,0,0,0,0,1,0,0,0,0
25.0,1.0,1.0,480.0,0.0,24.0,81.0,1.0,1.0,11.0,0.45454545454545436,1.0,1.0,0.0,0.5555555555555555,1.0,0.40336134453781514,0.0,0.0,1,1.0,0.0,1.0,53.0,13530045.0,0.0,0.6602374,0.0,0,1,0,0,0,0,0,0,0,0,0,0,0,0,0,0,0,1,0,0,0,0
26.0,0.0,1.0,192.0,0.0,24.0,48.0,0.0,0.0,6.0,0.6363636363636365,0.0,0.0,0.0,0.0,0.0,0.0,0.0,0.0,1,1.0,0.0,1.0,53.0,23220020.0,1.0,0.6602374,1.0,0,1,0,0,0,0,0,0,0,0,0,0,0,0,0,0,0,1,0,0,0,0
24.0,1.0,1.0,605.0,0.0,26.0,54.0,1.0,1.0,11.0,0.36363636363636354,0.0,1.0,0.312,0.0,0.8666666666666667,0.25210084033613445,0.0,0.0,1,1.0,1.0,1.0,53.0,13530045.0,0.0,0.6602374,0.0,0,1,0,0,0,0,0,0,0,0,0,0,0,0,0,0,0,1,0,0,0,0
20.0,0.0,1.0,80.0,0.0,30.0,63.0,0.0,0.0,10.0,0.0,0.0,1.0,0.06,0.0,0.8666666666666667,0.453781512605042,0.0,0.0,1,1.0,1.0,1.0,53.0,13530105.0,1.0,0.6602374,1.0,0,1,0,0,0,0,0,0,0,0,0,0,0,0,0,1,0,0,0,0,0,0
25.0,0.0,1.0,408.0,0.0,26.0,48.0,1.0,1.0,11.0,0.45454545454545436,1.0,0.0,0.0,0.0,0.0,0.0,0.0,0.0,0,1.0,0.0,1.0,53.0,93510025.0,1.0,0.6602374,0.0,0,1,0,0,0,0,0,0,0,0,0,0,0,0,0,0,0,1,0,0,0,0
26.0,0.0,1.0,381.5,0.0,26.0,48.0,1.0,1.0,11.0,0.5454545454545452,0.0,0.0,0.0,0.0,0.0,0.0,0.0,0.0,0,1.0,0.0,1.0,53.0,93510025.0,0.0,0.6602374,0.0,0,1,0,0,0,0,0,0,0,0,0,0,0,0,0,0,0,1,0,0,0,0
21.0,0.0,1.0,408.0,0.0,26.0,48.0,1.0,1.0,11.0,0.09090909090909083,0.0,0.0,0.0,0.0,0.0,0.0,0.0,0.0,1,1.0,0.0,1.0,53.0,13120005.0,1.0,0.6602374,1.0,0,1,0,0,0,0,0,0,0,0,0,0,0,0,0,0,0,1,0,0,0,0
21.0,0.0,1.0,350.0,0.0,15.0,56.0,1.0,1.0,11.0,0.09090909090909083,0.0,1.0,0.19999999999999998,0.0,0.7333333333333333,0.40336134453781514,0.0,0.0,0,1.0,1.0,1.0,53.0,13530045.0,1.0,0.6602374,0.0,0,1,0,0,0,0,0,0,0,0,0,0,0,0,0,0,0,1,0,0,0,0
21.0,0.0,1.0,408.0,0.0,22.0,45.0,1.0,1.0,11.0,0.09090909090909083,0.0,1.0,0.3,0.0,0.8666666666666667,0.5294117647058824,0.0,0.0,0,1.0,1.0,1.0,53.0,13710005.0,0.0,0.6602374,0.0,0,1,0,0,0,0,0,0,0,0,0,0,0,0,0,0,0,1,0,0,0,0
21.0,0.0,1.0,408.0,0.0,26.0,52.0,1.0,1.0,11.0,0.18181818181818188,0.0,0.0,0.0,0.0,0.0,0.0,0.0,0.0,0,1.0,0.0,1.0,53.0,93510025.0,1.0,0.6602374,0.0,0,1,0,0,0,0,0,0,0,0,0,0,0,0,0,0,0,1,0,0,0,0
24.0,0.0,1.0,490.0,0.0,26.0,60.0,1.0,1.0,11.0,0.36363636363636354,0.0,1.0,0.358,0.0,0.8666666666666667,0.40336134453781514,0.0,0.0,1,1.0,1.0,1.0,53.0,13710005.0,0.0,0.6602374,0.0,0,1,0,0,0,0,0,0,0,0,0,0,0,0,0,0,0,1,0,0,0,0
22.0,1.0,1.0,408.0,0.0,30.0,70.0,0.0,0.0,11.0,0.18181818181818188,1.0,1.0,0.39999999999999997,0.0,0.8666666666666667,0.5546218487394958,0.0,0.0,0,1.0,1.0,1.0,53.0,93510025.0,1.0,0.6602374,0.0,0,0,0,0,0,0,1,0,0,0,0,0,0,0,0,0,0,1,0,0,0,0
21.0,0.0,0.0,0.0,0.0,0.0,0.0,0.0,0.0,11.0,0.18181818181818188,0.0,1.0,0.0,0.03111111111111111,0.2,0.10084033613445378,0.0,0.0,0,0.0,0.0,1.0,53.0,93510065.0,1.0,0.6602374,0.0,0,0,0,0,0,0,1,0,0,0,0,0,0,0,0,0,0,1,0,0,0,0
22.0,1.0,1.0,381.5,0.0,30.0,54.0,1.0,1.0,11.0,0.18181818181818188,0.0,1.0,0.37,0.0,0.8666666666666667,0.7058823529411764,1.0,1.0,1,1.0,1.0,1.0,53.0,93510065.0,0.0,0.6602374,0.0,0,0,0,0,0,0,1,0,0,0,0,0,0,0,0,0,0,1,0,0,0,0
27.0,0.0,1.0,408.0,0.0,26.0,48.0,1.0,1.0,11.0,0.6363636363636365,0.0,1.0,0.358,0.0,0.6666666666666666,0.3361344537815126,0.0,0.0,1,1.0,1.0,1.0,53.0,13530045.0,1.0,0.6602374,1.0,0,1,0,0,0,0,0,0,0,0,0,0,0,0,0,0,0,1,0,0,0,0
25.0,0.0,0.0,0.0,0.0,0.0,0.0,0.0,0.0,11.0,0.5454545454545452,0.0,1.0,0.358,0.0,0.8666666666666667,0.40336134453781514,0.0,0.0,1,0.0,1.0,1.0,53.0,93510065.0,1.0,0.6602374,1.0,0,0,0,0,0,0,1,0,0,0,0,0,0,0,0,0,0,1,0,0,0,0
24.0,1.0,1.0,408.0,0.0,26.0,49.0,1.0,1.0,11.0,0.36363636363636354,0.0,1.0,0.358,0.0,0.8666666666666667,0.5546218487394958,1.0,1.0,1,1.0,1.0,1.0,53.0,13710005.0,0.0,0.6602374,0.0,0,1,0,0,0,0,0,0,0,0,0,0,0,0,0,0,0,1,0,0,0,0
21.0,1.0,1.0,381.5,0.0,24.0,48.0,1.0,0.0,11.0,0.09090909090909083,0.0,0.0,0.0,0.0,0.0,0.0,0.0,0.0,0,1.0,0.0,1.0,53.0,13120005.0,1.0,0.6602374,0.0,0,1,0,0,0,0,0,0,0,0,0,0,0,0,0,0,0,1,0,0,0,0
20.0,0.0,1.0,381.5,0.0,28.0,48.0,1.0,1.0,11.0,0.0,0.0,0.0,0.0,0.0,0.0,0.0,0.0,0.0,0,1.0,0.0,1.0,53.0,13120005.0,0.0,0.6602374,0.0,0,1,0,0,0,0,0,0,0,0,0,0,0,0,0,0,0,1,0,0,0,0
22.0,0.0,1.0,381.5,0.0,26.0,80.0,1.0,1.0,11.0,0.2727272727272727,0.0,0.0,0.0,0.0,0.0,0.0,0.0,0.0,0,1.0,0.0,1.0,53.0,13120005.0,0.0,0.6602374,0.0,0,1,0,0,0,0,0,0,0,0,0,0,0,0,0,0,0,1,0,0,0,0
22.0,0.0,0.0,0.0,0.0,0.0,0.0,0.0,0.0,10.0,0.18181818181818188,0.0,0.0,0.0,0.0,0.0,0.0,0.0,0.0,0,0.0,0.0,1.0,53.0,93510025.0,1.0,0.6602374,0.0,0,0,0,0,0,0,1,0,0,0,0,0,0,0,1,0,0,0,0,0,0,0
22.0,0.0,1.0,408.0,0.0,26.0,48.0,1.0,1.0,11.0,0.2727272727272727,0.0,1.0,0.32,0.0,1.0,0.8235294117647058,0.0,0.0,1,1.0,1.0,1.0,53.0,13710005.0,0.0,0.6602374,0.0,0,1,0,0,0,0,0,0,0,0,0,0,0,0,0,0,0,1,0,0,0,0
27.0,0.0,1.0,408.0,0.0,26.0,48.0,1.0,1.0,11.0,0.6363636363636365,0.0,0.0,0.0,0.0,0.0,0.0,0.0,0.0,1,1.0,0.0,1.0,53.0,93510065.0,1.0,0.6602374,1.0,0,0,0,0,0,0,1,0,0,0,0,0,0,0,0,0,0,1,0,0,0,0
25.0,0.0,0.0,0.0,0.0,0.0,0.0,0.0,0.0,11.0,0.5454545454545452,0.0,1.0,0.26,0.0,0.6,0.5546218487394958,0.0,0.0,1,0.0,1.0,1.0,53.0,93510025.0,1.0,0.6602374,1.0,0,0,0,0,0,0,1,0,0,0,0,0,0,0,0,0,0,1,0,0,0,0
24.0,1.0,1.0,0.0,120000.0,12.0,18.0,0.0,0.0,8.0,0.45454545454545436,0.0,1.0,0.09999999999999999,0.0,0.8666666666666667,0.453781512605042,0.0,0.0,0,0.0,1.0,1.0,53.0,93510065.0,1.0,0.6602374,0.0,0,0,0,0,0,0,1,0,0,0,0,0,0,0,1,0,0,0,0,0,0,0
20.0,1.0,1.0,408.0,0.0,26.0,48.0,0.0,0.0,11.0,0.09090909090909083,0.0,0.0,0.0,0.0,0.0,0.0,0.0,0.0,1,1.0,0.0,1.0,53.0,93510025.0,0.0,0.6602374,0.0,0,0,0,0,0,0,1,0,0,0,0,0,0,0,0,0,0,1,0,0,0,0
25.0,0.0,0.0,0.0,0.0,0.0,0.0,0.0,0.0,11.0,0.45454545454545436,0.0,1.0,0.0,0.0,0.26666666666666666,0.13445378151260504,0.0,0.0,1,0.0,0.0,1.0,53.0,66110005.0,1.0,0.6602374,1.0,0,1,0,0,0,0,0,0,0,0,0,0,0,0,0,0,0,1,0,0,0,0
20.0,1.0,0.0,0.0,0.0,0.0,0.0,0.0,0.0,11.0,0.09090909090909083,0.0,1.0,0.12,0.0,0.7333333333333333,0.5042016806722689,0.0,0.0,0,0.0,1.0,1.0,53.0,93510025.0,1.0,0.6602374,0.0,0,0,0,0,0,0,1,0,0,0,0,0,0,0,0,0,0,1,0,0,0,0
21.0,0.0,1.0,55.0,0.0,26.0,48.0,0.0,0.0,11.0,0.09090909090909083,0.0,0.0,0.0,0.0,0.0,0.0,0.0,0.0,1,1.0,0.0,1.0,53.0,13120005.0,0.0,0.6602374,0.0,0,1,0,0,0,0,0,0,0,0,0,0,0,0,0,0,0,1,0,0,0,0
25.0,0.0,0.0,0.0,0.0,0.0,0.0,0.0,0.0,11.0,0.45454545454545436,0.0,1.0,0.42,0.0,1.0,0.7058823529411764,0.0,0.0,1,0.0,1.0,1.0,53.0,93510025.0,1.0,0.6602374,1.0,0,1,0,0,0,0,0,0,0,0,0,0,0,0,0,0,0,1,0,0,0,0
20.0,0.0,1.0,408.0,0.0,26.0,48.0,1.0,1.0,11.0,0.0,0.0,0.0,0.0,0.0,0.0,0.0,0.0,0.0,1,1.0,0.0,1.0,53.0,93510025.0,0.0,0.6602374,0.0,0,0,0,0,0,0,1,0,0,0,0,0,0,0,0,0,0,1,0,0,0,0
21.0,0.0,1.0,408.0,0.0,26.0,50.0,0.0,0.0,11.0,0.09090909090909083,0.0,1.0,0.19999999999999998,0.0,0.8666666666666667,0.40336134453781514,0.0,0.0,1,1.0,1.0,1.0,53.0,13530105.0,1.0,0.6602374,1.0,0,1,0,0,0,0,0,0,0,0,0,0,0,0,0,0,0,1,0,0,0,0
25.0,0.0,1.0,300.0,0.0,26.0,42.0,0.0,0.0,11.0,0.5454545454545452,0.0,1.0,0.177,0.0,0.4666666666666667,0.20168067226890757,1.0,1.0,1,1.0,1.0,1.0,53.0,13710005.0,0.0,0.6602374,0.0,0,1,0,0,0,0,0,0,0,0,0,0,0,0,0,0,0,1,0,0,0,0
21.0,0.0,1.0,420.0,0.0,26.0,48.0,0.0,0.0,11.0,0.18181818181818188,0.0,0.0,0.0,0.0,0.0,0.0,0.0,0.0,0,1.0,0.0,1.0,53.0,93510065.0,1.0,0.6602374,0.0,0,0,0,0,0,0,1,0,0,0,0,0,0,0,0,0,1,0,0,0,0,0
30.0,1.0,1.0,1000.0,0.0,24.0,48.0,0.0,0.0,11.0,0.9999999999999998,0.0,1.0,0.0,0.06666666666666667,0.6,0.10084033613445378,0.0,0.0,1,1.0,0.0,1.0,53.0,66110005.0,0.0,0.6602374,0.0,0,1,0,0,0,0,0,0,0,0,0,0,0,0,0,0,0,1,0,0,0,0
24.0,0.0,1.0,815.0,0.0,20.0,48.0,1.0,1.0,13.0,0.45454545454545436,0.0,1.0,0.358,0.0,1.0,0.6050420168067226,1.0,1.0,0,1.0,1.0,1.0,53.0,13530045.0,1.0,0.6602374,0.0,0,1,0,0,0,0,0,0,0,0,0,0,0,0,0,0,0,1,0,0,0,0
20.0,0.0,1.0,240.0,0.0,26.0,48.0,0.0,0.0,11.0,0.09090909090909083,0.0,1.0,0.38,0.0,0.8,0.40336134453781514,1.0,1.0,0,1.0,1.0,1.0,53.0,13510005.0,1.0,0.6602374,0.0,0,1,0,0,0,0,0,0,0,0,0,0,0,0,0,0,0,1,0,0,0,0
20.0,0.0,1.0,408.0,0.0,26.0,36.0,1.0,1.0,11.0,0.0,0.0,0.0,0.0,0.0,0.0,0.0,0.0,0.0,1,1.0,0.0,1.0,53.0,13510005.0,0.0,0.6602374,0.0,0,1,0,0,0,0,0,0,0,0,0,0,0,0,0,0,0,1,0,0,0,0
21.0,0.0,1.0,408.0,0.0,26.0,48.0,1.0,1.0,12.0,0.09090909090909083,0.0,0.0,0.0,0.0,0.0,0.0,0.0,0.0,1,1.0,0.0,1.0,53.0,13510005.0,0.0,0.6602374,0.0,0,1,0,0,0,0,0,0,0,0,0,0,0,0,0,0,0,1,0,0,0,0
23.0,0.0,1.0,408.0,0.0,26.0,48.0,1.0,1.0,11.0,0.36363636363636354,0.0,0.0,0.0,0.0,0.0,0.0,0.0,0.0,1,1.0,0.0,1.0,53.0,93510065.0,1.0,0.6602374,1.0,0,0,0,0,0,0,1,0,0,0,0,0,0,0,0,0,0,1,0,0,0,0
22.0,1.0,1.0,408.0,0.0,28.0,48.0,1.0,1.0,11.0,0.2727272727272727,0.0,1.0,0.3815,0.0,0.9333333333333333,0.42016806722689076,0.0,0.0,0,1.0,1.0,1.0,53.0,93510025.0,1.0,0.6602374,0.0,0,0,0,0,0,0,1,0,0,0,0,0,0,0,0,0,0,1,0,0,0,0
21.0,0.0,1.0,350.0,0.0,26.0,36.0,0.0,0.0,11.0,0.09090909090909083,0.0,1.0,0.42,0.0,1.0,0.8235294117647058,0.0,0.0,1,1.0,1.0,1.0,53.0,23220020.0,0.0,0.6602374,0.0,0,1,0,0,0,0,0,0,0,0,0,0,0,0,0,1,0,0,0,0,0,0
21.0,0.0,0.0,0.0,0.0,0.0,0.0,0.0,0.0,11.0,0.18181818181818188,0.0,1.0,0.5599999999999999,0.0,1.0,0.5294117647058824,0.0,0.0,0,0.0,1.0,1.0,53.0,93510065.0,0.0,0.6602374,0.0,0,0,0,0,0,0,1,0,0,0,0,0,0,0,0,0,0,1,0,0,0,0
28.0,0.0,1.0,408.0,0.0,28.0,8.0,1.0,1.0,10.0,0.7272727272727273,0.0,1.0,0.0,0.16666666666666666,0.6,0.1680672268907563,0.0,0.0,0,1.0,0.0,1.0,53.0,93510025.0,1.0,0.6602374,0.0,0,1,0,0,0,0,0,0,0,0,0,0,0,0,0,0,0,1,0,0,0,0
25.0,0.0,1.0,200.0,0.0,24.0,36.0,0.0,0.0,9.0,0.45454545454545436,1.0,0.0,0.0,0.0,0.0,0.0,0.0,0.0,0,1.0,0.0,1.0,53.0,93510025.0,1.0,0.6602374,0.0,0,1,0,0,0,0,0,0,0,0,0,0,0,0,0,1,0,0,0,0,0,0
21.0,0.0,0.0,0.0,0.0,0.0,0.0,0.0,0.0,11.0,0.09090909090909083,0.0,0.0,0.0,0.0,0.0,0.0,0.0,0.0,1,0.0,0.0,1.0,54.0,63240005.0,0.0,0.79545456,0.0,0,0,1,0,0,0,0,0,0,0,0,0,0,0,0,0,0,1,0,0,0,0
24.0,0.0,1.0,480.0,0.0,24.0,72.0,1.0,1.0,11.0,0.36363636363636354,0.0,1.0,0.5,0.0,0.8,0.453781512605042,0.0,0.0,1,1.0,1.0,1.0,54.0,63240005.0,0.0,0.79545456,0.0,0,0,1,0,0,0,0,0,0,0,0,0,0,0,0,0,0,1,0,0,0,0
19.0,0.0,1.0,381.5,0.0,24.0,48.0,0.0,0.0,11.0,0.0,0.0,1.0,0.0,0.0,1.0,0.5882352941176471,0.0,0.0,1,1.0,0.0,1.0,54.0,63240005.0,0.0,0.79545456,0.0,0,0,1,0,0,0,0,0,0,0,0,0,0,0,0,0,0,1,0,0,0,0
24.0,0.0,1.0,0.0,200000.0,15.0,4.0,0.0,0.0,10.0,0.36363636363636354,1.0,1.0,0.0,0.2222222222222222,1.0,0.4369747899159664,0.0,0.0,1,0.0,0.0,1.0,54.0,13120005.0,1.0,0.79545456,1.0,0,0,1,0,0,0,0,0,0,0,0,0,0,0,0,0,1,0,0,0,0,0
22.0,0.0,1.0,380.0,0.0,26.0,54.0,0.0,0.0,11.0,0.18181818181818188,0.0,1.0,0.055999999999999994,0.0,0.13333333333333333,0.25210084033613445,0.0,0.0,1,1.0,1.0,1.0,54.0,63240005.0,1.0,0.79545456,1.0,0,0,1,0,0,0,0,0,0,0,0,0,0,0,0,0,0,1,0,0,0,0
21.0,0.0,1.0,230.0,0.0,26.0,66.0,0.0,0.0,11.0,0.09090909090909083,0.0,1.0,0.25,0.0,0.8,0.4369747899159664,0.0,0.0,0,1.0,1.0,1.0,54.0,63240005.0,1.0,0.79545456,0.0,0,0,1,0,0,0,0,0,0,0,0,0,0,0,0,0,0,1,0,0,0,0
20.0,0.0,1.0,408.0,0.0,30.0,48.0,0.0,0.0,11.0,0.0,0.0,1.0,0.19999999999999998,0.0,0.9333333333333333,0.453781512605042,0.0,0.0,0,1.0,1.0,1.0,54.0,63240005.0,0.0,0.79545456,0.0,0,0,1,0,0,0,0,0,0,0,0,0,0,0,0,0,0,1,0,0,0,0
26.0,1.0,1.0,0.0,120000.0,12.0,12.0,0.0,0.0,11.0,0.6363636363636365,1.0,0.0,0.0,0.0,0.0,0.0,0.0,0.0,0,0.0,0.0,1.0,54.0,13120005.0,1.0,0.79545456,0.0,0,0,1,0,0,0,0,0,0,0,0,0,0,0,0,0,0,1,0,0,0,0
21.0,0.0,1.0,400.0,0.0,30.0,72.0,0.0,0.0,11.0,0.09090909090909083,0.0,1.0,0.3,0.0,0.8,0.47058823529411764,0.0,0.0,0,1.0,1.0,1.0,54.0,13120005.0,1.0,0.79545456,0.0,0,0,1,0,0,0,0,0,0,0,0,0,0,0,0,0,0,1,0,0,0,0
26.0,0.0,1.0,100.0,0.0,26.0,36.0,0.0,0.0,11.0,0.5454545454545452,0.0,1.0,0.0,0.0,0.8,0.3529411764705882,0.0,0.0,0,1.0,0.0,1.0,54.0,63240005.0,1.0,0.79545456,0.0,0,0,1,0,0,0,0,0,0,0,0,0,0,0,0,0,0,1,0,0,0,0
21.0,1.0,0.0,0.0,0.0,0.0,0.0,0.0,0.0,11.0,0.18181818181818188,1.0,0.0,0.0,0.0,0.0,0.0,0.0,0.0,0,0.0,0.0,1.0,54.0,63240005.0,1.0,0.79545456,0.0,0,0,1,0,0,0,0,0,0,0,0,0,0,0,0,0,0,1,0,0,0,0
19.0,0.0,1.0,408.0,0.0,24.0,48.0,0.0,1.0,5.0,0.0,0.0,1.0,0.27999999999999997,0.0,0.8,0.6218487394957983,0.0,0.0,1,1.0,1.0,1.0,54.0,63240005.0,0.0,0.79545456,0.0,0,0,1,0,0,0,0,0,0,0,0,0,0,0,0,0,0,1,0,0,0,0
26.0,1.0,0.0,0.0,0.0,0.0,0.0,0.0,0.0,11.0,0.5454545454545452,1.0,0.0,0.0,0.0,0.0,0.0,0.0,0.0,1,0.0,0.0,1.0,54.0,13120005.0,1.0,0.79545456,1.0,0,0,1,0,0,0,0,0,0,0,0,0,0,0,0,0,0,1,0,0,0,0
20.0,0.0,1.0,408.0,0.0,30.0,56.0,1.0,1.0,11.0,0.0,1.0,1.0,0.0,0.16666666666666666,1.0,0.3529411764705882,0.0,0.0,1,1.0,0.0,1.0,54.0,13120005.0,1.0,0.79545456,1.0,0,0,1,0,0,0,0,0,0,0,0,0,0,0,0,0,0,1,0,0,0,0
20.0,0.0,1.0,80.0,0.0,16.0,24.0,0.0,0.0,11.0,0.0,0.0,0.0,0.0,0.0,0.0,0.0,0.0,0.0,1,1.0,0.0,1.0,54.0,13120005.0,1.0,0.79545456,1.0,0,0,1,0,0,0,0,0,0,0,0,0,0,0,0,0,0,1,0,0,0,0
21.0,0.0,1.0,408.0,0.0,26.0,48.0,1.0,1.0,12.0,0.09090909090909083,0.0,1.0,0.15,0.0,0.8,0.5042016806722689,0.0,0.0,1,1.0,1.0,1.0,54.0,63240005.0,1.0,0.79545456,1.0,0,0,1,0,0,0,0,0,0,0,0,0,0,0,0,0,0,1,0,0,0,0
25.0,1.0,1.0,320.0,0.0,24.0,36.0,1.0,1.0,11.0,0.5454545454545452,1.0,1.0,0.3815,0.0,0.6666666666666666,0.47058823529411764,1.0,1.0,0,1.0,1.0,1.0,54.0,63240005.0,1.0,0.79545456,0.0,0,0,1,0,0,0,0,0,0,0,0,0,0,0,0,0,0,1,0,0,0,0
19.0,0.0,0.0,0.0,0.0,0.0,0.0,0.0,0.0,11.0,0.0,0.0,0.0,0.0,0.0,0.0,0.0,0.0,0.0,0,0.0,0.0,1.0,55.0,83220005.0,0.0,0.7714286,0.0,0,0,1,0,0,0,0,0,0,0,0,0,0,0,0,0,0,1,0,0,0,0
23.0,0.0,1.0,400.0,0.0,6.0,72.0,0.0,0.0,9.0,0.36363636363636354,0.0,1.0,0.0,0.0,1.0,0.5882352941176471,0.0,0.0,1,1.0,0.0,1.0,55.0,13530010.0,0.0,0.7714286,0.0,0,0,1,0,0,0,0,0,0,0,0,0,0,0,1,0,0,0,0,0,0,0
26.0,1.0,1.0,240.0,0.0,24.0,54.0,0.0,0.0,11.0,0.6363636363636365,1.0,1.0,0.0,0.0,0.6666666666666666,0.3361344537815126,0.0,0.0,1,1.0,0.0,1.0,55.0,13530010.0,1.0,0.7714286,1.0,0,0,1,0,0,0,0,0,0,0,0,0,0,0,0,0,0,1,0,0,0,0
26.0,0.0,1.0,0.0,350000.0,25.0,48.0,0.0,0.0,13.0,0.5454545454545452,0.0,1.0,0.44,0.0,1.0,0.47058823529411764,0.0,0.0,1,0.0,1.0,1.0,55.0,83220005.0,0.0,0.7714286,0.0,0,0,1,0,0,0,0,0,0,0,0,0,0,0,0,0,0,1,0,0,0,0
25.0,1.0,0.0,0.0,0.0,0.0,0.0,0.0,0.0,11.0,0.5454545454545452,1.0,0.0,0.0,0.0,0.0,0.0,0.0,0.0,0,0.0,0.0,1.0,56.0,13120005.0,1.0,0.7714286,0.0,0,0,1,0,0,0,0,0,0,0,0,0,0,0,0,0,0,1,0,0,0,0
24.0,0.0,1.0,424.0,0.0,26.0,51.0,0.0,0.0,11.0,0.36363636363636354,0.0,1.0,0.0,0.49999999999999994,0.8,0.40336134453781514,0.0,0.0,1,1.0,0.0,1.0,55.0,13530010.0,1.0,0.7714286,1.0,0,0,1,0,0,0,0,0,0,0,0,0,0,0,0,1,0,0,0,0,0,0
26.0,1.0,1.0,400.0,0.0,24.0,56.0,0.0,0.0,8.0,0.5454545454545452,1.0,1.0,0.0,0.3333333333333333,0.8,0.40336134453781514,0.0,0.0,0,1.0,0.0,1.0,55.0,83220005.0,0.0,0.7714286,0.0,0,0,1,0,0,0,0,0,0,0,0,0,0,0,1,0,0,0,0,0,0,0
24.0,1.0,1.0,425.0,0.0,30.0,48.0,1.0,0.0,11.0,0.36363636363636354,1.0,0.0,0.0,0.0,0.0,0.0,0.0,0.0,1,1.0,0.0,1.0,55.0,13530010.0,1.0,0.7714286,1.0,0,0,1,0,0,0,0,0,0,0,0,0,0,0,0,1,0,0,0,0,0,0
24.0,0.0,1.0,408.0,0.0,20.0,45.0,1.0,1.0,11.0,0.36363636363636354,0.0,1.0,0.35,0.0,0.8,0.453781512605042,0.0,0.0,1,1.0,1.0,1.0,55.0,83220005.0,0.0,0.7714286,0.0,0,0,1,0,0,0,0,0,0,0,0,0,0,0,0,0,0,1,0,0,0,0
24.0,1.0,1.0,500.0,0.0,28.0,60.0,1.0,1.0,11.0,0.45454545454545436,1.0,0.0,0.0,0.0,0.0,0.0,0.0,0.0,1,1.0,0.0,1.0,55.0,13530010.0,0.0,0.7714286,0.0,0,0,1,0,0,0,0,0,0,0,0,0,0,0,0,0,0,1,0,0,0,0
26.0,0.0,1.0,300.0,0.0,20.0,50.0,0.0,0.0,5.0,0.5454545454545452,0.0,1.0,0.22,0.0,0.6666666666666666,0.42016806722689076,0.0,0.0,1,1.0,1.0,1.0,55.0,13530010.0,0.0,0.7714286,0.0,0,0,1,0,0,0,0,0,0,0,0,1,0,0,0,0,0,0,0,0,0,0
21.0,0.0,1.0,240.0,0.0,25.0,48.0,0.0,0.0,11.0,0.18181818181818188,0.0,0.0,0.0,0.0,0.0,0.0,0.0,0.0,1,1.0,0.0,1.0,55.0,83220005.0,1.0,0.7714286,1.0,0,0,1,0,0,0,0,0,0,0,0,0,0,0,0,0,0,1,0,0,0,0
26.0,0.0,1.0,500.0,0.0,30.0,30.0,0.0,0.0,9.0,0.5454545454545452,0.0,1.0,0.38,0.0,0.8,0.3025210084033613,0.0,0.0,0,1.0,1.0,1.0,55.0,83220005.0,0.0,0.7714286,0.0,0,0,1,0,0,0,0,0,0,0,0,0,0,0,0,1,0,0,0,0,0,0
24.0,0.0,1.0,408.0,0.0,30.0,112.0,0.0,0.0,11.0,0.36363636363636354,1.0,0.0,0.0,0.0,0.0,0.0,0.0,0.0,0,1.0,0.0,1.0,55.0,13530010.0,1.0,0.7714286,0.0,0,0,1,0,0,0,0,0,0,0,0,0,0,0,0,0,0,1,0,0,0,0
21.0,1.0,1.0,280.0,0.0,30.0,65.0,1.0,1.0,9.0,0.09090909090909083,0.0,1.0,0.38,0.0,0.8,0.453781512605042,1.0,0.0,1,1.0,1.0,1.0,55.0,83220005.0,0.0,0.7714286,0.0,0,0,1,0,0,0,0,0,0,0,0,0,0,0,0,1,0,0,0,0,0,0
25.0,0.0,1.0,408.0,0.0,25.0,50.0,1.0,1.0,11.0,0.5454545454545452,0.0,1.0,0.358,0.0,0.9333333333333333,0.6050420168067226,1.0,1.0,1,1.0,1.0,1.0,55.0,13530010.0,0.0,0.7714286,0.0,0,0,1,0,0,0,0,0,0,0,0,0,0,0,0,0,0,1,0,0,0,0
20.0,0.0,0.0,0.0,0.0,0.0,0.0,0.0,0.0,11.0,0.09090909090909083,0.0,1.0,0.15,0.0,0.2,0.18487394957983191,0.0,0.0,1,0.0,1.0,1.0,56.0,13120005.0,0.0,0.75,0.0,0,0,1,0,0,0,0,0,0,0,0,0,0,0,0,0,0,1,0,0,0,0
21.0,0.0,1.0,408.0,0.0,24.0,48.0,0.0,1.0,11.0,0.09090909090909083,0.0,1.0,0.39999999999999997,0.0,0.8,0.6050420168067226,0.0,0.0,1,1.0,1.0,1.0,56.0,13120005.0,0.0,0.75,0.0,0,0,1,0,0,0,0,0,0,0,0,0,0,0,0,0,0,1,0,0,0,0
26.0,1.0,1.0,408.0,0.0,30.0,48.0,1.0,1.0,11.0,0.6363636363636365,1.0,1.0,0.3815,0.0,0.9333333333333333,0.6050420168067226,1.0,1.0,0,1.0,1.0,1.0,56.0,83510005.0,0.0,0.75,0.0,0,0,1,0,0,0,0,0,0,0,0,0,0,0,0,0,0,1,0,0,0,0
23.0,0.0,1.0,230.0,0.0,24.0,48.0,0.0,0.0,11.0,0.36363636363636354,0.0,0.0,0.0,0.0,0.0,0.0,0.0,0.0,1,1.0,0.0,1.0,56.0,66110005.0,1.0,0.75,1.0,0,0,1,0,0,0,0,0,0,0,0,0,0,0,0,0,0,1,0,0,0,0
26.0,1.0,1.0,408.0,0.0,24.0,60.0,0.0,0.0,11.0,0.6363636363636365,1.0,0.0,0.0,0.0,0.0,0.0,0.0,0.0,1,1.0,0.0,1.0,56.0,93510030.0,1.0,0.75,1.0,0,0,1,0,0,0,0,0,0,0,0,0,0,0,0,0,0,1,0,0,0,0
21.0,0.0,1.0,160.0,0.0,26.0,48.0,0.0,1.0,10.0,0.09090909090909083,0.0,1.0,0.18,0.0,0.8,0.42016806722689076,0.0,0.0,0,1.0,1.0,1.0,56.0,83740020.0,1.0,0.75,0.0,0,0,1,0,0,0,0,0,0,0,0,0,0,1,0,0,0,0,0,0,0,0
24.0,1.0,1.0,0.0,360000.0,30.0,70.0,0.0,0.0,11.0,0.45454545454545436,0.0,1.0,0.39999999999999997,0.0,0.6666666666666666,0.3361344537815126,0.0,0.0,1,0.0,1.0,1.0,56.0,13210005.0,1.0,0.75,1.0,0,0,1,0,0,0,0,0,0,0,0,0,0,0,0,0,0,1,0,0,0,0
26.0,0.0,1.0,330.0,0.0,26.0,70.0,0.0,0.0,5.0,0.6363636363636365,0.0,1.0,0.0,0.3333333333333333,1.0,0.3025210084033613,0.0,0.0,1,1.0,0.0,1.0,56.0,66530005.0,0.0,0.75,0.0,0,0,1,0,0,0,0,0,0,0,0,1,0,0,0,0,0,0,0,0,0,0
22.0,0.0,0.0,0.0,0.0,0.0,0.0,0.0,0.0,11.0,0.18181818181818188,0.0,1.0,0.0,0.0,0.8,0.25210084033613445,0.0,0.0,0,0.0,0.0,1.0,56.0,83510005.0,0.0,0.75,0.0,0,0,1,0,0,0,0,0,0,0,0,0,0,0,0,0,0,1,0,0,0,0
20.0,0.0,1.0,180.0,0.0,26.0,48.0,0.0,0.0,6.0,0.09090909090909083,0.0,1.0,0.15,0.0,0.8,0.6050420168067226,0.0,0.0,0,1.0,1.0,1.0,56.0,83740020.0,1.0,0.75,0.0,0,0,1,0,0,0,0,0,0,0,0,0,1,0,0,0,0,0,0,0,0,0
22.0,1.0,1.0,250.0,0.0,30.0,66.0,0.0,0.0,7.0,0.18181818181818188,1.0,1.0,0.0,0.26666666666666666,0.8666666666666667,0.40336134453781514,0.0,0.0,1,1.0,0.0,1.0,56.0,73330105.0,1.0,0.75,1.0,0,0,1,0,0,0,0,0,0,0,0,1,0,0,0,0,0,0,0,0,0,0
20.0,1.0,1.0,300.0,0.0,20.0,35.0,0.0,0.0,11.0,0.09090909090909083,1.0,1.0,0.3,0.0,0.8,0.5042016806722689,0.0,0.0,1,1.0,1.0,1.0,56.0,93510030.0,1.0,0.75,1.0,0,0,1,0,0,0,0,0,0,0,0,0,0,0,0,0,0,1,0,0,0,0
23.0,0.0,0.0,0.0,0.0,0.0,0.0,0.0,0.0,11.0,0.36363636363636354,0.0,0.0,0.0,0.0,0.0,0.0,0.0,0.0,0,0.0,0.0,1.0,56.0,93510030.0,1.0,0.75,0.0,0,0,1,0,0,0,0,0,0,0,0,0,0,0,0,0,0,1,0,0,0,0
26.0,0.0,1.0,310.0,0.0,30.0,84.0,0.0,0.0,13.0,0.5454545454545452,0.0,0.0,0.0,0.0,0.0,0.0,0.0,0.0,1,1.0,0.0,1.0,56.0,13140015.0,1.0,0.75,1.0,0,0,1,0,0,0,0,0,0,0,0,0,0,0,0,0,0,1,0,0,0,0
24.0,1.0,0.0,0.0,0.0,0.0,0.0,0.0,0.0,9.0,0.36363636363636354,1.0,0.0,0.0,0.0,0.0,0.0,0.0,0.0,1,0.0,0.0,1.0,56.0,13140015.0,1.0,0.75,1.0,0,0,1,0,0,0,0,0,0,0,0,0,0,0,1,0,0,0,0,0,0,0
22.0,1.0,1.0,420.0,0.0,30.0,70.0,0.0,0.0,10.0,0.2727272727272727,0.0,1.0,0.24,0.0,0.8,0.40336134453781514,0.0,0.0,0,1.0,1.0,1.0,56.0,66110005.0,1.0,0.75,0.0,0,0,1,0,0,0,0,0,0,0,0,0,0,0,0,1,0,0,0,0,0,0
20.0,1.0,0.0,0.0,0.0,0.0,0.0,0.0,0.0,11.0,0.0,0.0,0.0,0.0,0.0,0.0,0.0,0.0,0.0,0,0.0,0.0,1.0,56.0,13140015.0,1.0,0.75,0.0,0,0,1,0,0,0,0,0,0,0,0,0,0,0,0,0,0,1,0,0,0,0
21.0,0.0,1.0,408.0,0.0,30.0,48.0,0.0,0.0,11.0,0.09090909090909083,0.0,1.0,0.19499999999999998,0.0,0.5,0.40336134453781514,0.0,0.0,1,1.0,1.0,1.0,56.0,84430005.0,0.0,0.75,0.0,0,0,1,0,0,0,0,0,0,0,0,0,0,0,0,0,0,1,0,0,0,0
23.0,0.0,1.0,408.0,0.0,30.0,56.0,0.0,1.0,11.0,0.36363636363636354,0.0,0.0,0.0,0.0,0.0,0.0,0.0,0.0,1,1.0,0.0,1.0,56.0,13140015.0,1.0,0.75,1.0,0,0,1,0,0,0,0,0,0,0,0,0,0,0,0,0,0,1,0,0,0,0
26.0,0.0,1.0,180.0,0.0,26.0,65.0,0.0,0.0,8.0,0.5454545454545452,0.0,1.0,0.06,0.0,0.4,0.3025210084033613,0.0,0.0,1,1.0,1.0,1.0,56.0,66210010.0,0.0,0.75,0.0,0,0,1,0,0,0,0,0,0,0,0,0,0,1,0,0,0,0,0,0,0,0
26.0,1.0,1.0,200.0,0.0,26.0,57.0,0.0,0.0,11.0,0.6363636363636365,0.0,1.0,0.12,0.0,1.0,0.7647058823529411,0.0,0.0,1,1.0,1.0,1.0,56.0,76140010.0,1.0,0.75,1.0,0,0,1,0,0,0,0,0,0,0,0,0,0,0,0,1,0,0,0,0,0,0
20.0,0.0,1.0,302.0,0.0,6.0,66.0,0.0,0.0,11.0,0.09090909090909083,0.0,1.0,0.19999999999999998,0.0,0.8,0.5042016806722689,0.0,0.0,0,1.0,1.0,1.0,56.0,66120020.0,1.0,0.75,0.0,0,0,1,0,0,0,0,0,0,0,0,0,0,0,0,0,0,1,0,0,0,0
22.0,0.0,1.0,408.0,0.0,30.0,56.0,1.0,1.0,11.0,0.2727272727272727,0.0,1.0,0.358,0.0,0.8,0.40336134453781514,1.0,1.0,1,1.0,1.0,1.0,56.0,66120020.0,0.0,0.75,0.0,0,0,1,0,0,0,0,0,0,0,0,0,0,0,0,0,0,1,0,0,0,0
21.0,0.0,0.0,0.0,0.0,0.0,0.0,0.0,0.0,5.0,0.18181818181818188,0.0,1.0,0.0,0.2222222222222222,0.3333333333333333,0.21008403361344538,0.0,0.0,0,0.0,0.0,1.0,56.0,84430005.0,1.0,0.75,0.0,0,0,1,0,0,0,0,0,0,0,0,1,0,0,0,0,0,0,0,0,0,0
20.0,0.0,1.0,260.0,0.0,30.0,50.0,0.0,0.0,9.0,0.09090909090909083,0.0,1.0,0.358,0.0,1.0,0.5042016806722689,1.0,0.0,1,1.0,1.0,1.0,56.0,84430005.0,1.0,0.75,1.0,0,0,1,0,0,0,0,0,0,0,0,0,0,0,1,0,0,0,0,0,0,0
21.0,0.0,0.0,0.0,0.0,0.0,0.0,0.0,0.0,7.0,0.09090909090909083,0.0,1.0,0.19999999999999998,0.0,0.8,0.5042016806722689,0.0,0.0,1,0.0,1.0,1.0,56.0,83510005.0,0.0,0.75,0.0,0,0,1,0,0,0,0,0,0,0,0,1,0,0,0,0,0,0,0,0,0,0
21.0,0.0,0.0,0.0,0.0,0.0,0.0,0.0,0.0,11.0,0.09090909090909083,0.0,0.0,0.0,0.0,0.0,0.0,0.0,0.0,0,0.0,0.0,1.0,56.0,13210005.0,0.0,0.75,0.0,0,0,1,0,0,0,0,0,0,0,0,0,0,0,0,0,0,1,0,0,0,0
23.0,0.0,1.0,510.0,0.0,28.0,56.0,1.0,1.0,9.0,0.2727272727272727,0.0,0.0,0.0,0.0,0.0,0.0,0.0,0.0,1,1.0,0.0,1.0,56.0,66530005.0,0.0,0.75,0.0,0,0,1,0,0,0,0,0,0,0,0,0,0,0,1,0,0,0,0,0,0,0
25.0,1.0,1.0,0.0,400000.0,20.0,40.0,0.0,0.0,8.0,0.5454545454545452,1.0,0.0,0.0,0.0,0.0,0.0,0.0,0.0,0,0.0,0.0,1.0,56.0,73330105.0,1.0,0.75,0.0,0,0,1,0,0,0,0,0,0,0,0,0,0,1,0,0,0,0,0,0,0,0
25.0,1.0,1.0,408.0,0.0,24.0,48.0,1.0,1.0,11.0,0.45454545454545436,1.0,1.0,0.42,0.0,1.0,0.40336134453781514,1.0,1.0,1,1.0,1.0,1.0,56.0,13210005.0,1.0,0.75,1.0,0,0,1,0,0,0,0,0,0,0,0,0,0,0,0,0,0,1,0,0,0,0
25.0,1.0,0.0,0.0,0.0,0.0,0.0,0.0,0.0,11.0,0.45454545454545436,1.0,0.0,0.0,0.0,0.0,0.0,0.0,0.0,1,0.0,0.0,1.0,56.0,66120020.0,1.0,0.75,1.0,0,0,1,0,0,0,0,0,0,0,0,0,0,0,0,0,0,1,0,0,0,0
25.0,0.0,1.0,381.5,0.0,24.0,48.0,0.0,1.0,3.0,0.5454545454545452,0.0,0.0,0.0,0.0,0.0,0.0,0.0,0.0,0,1.0,0.0,1.0,63.0,13540015.0,0.0,0.75,0.0,0,0,1,0,0,0,0,0,0,1,0,0,0,0,0,0,0,0,0,0,0,0
25.0,1.0,1.0,250.0,0.0,20.0,50.0,0.0,0.0,11.0,0.45454545454545436,1.0,0.0,0.0,0.0,0.0,0.0,0.0,0.0,1,1.0,0.0,1.0,56.0,66210010.0,1.0,0.75,1.0,0,0,1,0,0,0,0,0,0,0,0,1,0,0,0,0,0,0,0,0,0,0
22.0,1.0,1.0,0.0,0.0,12.0,9.0,0.0,0.0,11.0,0.18181818181818188,1.0,1.0,0.128,0.0,0.5333333333333333,0.29411764705882354,0.0,0.0,1,0.0,1.0,1.0,56.0,13210005.0,1.0,0.75,1.0,0,0,1,0,0,0,0,0,0,0,0,0,0,0,0,0,0,1,0,0,0,0
25.0,0.0,0.0,0.0,0.0,0.0,0.0,0.0,0.0,11.0,0.45454545454545436,0.0,0.0,0.0,0.0,0.0,0.0,0.0,0.0,1,0.0,0.0,1.0,56.0,73330105.0,1.0,0.75,1.0,0,0,1,0,0,0,0,0,0,0,0,0,0,0,0,0,0,1,0,0,0,0
22.0,0.0,1.0,600.0,0.0,24.0,72.0,0.0,0.0,4.0,0.18181818181818188,0.0,1.0,0.358,0.0,0.8666666666666667,0.5462184873949579,0.0,0.0,1,1.0,1.0,1.0,56.0,83510005.0,0.0,0.75,0.0,0,0,1,0,0,0,0,0,0,0,0,1,0,0,0,0,0,0,0,0,0,0
22.0,0.0,1.0,400.0,0.0,30.0,48.0,1.0,1.0,11.0,0.18181818181818188,0.0,1.0,0.44,0.0,0.8666666666666667,0.7058823529411764,0.0,0.0,1,1.0,1.0,1.0,56.0,76140010.0,0.0,0.75,0.0,0,0,1,0,0,0,0,0,0,0,0,0,0,0,0,0,0,1,0,0,0,0
26.0,0.0,1.0,100.0,0.0,20.0,72.0,0.0,0.0,6.0,0.5454545454545452,0.0,1.0,0.09999999999999999,0.0,1.0,0.453781512605042,0.0,0.0,1,1.0,1.0,1.0,56.0,73330105.0,1.0,0.75,1.0,0,0,1,0,0,0,0,0,0,0,0,1,0,0,0,0,0,0,0,0,0,0
26.0,1.0,0.0,0.0,0.0,0.0,0.0,0.0,0.0,7.0,0.5454545454545452,1.0,0.0,0.0,0.0,0.0,0.0,0.0,0.0,0,0.0,0.0,1.0,56.0,84430005.0,1.0,0.75,0.0,0,0,1,0,0,0,0,0,0,0,0,0,0,1,0,0,0,0,0,0,0,0
21.0,1.0,1.0,480.0,0.0,24.0,54.0,1.0,1.0,9.0,0.09090909090909083,0.0,1.0,0.44999999999999996,0.0,1.0,0.40336134453781514,1.0,0.0,1,1.0,1.0,1.0,56.0,83510005.0,0.0,0.75,0.0,0,0,1,0,0,0,0,0,0,0,0,0,0,0,0,1,0,0,0,0,0,0
20.0,0.0,1.0,408.0,0.0,30.0,42.0,1.0,1.0,11.0,0.09090909090909083,0.0,0.0,0.0,0.0,0.0,0.0,0.0,0.0,0,1.0,0.0,1.0,56.0,66120020.0,1.0,0.75,0.0,0,0,1,0,0,0,0,0,0,0,0,0,0,0,0,0,0,1,0,0,0,0
26.0,0.0,0.0,0.0,0.0,0.0,0.0,0.0,0.0,11.0,0.5454545454545452,0.0,1.0,0.0,0.08888888888888888,0.8,0.5042016806722689,0.0,0.0,1,0.0,0.0,1.0,56.0,93510030.0,1.0,0.75,1.0,0,0,1,0,0,0,0,0,0,0,0,0,0,0,0,0,0,1,0,0,0,0
22.0,1.0,1.0,200.0,0.0,20.0,48.0,0.0,0.0,11.0,0.2727272727272727,1.0,0.0,0.0,0.0,0.0,0.0,0.0,0.0,0,1.0,0.0,1.0,56.0,13120005.0,1.0,0.75,0.0,0,0,1,0,0,0,0,0,0,0,0,0,0,0,0,0,0,1,0,0,0,0
21.0,1.0,0.0,0.0,0.0,0.0,0.0,0.0,0.0,11.0,0.18181818181818188,0.0,0.0,0.0,0.0,0.0,0.0,0.0,0.0,1,0.0,0.0,1.0,56.0,13120005.0,1.0,0.75,1.0,0,0,1,0,0,0,0,0,0,0,0,0,0,0,0,0,0,1,0,0,0,0
23.0,0.0,0.0,0.0,0.0,0.0,0.0,0.0,0.0,3.0,0.36363636363636354,0.0,0.0,0.0,0.0,0.0,0.0,0.0,0.0,1,0.0,0.0,1.0,56.0,83740020.0,1.0,0.75,1.0,0,0,1,0,0,0,0,0,0,1,0,0,0,0,0,0,0,0,0,0,0,0
22.0,0.0,1.0,408.0,0.0,24.0,48.0,0.0,0.0,5.0,0.18181818181818188,0.0,1.0,0.6,0.0,0.6666666666666666,0.37815126050420167,0.0,0.0,0,1.0,1.0,1.0,56.0,83510005.0,0.0,0.75,0.0,0,0,1,0,0,0,0,0,0,0,0,1,0,0,0,0,0,0,0,0,0,0
22.0,0.0,1.0,0.0,650000.0,24.0,54.0,0.0,0.0,11.0,0.2727272727272727,0.0,1.0,0.25,0.0,0.8,0.40336134453781514,0.0,0.0,1,0.0,1.0,1.0,56.0,66530005.0,0.0,0.75,0.0,0,0,1,0,0,0,0,0,0,0,0,0,0,0,0,0,0,1,0,0,0,0
22.0,1.0,1.0,180.0,0.0,6.0,60.0,0.0,0.0,5.0,0.18181818181818188,1.0,1.0,0.09999999999999999,0.0,1.0,0.12605042016806722,0.0,0.0,1,1.0,1.0,1.0,56.0,66210010.0,1.0,0.75,1.0,0,0,1,0,0,0,0,0,0,0,0,1,0,0,0,0,0,0,0,0,0,0
19.0,1.0,0.0,0.0,0.0,0.0,0.0,0.0,0.0,6.0,0.0,0.0,1.0,0.0,0.0,0.8,0.20168067226890757,0.0,0.0,1,0.0,0.0,1.0,56.0,66110005.0,1.0,0.75,1.0,0,0,1,0,0,0,0,0,0,0,1,0,0,0,0,0,0,0,0,0,0,0
21.0,1.0,1.0,300.0,0.0,30.0,48.0,1.0,1.0,7.0,0.18181818181818188,1.0,0.0,0.0,0.0,0.0,0.0,0.0,0.0,0,1.0,0.0,1.0,56.0,66210010.0,1.0,0.75,0.0,0,0,1,0,0,0,0,0,0,0,0,0,0,1,0,0,0,0,0,0,0,0
19.0,0.0,1.0,408.0,0.0,26.0,48.0,0.0,0.0,5.0,0.0,0.0,1.0,0.08,0.0,0.6666666666666666,0.21008403361344538,0.0,0.0,1,1.0,1.0,1.0,56.0,13210005.0,1.0,0.75,1.0,0,0,1,0,0,0,0,0,0,0,0,0,0,0,0,0,0,1,0,0,0,0
26.0,1.0,1.0,260.0,0.0,24.0,48.0,0.0,0.0,6.0,0.5454545454545452,1.0,1.0,0.19999999999999998,0.0,1.0,0.40336134453781514,0.0,0.0,0,1.0,1.0,1.0,56.0,83510005.0,0.0,0.75,0.0,0,0,1,0,0,0,0,0,0,0,0,0,1,0,0,0,0,0,0,0,0,0
23.0,0.0,1.0,665.0,0.0,24.0,72.0,0.0,0.0,9.0,0.36363636363636354,0.0,1.0,0.24,0.0,0.8,0.40336134453781514,0.0,0.0,0,1.0,1.0,1.0,56.0,66210010.0,0.0,0.75,0.0,0,0,1,0,0,0,0,0,0,0,0,0,0,0,0,1,0,0,0,0,0,0
22.0,0.0,0.0,0.0,0.0,0.0,0.0,0.0,0.0,11.0,0.18181818181818188,0.0,1.0,0.19999999999999998,0.0,0.5,0.5042016806722689,0.0,0.0,1,0.0,1.0,1.0,56.0,13140015.0,1.0,0.75,1.0,0,0,1,0,0,0,0,0,0,0,0,0,0,0,0,0,0,1,0,0,0,0
21.0,0.0,1.0,195.0,0.0,15.0,70.0,0.0,0.0,11.0,0.18181818181818188,0.0,1.0,0.16,0.0,0.6666666666666666,0.40336134453781514,0.0,0.0,1,1.0,1.0,1.0,56.0,13210005.0,0.0,0.75,0.0,0,0,1,0,0,0,0,0,0,0,0,0,0,0,0,0,0,1,0,0,0,0
20.0,0.0,1.0,408.0,0.0,30.0,48.0,0.0,1.0,11.0,0.09090909090909083,0.0,1.0,0.33999999999999997,0.0,0.8,0.5042016806722689,0.0,0.0,1,1.0,1.0,1.0,56.0,13140015.0,1.0,0.75,1.0,0,0,1,0,0,0,0,0,0,0,0,0,0,0,0,0,0,1,0,0,0,0
20.0,1.0,1.0,250.0,0.0,26.0,36.0,0.0,1.0,11.0,0.0,1.0,1.0,0.24,0.0,1.0,0.3025210084033613,0.0,0.0,1,1.0,1.0,1.0,56.0,13120005.0,1.0,0.75,1.0,0,0,1,0,0,0,0,0,0,0,0,0,0,0,0,0,0,1,0,0,0,0
25.0,0.0,1.0,408.0,0.0,20.0,50.0,0.0,0.0,11.0,0.45454545454545436,0.0,1.0,0.0,0.2511111111111111,0.5333333333333333,0.2689075630252101,0.0,0.0,1,1.0,0.0,1.0,56.0,83740020.0,0.0,0.75,0.0,0,0,1,0,0,0,0,0,0,0,0,0,0,0,1,0,0,0,0,0,0,0
22.0,0.0,1.0,0.0,5000.0,30.0,72.0,0.0,0.0,11.0,0.2727272727272727,0.0,0.0,0.0,0.0,0.0,0.0,0.0,0.0,0,0.0,0.0,1.0,56.0,93510030.0,1.0,0.75,0.0,0,0,1,0,0,0,0,0,0,0,0,0,0,0,0,0,0,1,0,0,0,0
22.0,1.0,0.0,0.0,0.0,0.0,0.0,0.0,0.0,11.0,0.2727272727272727,1.0,0.0,0.0,0.0,0.0,0.0,0.0,0.0,1,0.0,0.0,1.0,56.0,93510030.0,1.0,0.75,1.0,0,0,1,0,0,0,0,0,0,0,0,0,0,0,0,1,0,0,0,0,0,0
26.0,1.0,1.0,200.0,0.0,24.0,72.0,0.0,0.0,6.0,0.6363636363636365,1.0,0.0,0.0,0.0,0.0,0.0,0.0,0.0,1,1.0,0.0,1.0,56.0,66210010.0,1.0,0.75,1.0,0,0,1,0,0,0,0,0,0,0,0,0,0,0,1,0,0,0,0,0,0,0
22.0,0.0,1.0,381.5,0.0,26.0,48.0,0.0,0.0,11.0,0.18181818181818188,0.0,0.0,0.0,0.0,0.0,0.0,0.0,0.0,1,1.0,0.0,1.0,56.0,76140010.0,0.0,0.75,0.0,0,0,1,0,0,0,0,0,0,0,0,0,0,0,0,0,1,0,0,0,0,0
22.0,1.0,1.0,600.0,0.0,20.0,40.0,1.0,1.0,11.0,0.18181818181818188,0.0,1.0,0.39999999999999997,0.0,1.0,0.5882352941176471,0.0,0.0,1,1.0,1.0,1.0,56.0,13210005.0,0.0,0.75,0.0,0,0,1,0,0,0,0,0,0,0,0,0,0,0,0,0,0,1,0,0,0,0
23.0,0.0,0.0,0.0,0.0,0.0,0.0,0.0,0.0,11.0,0.2727272727272727,1.0,0.0,0.0,0.0,0.0,0.0,0.0,0.0,0,0.0,0.0,1.0,56.0,13210005.0,1.0,0.75,0.0,0,0,1,0,0,0,0,0,0,0,0,0,0,0,0,0,0,1,0,0,0,0
26.0,0.0,1.0,250.0,0.0,24.0,48.0,0.0,0.0,7.0,0.5454545454545452,1.0,1.0,0.0,0.0,0.26666666666666666,0.06722689075630252,0.0,0.0,1,1.0,0.0,1.0,56.0,66110005.0,1.0,0.75,1.0,0,0,1,0,0,0,0,0,0,0,0,0,1,0,0,0,0,0,0,0,0,0
26.0,0.0,1.0,408.0,0.0,25.0,48.0,1.0,1.0,11.0,0.6363636363636365,0.0,1.0,0.0,0.16666666666666666,1.0,0.453781512605042,0.0,0.0,1,1.0,0.0,1.0,56.0,83740020.0,0.0,0.75,0.0,0,0,1,0,0,0,0,0,0,0,0,0,0,0,0,0,0,1,0,0,0,0
26.0,0.0,1.0,100.0,0.0,26.0,72.0,0.0,0.0,11.0,0.5454545454545452,1.0,0.0,0.0,0.0,0.0,0.0,0.0,0.0,0,1.0,0.0,1.0,56.0,93510030.0,1.0,0.75,0.0,0,0,1,0,0,0,0,0,0,0,0,0,0,0,0,0,0,1,0,0,0,0
24.0,0.0,1.0,150.0,0.0,24.0,60.0,0.0,0.0,2.0,0.36363636363636354,0.0,1.0,0.13,0.0,0.8,0.5546218487394958,0.0,0.0,0,1.0,1.0,1.0,56.0,76140010.0,1.0,0.75,0.0,0,0,1,0,0,0,0,0,1,0,0,0,0,0,0,0,0,0,0,0,0,0
24.0,0.0,1.0,408.0,0.0,30.0,63.0,0.0,1.0,9.0,0.45454545454545436,0.0,1.0,0.39999999999999997,0.0,0.9666666666666667,0.5882352941176471,0.0,0.0,0,1.0,1.0,1.0,56.0,66110005.0,1.0,0.75,0.0,0,0,1,0,0,0,0,0,0,0,0,0,0,0,0,1,0,0,0,0,0,0
26.0,0.0,1.0,140.0,0.0,24.0,60.0,0.0,0.0,5.0,0.6363636363636365,0.0,1.0,0.36,0.0,0.8,0.42016806722689076,0.0,0.0,0,1.0,1.0,1.0,56.0,66210010.0,1.0,0.75,0.0,0,0,1,0,0,0,0,0,0,0,0,1,0,0,0,0,0,0,0,0,0,0
24.0,0.0,1.0,408.0,0.0,25.0,48.0,0.0,1.0,11.0,0.36363636363636354,0.0,1.0,0.25,0.0,0.8,0.40336134453781514,0.0,0.0,0,1.0,1.0,1.0,56.0,13210005.0,1.0,0.75,0.0,0,0,1,0,0,0,0,0,0,0,0,0,0,0,0,0,0,1,0,0,0,0
21.0,0.0,1.0,0.0,0.0,30.0,48.0,1.0,1.0,11.0,0.09090909090909083,0.0,0.0,0.0,0.0,0.0,0.0,0.0,0.0,1,0.0,0.0,1.0,56.0,66120020.0,0.0,0.75,0.0,0,0,1,0,0,0,0,0,0,0,0,0,0,0,0,0,0,1,0,0,0,0
24.0,1.0,1.0,381.5,0.0,30.0,48.0,0.0,0.0,6.0,0.36363636363636354,1.0,1.0,0.06999999999999999,0.0,1.0,0.5882352941176471,0.0,0.0,1,1.0,1.0,1.0,56.0,93510030.0,1.0,0.75,1.0,0,0,1,0,0,0,0,0,0,0,0,0,1,0,0,0,0,0,0,0,0,0
24.0,1.0,1.0,450.0,0.0,26.0,92.0,0.0,1.0,11.0,0.45454545454545436,1.0,1.0,0.27999999999999997,0.0,0.8,0.42016806722689076,0.0,0.0,0,1.0,1.0,1.0,56.0,66120020.0,0.0,0.75,0.0,0,0,1,0,0,0,0,0,0,0,0,0,0,0,0,0,0,1,0,0,0,0
25.0,1.0,0.0,0.0,0.0,0.0,0.0,0.0,0.0,11.0,0.45454545454545436,1.0,1.0,0.06999999999999999,0.0,0.5,0.7563025210084033,0.0,0.0,1,0.0,1.0,1.0,56.0,84430005.0,1.0,0.75,1.0,0,0,1,0,0,0,0,0,0,0,0,0,0,0,1,0,0,0,0,0,0,0
20.0,0.0,1.0,250.0,0.0,20.0,60.0,0.0,0.0,11.0,0.09090909090909083,0.0,0.0,0.0,0.0,0.0,0.0,0.0,0.0,0,1.0,0.0,1.0,56.0,73330105.0,1.0,0.75,0.0,0,0,1,0,0,0,0,0,0,0,0,0,0,0,0,0,0,1,0,0,0,0
23.0,1.0,1.0,408.0,0.0,26.0,48.0,1.0,1.0,11.0,0.36363636363636354,1.0,0.0,0.0,0.0,0.0,0.0,0.0,0.0,1,1.0,0.0,1.0,56.0,13120005.0,1.0,0.75,1.0,0,0,1,0,0,0,0,0,0,0,0,0,0,0,0,0,0,1,0,0,0,0
21.0,0.0,1.0,408.0,0.0,30.0,50.0,0.0,0.0,11.0,0.09090909090909083,0.0,1.0,0.35,0.0,1.0,0.47058823529411764,0.0,0.0,1,1.0,1.0,1.0,56.0,66120020.0,0.0,0.75,0.0,0,0,1,0,0,0,0,0,0,0,0,0,0,0,0,0,0,1,0,0,0,0
22.0,0.0,1.0,300.0,0.0,28.0,77.0,0.0,0.0,9.0,0.2727272727272727,1.0,1.0,0.12,0.0,1.0,0.37815126050420167,0.0,0.0,1,1.0,1.0,1.0,56.0,66110005.0,1.0,0.75,1.0,0,0,1,0,0,0,0,0,0,0,0,0,0,0,1,0,0,0,0,0,0,0
23.0,1.0,1.0,250.0,0.0,6.0,24.0,0.0,0.0,11.0,0.36363636363636354,1.0,1.0,0.0,0.1111111111111111,1.0,0.3529411764705882,0.0,0.0,1,1.0,0.0,1.0,56.0,66120020.0,1.0,0.75,1.0,0,0,1,0,0,0,0,0,0,0,0,0,0,0,0,0,0,1,0,0,0,0
23.0,1.0,1.0,200.0,0.0,30.0,56.0,0.0,0.0,11.0,0.36363636363636354,0.0,0.0,0.0,0.0,0.0,0.0,0.0,0.0,0,1.0,0.0,1.0,56.0,66120020.0,1.0,0.75,0.0,0,0,1,0,0,0,0,0,0,0,0,0,0,0,0,0,0,1,0,0,0,0
23.0,1.0,1.0,250.0,0.0,26.0,89.0,0.0,0.0,6.0,0.2727272727272727,0.0,0.0,0.0,0.0,0.0,0.0,0.0,0.0,0,1.0,0.0,1.0,56.0,66210010.0,1.0,0.75,0.0,0,0,1,0,0,0,0,0,0,0,0,0,1,0,0,0,0,0,0,0,0,0
25.0,0.0,1.0,0.0,50000.0,20.0,20.0,0.0,0.0,11.0,0.5454545454545452,0.0,1.0,0.0,0.5555555555555555,0.6666666666666666,0.1680672268907563,0.0,0.0,1,0.0,0.0,1.0,56.0,66110005.0,1.0,0.75,1.0,0,0,1,0,0,0,0,0,0,0,0,0,0,0,0,0,0,1,0,0,0,0
26.0,1.0,1.0,320.0,0.0,24.0,84.0,0.0,0.0,9.0,0.6363636363636365,0.0,1.0,0.358,0.0,0.8,0.40336134453781514,0.0,0.0,1,1.0,1.0,1.0,56.0,73330105.0,1.0,0.75,1.0,0,0,1,0,0,0,0,0,0,0,0,0,0,1,0,0,0,0,0,0,0,0
23.0,0.0,1.0,160.0,0.0,24.0,30.0,0.0,0.0,10.0,0.2727272727272727,0.0,1.0,0.0,0.41666666666666663,1.0,0.11764705882352941,0.0,0.0,0,1.0,0.0,1.0,56.0,84430005.0,1.0,0.75,0.0,0,0,1,0,0,0,0,0,0,0,0,0,0,1,0,0,0,0,0,0,0,0
22.0,1.0,1.0,0.0,100000.0,20.0,40.0,0.0,0.0,11.0,0.2727272727272727,1.0,1.0,0.0,0.49999999999999994,0.8,0.3025210084033613,0.0,0.0,1,0.0,0.0,1.0,57.0,63240035.0,1.0,0.7692308,1.0,0,0,1,0,0,0,0,0,0,0,0,0,0,0,0,0,0,1,0,0,0,0
23.0,0.0,0.0,0.0,0.0,0.0,0.0,0.0,0.0,11.0,0.2727272727272727,0.0,1.0,0.19999999999999998,0.0,1.0,0.6470588235294117,0.0,0.0,1,0.0,1.0,1.0,57.0,63240035.0,0.0,0.7692308,0.0,0,0,1,0,0,0,0,0,0,0,0,0,0,0,0,0,0,1,0,0,0,0
19.0,0.0,1.0,100.0,0.0,26.0,24.0,0.0,0.0,11.0,0.0,0.0,1.0,0.0,0.0,1.0,0.4117647058823529,0.0,0.0,0,1.0,0.0,1.0,57.0,63240035.0,1.0,0.7692308,0.0,0,0,1,0,0,0,0,0,0,0,0,0,0,0,0,0,1,0,0,0,0,0
22.0,0.0,0.0,0.0,0.0,0.0,0.0,0.0,0.0,11.0,0.2727272727272727,0.0,0.0,0.0,0.0,0.0,0.0,0.0,0.0,0,0.0,0.0,1.0,57.0,63240035.0,1.0,0.7692308,0.0,0,0,1,0,0,0,0,0,0,0,0,0,0,0,0,0,0,1,0,0,0,0
27.0,1.0,1.0,550.0,0.0,24.0,48.0,1.0,1.0,11.0,0.7272727272727273,1.0,1.0,0.3815,0.0,0.8,0.40336134453781514,1.0,1.0,1,1.0,1.0,1.0,57.0,63240035.0,1.0,0.7692308,1.0,0,0,1,0,0,0,0,0,0,0,0,0,0,0,0,0,0,1,0,0,0,0
25.0,0.0,1.0,0.0,0.0,30.0,48.0,0.0,0.0,11.0,0.45454545454545436,0.0,1.0,0.0,0.3333333333333333,1.0,0.5882352941176471,0.0,0.0,1,0.0,0.0,1.0,58.0,13710005.0,1.0,0.7522124,1.0,0,0,1,0,0,0,0,0,0,0,0,0,0,0,0,0,0,1,0,0,0,0
23.0,0.0,1.0,250.0,0.0,24.0,78.0,0.0,0.0,9.0,0.36363636363636354,0.0,1.0,0.12,0.0,0.8,0.6050420168067226,0.0,0.0,0,1.0,1.0,1.0,58.0,63110220.0,1.0,0.7522124,0.0,0,0,1,0,0,0,0,0,0,0,0,0,0,0,0,0,1,0,0,0,0,0
20.0,0.0,1.0,145.0,0.0,26.0,48.0,0.0,1.0,9.0,0.09090909090909083,0.0,0.0,0.0,0.0,0.0,0.0,0.0,0.0,1,1.0,0.0,1.0,58.0,63110220.0,1.0,0.7522124,1.0,0,0,1,0,0,0,0,0,0,0,0,0,0,0,0,0,0,1,0,0,0,0
21.0,0.0,0.0,0.0,0.0,0.0,0.0,0.0,0.0,9.0,0.09090909090909083,0.0,1.0,0.45499999999999996,0.0,0.8,0.5882352941176471,0.0,0.0,1,0.0,1.0,1.0,58.0,13710005.0,0.0,0.7522124,0.0,0,0,1,0,0,0,0,0,0,0,0,0,0,0,0,1,0,0,0,0,0,0
22.0,0.0,1.0,0.0,50000.0,26.0,60.0,0.0,0.0,11.0,0.18181818181818188,0.0,1.0,0.25,0.0,1.0,0.47058823529411764,0.0,0.0,1,0.0,1.0,1.0,58.0,13710005.0,1.0,0.7522124,1.0,0,0,1,0,0,0,0,0,0,0,0,0,0,0,0,0,0,1,0,0,0,0
21.0,1.0,1.0,0.0,300000.0,24.0,60.0,0.0,0.0,8.0,0.18181818181818188,1.0,1.0,0.15,0.0,1.0,0.5882352941176471,0.0,0.0,1,0.0,1.0,1.0,58.0,63110220.0,1.0,0.7522124,1.0,0,0,1,0,0,0,0,0,0,0,0,0,0,0,0,1,0,0,0,0,0,0
20.0,0.0,1.0,460.0,0.0,30.0,45.0,1.0,1.0,11.0,0.0,0.0,0.0,0.0,0.0,0.0,0.0,0.0,0.0,1,1.0,0.0,1.0,58.0,13710005.0,0.0,0.7522124,0.0,0,0,1,0,0,0,0,0,0,0,0,0,0,0,0,0,0,1,0,0,0,0
21.0,0.0,1.0,250.0,0.0,26.0,48.0,0.0,0.0,11.0,0.09090909090909083,0.0,0.0,0.0,0.0,0.0,0.0,0.0,0.0,0,1.0,0.0,1.0,58.0,13710005.0,0.0,0.7522124,0.0,0,0,1,0,0,0,0,0,0,0,0,0,0,0,0,0,0,1,0,0,0,0
22.0,1.0,1.0,0.0,70000.0,26.0,30.0,0.0,0.0,5.0,0.5454545454545452,1.0,1.0,0.0,0.21333333333333332,0.8,0.3529411764705882,0.0,0.0,1,0.0,0.0,1.0,58.0,63110220.0,0.0,0.7522124,0.0,0,0,1,0,0,0,0,0,0,0,0,0,1,0,0,0,0,0,0,0,0,0
25.0,1.0,0.0,0.0,0.0,0.0,0.0,0.0,0.0,11.0,0.5454545454545452,0.0,1.0,0.19999999999999998,0.0,0.9,0.7058823529411764,1.0,0.0,1,0.0,1.0,1.0,58.0,13710005.0,1.0,0.7522124,1.0,0,0,1,0,0,0,0,0,0,0,0,0,0,0,0,0,0,1,0,0,0,0
25.0,0.0,1.0,380.0,0.0,30.0,84.0,0.0,0.0,9.0,0.45454545454545436,0.0,1.0,0.358,0.0,0.9333333333333333,0.40336134453781514,0.0,0.0,0,1.0,1.0,1.0,58.0,13710005.0,0.0,0.7522124,0.0,0,0,1,0,0,0,0,0,0,0,0,0,1,0,0,0,0,0,0,0,0,0
20.0,0.0,1.0,720.0,0.0,30.0,112.0,0.0,1.0,11.0,0.09090909090909083,0.0,0.0,0.0,0.0,0.0,0.0,0.0,0.0,0,1.0,0.0,1.0,58.0,63110220.0,1.0,0.7522124,0.0,0,0,1,0,0,0,0,0,0,0,0,0,0,0,0,0,0,1,0,0,0,0
23.0,0.0,1.0,408.0,0.0,24.0,48.0,0.0,0.0,11.0,0.36363636363636354,0.0,1.0,0.298,0.0,0.8,0.3025210084033613,1.0,1.0,1,1.0,1.0,1.0,58.0,13710005.0,0.0,0.7522124,0.0,0,0,1,0,0,0,0,0,0,0,0,0,0,0,0,0,0,1,0,0,0,0
25.0,0.0,1.0,0.0,50000.0,20.0,30.0,0.0,0.0,11.0,0.45454545454545436,0.0,0.0,0.0,0.0,0.0,0.0,0.0,0.0,1,0.0,0.0,1.0,58.0,13710005.0,1.0,0.7522124,1.0,0,0,1,0,0,0,0,0,0,0,0,0,0,0,0,0,0,1,0,0,0,0
21.0,0.0,1.0,381.5,0.0,30.0,48.0,0.0,0.0,11.0,0.09090909090909083,0.0,0.0,0.0,0.0,0.0,0.0,0.0,0.0,1,1.0,0.0,1.0,58.0,63110220.0,0.0,0.7522124,0.0,0,0,1,0,0,0,0,0,0,0,0,0,0,0,0,0,0,1,0,0,0,0
27.0,1.0,1.0,381.5,0.0,30.0,80.0,0.0,1.0,8.0,0.6363636363636365,1.0,1.0,0.22,0.0,0.6666666666666666,0.3361344537815126,0.0,0.0,0,1.0,1.0,1.0,58.0,13710005.0,1.0,0.7522124,0.0,0,0,1,0,0,0,0,0,0,0,0,0,0,1,0,0,0,0,0,0,0,0
25.0,1.0,1.0,408.0,0.0,30.0,84.0,1.0,1.0,10.0,0.5454545454545452,1.0,1.0,0.3815,0.0,0.9666666666666667,0.6470588235294117,1.0,1.0,0,1.0,1.0,1.0,59.0,63240050.0,1.0,0.82539684,0.0,0,0,1,0,0,0,0,0,0,0,0,0,0,0,0,0,0,1,0,0,0,0
21.0,1.0,0.0,0.0,0.0,0.0,0.0,0.0,0.0,11.0,0.18181818181818188,1.0,1.0,0.27999999999999997,0.0,0.9333333333333333,0.7647058823529411,0.0,0.0,0,0.0,1.0,1.0,59.0,63240050.0,1.0,0.82539684,0.0,0,0,1,0,0,0,0,0,0,0,0,0,0,0,0,0,0,1,0,0,0,0
24.0,0.0,0.0,0.0,0.0,0.0,0.0,0.0,0.0,11.0,0.36363636363636354,0.0,0.0,0.0,0.0,0.0,0.0,0.0,0.0,1,0.0,0.0,1.0,59.0,63240050.0,1.0,0.82539684,1.0,0,0,1,0,0,0,0,0,0,0,0,0,0,0,0,0,0,1,0,0,0,0
24.0,0.0,1.0,0.0,160000.0,16.0,32.0,0.0,0.0,9.0,0.45454545454545436,0.0,1.0,0.0,0.26666666666666666,0.8,0.3025210084033613,0.0,0.0,1,0.0,0.0,1.0,59.0,63240050.0,1.0,0.82539684,1.0,0,0,1,0,0,0,0,0,0,0,0,0,0,0,0,1,0,0,0,0,0,0
27.0,0.0,1.0,408.0,0.0,30.0,40.0,1.0,1.0,11.0,0.6363636363636365,0.0,0.0,0.0,0.0,0.0,0.0,0.0,0.0,1,1.0,0.0,1.0,59.0,63240050.0,0.0,0.82539684,0.0,0,0,1,0,0,0,0,0,0,0,0,0,0,0,0,0,0,1,0,0,0,0
22.0,0.0,1.0,381.5,0.0,15.0,54.0,1.0,0.0,11.0,0.18181818181818188,0.0,1.0,0.09,0.0,0.8,0.40336134453781514,0.0,0.0,1,1.0,1.0,1.0,59.0,63240050.0,1.0,0.82539684,1.0,0,0,1,0,0,0,0,0,0,0,0,0,0,0,0,0,0,1,0,0,0,0
25.0,1.0,0.0,0.0,0.0,0.0,0.0,0.0,0.0,7.0,0.5454545454545452,1.0,1.0,0.06,0.0,0.8,0.3529411764705882,0.0,0.0,1,0.0,1.0,1.0,60.0,23220010.0,1.0,0.0,1.0,0,0,1,0,0,0,0,0,0,0,0,0,0,1,0,0,0,0,0,0,0,0
19.0,0.0,1.0,150.0,0.0,16.0,40.0,0.0,0.0,11.0,0.0,0.0,0.0,0.0,0.0,0.0,0.0,0.0,0.0,1,1.0,0.0,1.0,60.0,23220010.0,1.0,0.0,1.0,0,0,1,0,0,0,0,0,0,0,0,0,0,0,0,0,0,1,0,0,0,0
24.0,0.0,1.0,180.0,0.0,12.0,40.0,0.0,0.0,9.0,0.45454545454545436,0.0,1.0,0.0,0.2222222222222222,0.8666666666666667,0.6050420168067226,0.0,0.0,1,1.0,0.0,1.0,60.0,23220010.0,0.0,0.0,0.0,0,0,1,0,0,0,0,0,0,0,0,0,0,1,0,0,0,0,0,0,0,0
23.0,1.0,0.0,0.0,0.0,0.0,0.0,0.0,0.0,9.0,0.2727272727272727,0.0,1.0,0.19999999999999998,0.0,0.8,0.6050420168067226,0.0,0.0,1,0.0,1.0,1.0,60.0,23220010.0,1.0,0.0,1.0,0,0,1,0,0,0,0,0,0,0,0,0,0,0,0,1,0,0,0,0,0,0
25.0,0.0,0.0,0.0,0.0,0.0,0.0,0.0,0.0,11.0,0.45454545454545436,0.0,0.0,0.0,0.0,0.0,0.0,0.0,0.0,0,0.0,0.0,1.0,62.0,13710005.0,0.0,0.0,0.0,0,0,1,0,0,0,0,0,0,0,0,0,0,0,0,0,0,1,0,0,0,0
25.0,0.0,1.0,408.0,0.0,30.0,48.0,0.0,1.0,11.0,0.45454545454545436,0.0,1.0,0.32,0.0,0.8,0.5210084033613445,0.0,0.0,1,1.0,1.0,1.0,62.0,13710025.0,0.0,0.0,0.0,0,0,1,0,0,0,0,0,0,0,0,0,0,0,0,0,0,1,0,0,0,0
26.0,1.0,0.0,0.0,0.0,0.0,0.0,0.0,0.0,11.0,0.6363636363636365,1.0,0.0,0.0,0.0,0.0,0.0,0.0,0.0,1,0.0,0.0,1.0,62.0,63240050.0,1.0,0.0,1.0,0,0,1,0,0,0,0,0,0,0,0,0,0,0,0,0,0,1,0,0,0,0
20.0,0.0,1.0,300.0,0.0,24.0,60.0,0.0,0.0,11.0,0.09090909090909083,0.0,1.0,0.24,0.0,0.8,0.37815126050420167,0.0,0.0,0,1.0,1.0,1.0,62.0,13710025.0,0.0,0.0,0.0,0,0,1,0,0,0,0,0,0,0,0,0,0,0,0,0,0,1,0,0,0,0
21.0,0.0,0.0,0.0,0.0,0.0,0.0,0.0,0.0,11.0,0.09090909090909083,0.0,1.0,0.24,0.0,1.0,0.42016806722689076,0.0,0.0,1,0.0,1.0,1.0,62.0,13310015.0,1.0,0.0,1.0,0,0,1,0,0,0,0,0,0,0,0,0,0,0,0,0,0,1,0,0,0,0
24.0,0.0,0.0,0.0,0.0,0.0,0.0,0.0,0.0,8.0,0.45454545454545436,0.0,1.0,0.06,0.0,0.4,0.2689075630252101,0.0,0.0,1,0.0,1.0,1.0,62.0,13710005.0,0.0,0.0,0.0,0,0,1,0,0,0,0,0,0,0,0,0,0,1,0,0,0,0,0,0,0,0
20.0,0.0,1.0,140.0,0.0,24.0,36.0,0.0,0.0,11.0,0.0,0.0,1.0,0.19999999999999998,0.0,0.8,0.40336134453781514,0.0,0.0,0,1.0,1.0,1.0,62.0,13410130.0,1.0,0.0,0.0,0,0,1,0,0,0,0,0,0,0,0,0,0,0,0,0,0,1,0,0,0,0
23.0,0.0,1.0,280.0,0.0,20.0,40.0,0.0,0.0,11.0,0.36363636363636354,0.0,1.0,0.39999999999999997,0.0,0.8,0.5042016806722689,0.0,0.0,0,1.0,1.0,1.0,62.0,13530010.0,1.0,0.0,0.0,0,0,1,0,0,0,0,0,0,0,0,0,0,0,0,0,0,1,0,0,0,0
22.0,0.0,0.0,0.0,0.0,0.0,0.0,0.0,0.0,7.0,0.18181818181818188,0.0,1.0,0.39999999999999997,0.0,1.0,0.40336134453781514,0.0,0.0,1,0.0,1.0,1.0,62.0,13710005.0,0.0,0.0,0.0,0,0,1,0,0,0,0,0,0,0,0,0,1,0,0,0,0,0,0,0,0,0
23.0,1.0,1.0,400.0,0.0,26.0,48.0,1.0,1.0,11.0,0.36363636363636354,0.0,1.0,0.358,0.0,1.0,0.6722689075630252,0.0,0.0,1,1.0,1.0,1.0,62.0,13410130.0,1.0,0.0,1.0,0,0,1,0,0,0,0,0,0,0,0,0,0,0,0,0,0,1,0,0,0,0
22.0,1.0,1.0,400.0,0.0,20.0,50.0,0.0,0.0,11.0,0.2727272727272727,1.0,1.0,0.32,0.0,0.8,0.40336134453781514,0.0,0.0,0,1.0,1.0,1.0,62.0,93510005.0,1.0,0.0,0.0,0,0,1,0,0,0,0,0,0,0,0,0,0,1,0,0,0,0,0,0,0,0
20.0,0.0,1.0,600.0,0.0,24.0,48.0,1.0,1.0,11.0,0.0,0.0,1.0,0.39999999999999997,0.0,0.8,0.5042016806722689,0.0,0.0,1,1.0,1.0,1.0,62.0,13310015.0,0.0,0.0,0.0,0,0,1,0,0,0,0,0,0,0,0,0,0,0,0,0,0,1,0,0,0,0
24.0,1.0,1.0,230.0,0.0,12.0,24.0,0.0,1.0,5.0,0.45454545454545436,1.0,1.0,0.09,0.0,0.8,0.20168067226890757,0.0,0.0,0,1.0,1.0,1.0,62.0,93510005.0,1.0,0.0,0.0,0,0,1,0,0,0,0,0,0,0,0,0,1,0,0,0,0,0,0,0,0,0
21.0,0.0,1.0,408.0,0.0,30.0,48.0,1.0,0.0,11.0,0.18181818181818188,0.0,1.0,0.0,0.27777777777777773,0.5,0.48739495798319327,0.0,0.0,1,1.0,0.0,1.0,62.0,13710025.0,0.0,0.0,0.0,0,0,1,0,0,0,0,0,0,0,0,0,0,0,0,0,0,1,0,0,0,0
20.0,0.0,1.0,408.0,0.0,24.0,48.0,1.0,1.0,5.0,0.0,0.0,0.0,0.0,0.0,0.0,0.0,0.0,0.0,1,1.0,0.0,1.0,62.0,13710005.0,0.0,0.0,0.0,0,0,1,0,0,0,0,0,0,0,0,0,0,0,0,0,0,1,0,0,0,0
21.0,0.0,1.0,550.0,0.0,30.0,72.0,0.0,0.0,11.0,0.18181818181818188,1.0,1.0,0.0,0.0,0.6666666666666666,0.14285714285714285,0.0,0.0,1,1.0,0.0,1.0,62.0,13530010.0,1.0,0.0,1.0,0,0,1,0,0,0,0,0,0,0,0,0,0,0,0,0,0,1,0,0,0,0
21.0,0.0,1.0,408.0,0.0,10.0,0.0,0.0,0.0,7.0,0.09090909090909083,1.0,1.0,0.0,0.3333333333333333,1.0,0.5042016806722689,0.0,0.0,0,1.0,0.0,1.0,62.0,13410130.0,1.0,0.0,0.0,0,0,1,0,0,0,0,0,0,0,0,0,0,1,0,0,0,0,0,0,0,0
20.0,0.0,1.0,400.0,0.0,30.0,74.0,0.0,0.0,11.0,0.09090909090909083,0.0,1.0,0.12,0.0,0.8,0.5882352941176471,0.0,0.0,0,1.0,1.0,1.0,62.0,13310015.0,1.0,0.0,0.0,0,0,1,0,0,0,0,0,0,0,0,0,0,0,0,0,0,1,0,0,0,0
23.0,0.0,1.0,300.0,0.0,30.0,48.0,0.0,0.0,11.0,0.2727272727272727,0.0,0.0,0.0,0.0,0.0,0.0,0.0,0.0,1,1.0,0.0,1.0,62.0,66410205.0,0.0,0.0,0.0,0,0,1,0,0,0,0,0,0,0,0,0,0,0,0,0,0,1,0,0,0,0
24.0,1.0,1.0,508.0,0.0,7.0,56.0,1.0,1.0,11.0,0.45454545454545436,0.0,1.0,0.19999999999999998,0.0,0.8,0.42016806722689076,0.0,0.0,1,1.0,1.0,1.0,62.0,13710025.0,0.0,0.0,0.0,0,0,1,0,0,0,0,0,0,0,0,0,0,0,0,0,0,1,0,0,0,0
25.0,0.0,1.0,300.0,0.0,24.0,50.0,0.0,0.0,9.0,0.5454545454545452,0.0,0.0,0.0,0.0,0.0,0.0,0.0,0.0,0,1.0,0.0,1.0,62.0,13530010.0,1.0,0.0,0.0,0,0,1,0,0,0,0,0,0,0,0,0,0,0,0,1,0,0,0,0,0,0
25.0,0.0,0.0,0.0,0.0,0.0,0.0,0.0,0.0,11.0,0.45454545454545436,0.0,0.0,0.0,0.0,0.0,0.0,0.0,0.0,0,0.0,0.0,1.0,62.0,13710025.0,0.0,0.0,0.0,0,0,1,0,0,0,0,0,0,0,0,0,0,0,0,0,0,0,0,1,0,0
25.0,0.0,1.0,408.0,0.0,26.0,48.0,0.0,0.0,11.0,0.45454545454545436,0.0,1.0,0.0,0.1111111111111111,0.8,0.453781512605042,0.0,0.0,1,1.0,0.0,1.0,62.0,93510005.0,1.0,0.0,1.0,0,0,1,0,0,0,0,0,0,0,0,0,0,0,0,0,1,0,0,0,0,0
20.0,0.0,1.0,408.0,0.0,28.0,48.0,1.0,1.0,11.0,0.0,0.0,1.0,0.0,0.19999999999999998,1.0,0.29411764705882354,0.0,0.0,1,1.0,0.0,1.0,62.0,13710025.0,0.0,0.0,0.0,0,0,1,0,0,0,0,0,0,0,0,0,0,0,0,0,0,1,0,0,0,0
23.0,1.0,1.0,408.0,0.0,24.0,60.0,1.0,1.0,5.0,0.36363636363636354,1.0,1.0,0.3,0.0,0.8,0.7058823529411764,0.0,0.0,1,1.0,1.0,1.0,62.0,13710005.0,0.0,0.0,0.0,0,0,1,0,0,0,0,0,0,0,0,1,0,0,0,0,0,0,0,0,0,0
26.0,0.0,1.0,200.0,0.0,24.0,48.0,1.0,0.0,11.0,0.5454545454545452,0.0,0.0,0.0,0.0,0.0,0.0,0.0,0.0,0,1.0,0.0,1.0,62.0,13410130.0,1.0,0.0,0.0,0,0,1,0,0,0,0,0,0,0,0,0,0,0,0,0,0,1,0,0,0,0
21.0,0.0,1.0,408.0,0.0,25.0,40.0,0.0,0.0,11.0,0.09090909090909083,0.0,1.0,0.19999999999999998,0.0,0.8,0.5882352941176471,0.0,0.0,1,1.0,1.0,1.0,62.0,63240050.0,1.0,0.0,1.0,0,0,1,0,0,0,0,0,0,0,0,0,0,0,0,0,0,1,0,0,0,0
20.0,0.0,1.0,360.0,0.0,16.0,48.0,1.0,1.0,9.0,0.0,0.0,1.0,0.0,0.06666666666666667,1.0,0.058823529411764705,0.0,0.0,1,1.0,0.0,1.0,62.0,13410130.0,1.0,0.0,1.0,0,0,1,0,0,0,0,0,0,0,0,0,0,1,0,0,0,0,0,0,0,0
22.0,0.0,1.0,320.0,0.0,30.0,77.0,0.0,0.0,11.0,0.2727272727272727,0.0,1.0,0.08,0.0,0.8,0.6050420168067226,0.0,0.0,1,1.0,1.0,1.0,62.0,93510005.0,1.0,0.0,1.0,0,0,1,0,0,0,0,0,0,0,0,0,0,0,0,0,0,1,0,0,0,0
22.0,0.0,0.0,0.0,0.0,0.0,0.0,0.0,0.0,11.0,0.2727272727272727,0.0,1.0,0.03,0.0,0.06666666666666667,0.06722689075630252,0.0,0.0,1,0.0,1.0,1.0,62.0,13310015.0,0.0,0.0,0.0,0,0,1,0,0,0,0,0,0,0,0,0,0,0,0,0,0,1,0,0,0,0
25.0,1.0,0.0,0.0,0.0,0.0,0.0,0.0,0.0,7.0,0.5454545454545452,0.0,0.0,0.0,0.0,0.0,0.0,0.0,0.0,0,0.0,0.0,1.0,62.0,93510005.0,1.0,0.0,0.0,0,0,1,0,0,0,0,0,0,0,0,0,0,1,0,0,0,0,0,0,0,0
23.0,0.0,1.0,460.0,0.0,25.0,84.0,0.0,0.0,8.0,0.36363636363636354,0.0,1.0,0.3,0.0,0.8,0.6554621848739496,0.0,0.0,1,1.0,1.0,1.0,63.0,13530005.0,0.0,0.0,0.0,0,0,1,0,0,0,0,0,0,0,0,0,0,0,0,1,0,0,0,0,0,0
22.0,0.0,1.0,320.0,0.0,7.0,73.0,0.0,0.0,11.0,0.2727272727272727,0.0,1.0,0.36,0.0,0.8,0.4621848739495798,1.0,1.0,1,1.0,1.0,1.0,63.0,63220220.0,0.0,0.0,0.0,0,0,1,0,0,0,0,0,0,0,0,0,0,0,0,0,1,0,0,0,0,0
26.0,1.0,1.0,150.0,0.0,6.0,66.0,0.0,0.0,5.0,0.6363636363636365,1.0,0.0,0.0,0.0,0.0,0.0,0.0,0.0,0,1.0,0.0,1.0,63.0,13530005.0,1.0,0.0,0.0,0,0,1,0,0,0,0,0,0,0,0,1,0,0,0,0,0,0,0,0,0,0
24.0,1.0,1.0,200.0,0.0,25.0,40.0,0.0,0.0,11.0,0.36363636363636354,1.0,1.0,0.09999999999999999,0.0,0.8,0.5042016806722689,0.0,0.0,0,1.0,1.0,1.0,63.0,63220220.0,1.0,0.0,0.0,0,0,1,0,0,0,0,0,0,0,0,0,0,0,0,0,0,1,0,0,0,0
24.0,1.0,1.0,200.0,0.0,30.0,60.0,0.0,0.0,9.0,0.36363636363636354,1.0,1.0,0.19999999999999998,0.0,0.8,0.40336134453781514,0.0,0.0,1,1.0,1.0,1.0,63.0,13540015.0,1.0,0.0,1.0,0,0,1,0,0,0,0,0,0,0,0,0,0,0,0,1,0,0,0,0,0,0
25.0,0.0,1.0,240.0,0.0,30.0,112.0,0.0,0.0,5.0,0.45454545454545436,0.0,1.0,0.24,0.0,0.8,0.7058823529411764,0.0,0.0,0,1.0,1.0,1.0,63.0,13540015.0,1.0,0.0,0.0,0,0,1,0,0,0,0,0,0,0,0,1,0,0,0,0,0,0,0,0,0,0
26.0,0.0,1.0,400.0,0.0,26.0,24.0,0.0,0.0,11.0,0.6363636363636365,0.0,1.0,0.0,0.3333333333333333,0.6666666666666666,0.2689075630252101,0.0,0.0,1,1.0,0.0,1.0,63.0,13540015.0,0.0,0.0,0.0,0,0,1,0,0,0,0,0,0,0,0,0,0,0,0,0,0,1,0,0,0,0
22.0,0.0,1.0,408.0,0.0,25.0,48.0,0.0,0.0,9.0,0.18181818181818188,0.0,1.0,0.39999999999999997,0.0,0.8,0.453781512605042,0.0,0.0,1,1.0,1.0,1.0,63.0,63220220.0,0.0,0.0,0.0,0,0,1,0,0,0,0,0,0,0,0,0,0,0,0,1,0,0,0,0,0,0
26.0,1.0,1.0,381.5,0.0,24.0,48.0,1.0,1.0,6.0,0.6363636363636365,1.0,1.0,0.0,0.3333333333333333,0.9333333333333333,0.6050420168067226,0.0,0.0,0,1.0,0.0,1.0,63.0,63220220.0,0.0,0.0,0.0,0,0,1,0,0,0,0,0,0,0,0,0,1,0,0,0,0,0,0,0,0,0
20.0,0.0,1.0,200.0,0.0,30.0,60.0,0.0,0.0,11.0,0.09090909090909083,0.0,1.0,0.0,0.0,0.4,0.20168067226890757,0.0,0.0,1,1.0,0.0,1.0,63.0,13540015.0,0.0,0.0,0.0,0,0,1,0,0,0,0,0,0,0,0,0,0,1,0,0,0,0,0,0,0,0
24.0,1.0,1.0,408.0,0.0,30.0,50.0,0.0,0.0,9.0,0.36363636363636354,1.0,1.0,0.502,0.0,1.0,0.8235294117647058,1.0,1.0,1,1.0,1.0,1.0,63.0,13140010.0,0.0,0.0,0.0,0,0,1,0,0,0,0,0,0,0,0,0,0,0,0,1,0,0,0,0,0,0
27.0,1.0,0.0,0.0,0.0,0.0,0.0,0.0,0.0,11.0,0.6363636363636365,1.0,0.0,0.0,0.0,0.0,0.0,0.0,0.0,0,0.0,0.0,1.0,63.0,63220220.0,1.0,0.0,0.0,0,0,1,0,0,0,0,0,0,0,0,0,0,0,0,0,0,1,0,0,0,0
21.0,0.0,1.0,408.0,0.0,30.0,56.0,1.0,1.0,11.0,0.09090909090909083,0.0,0.0,0.0,0.0,0.0,0.0,0.0,0.0,1,1.0,0.0,1.0,63.0,13530005.0,1.0,0.0,1.0,0,0,1,0,0,0,0,0,0,0,0,0,0,0,0,0,0,1,0,0,0,0
22.0,0.0,1.0,408.0,0.0,30.0,72.0,0.0,0.0,9.0,0.2727272727272727,0.0,0.0,0.0,0.0,0.0,0.0,0.0,0.0,0,1.0,0.0,1.0,63.0,13140010.0,1.0,0.0,0.0,0,0,1,0,0,0,0,0,0,0,0,0,0,0,0,0,0,1,0,0,0,0
21.0,0.0,0.0,0.0,0.0,0.0,0.0,0.0,0.0,11.0,0.18181818181818188,0.0,1.0,0.15,0.0,1.0,0.23529411764705882,0.0,0.0,1,0.0,1.0,1.0,63.0,13530005.0,0.0,0.0,0.0,0,0,1,0,0,0,0,0,0,0,0,0,0,0,0,0,0,1,0,0,0,0
24.0,0.0,1.0,200.0,0.0,24.0,72.0,0.0,0.0,4.0,0.45454545454545436,0.0,1.0,0.0,0.0,0.8666666666666667,0.6554621848739496,0.0,0.0,0,1.0,0.0,1.0,63.0,13530005.0,1.0,0.0,0.0,0,0,1,0,0,0,0,0,0,0,1,0,0,0,0,0,0,0,0,0,0,0
22.0,1.0,1.0,80.0,0.0,20.0,20.0,0.0,0.0,8.0,0.2727272727272727,1.0,0.0,0.0,0.0,0.0,0.0,0.0,0.0,0,1.0,0.0,1.0,63.0,13530005.0,1.0,0.0,0.0,0,0,1,0,0,0,0,0,0,0,0,0,0,0,1,0,0,0,0,0,0,0
23.0,0.0,1.0,408.0,0.0,30.0,48.0,0.0,0.0,11.0,0.36363636363636354,0.0,1.0,0.0,0.6666666666666666,1.0,0.9411764705882353,0.0,0.0,1,1.0,0.0,1.0,63.0,63220220.0,1.0,0.0,1.0,0,0,1,0,0,0,0,0,0,0,0,0,0,0,0,0,0,1,0,0,0,0
24.0,1.0,0.0,0.0,0.0,0.0,0.0,0.0,0.0,7.0,0.45454545454545436,1.0,0.0,0.0,0.0,0.0,0.0,0.0,0.0,1,0.0,0.0,1.0,63.0,13540015.0,1.0,0.0,1.0,0,0,1,0,0,0,0,0,0,0,0,0,0,1,0,0,0,0,0,0,0,0
26.0,1.0,1.0,300.0,0.0,20.0,40.0,0.0,0.0,11.0,0.5454545454545452,1.0,1.0,0.0,0.0,1.0,0.47058823529411764,0.0,0.0,0,1.0,0.0,1.0,63.0,63220220.0,1.0,0.0,0.0,0,0,1,0,0,0,0,0,0,0,0,0,0,0,0,0,0,1,0,0,0,0
25.0,0.0,1.0,250.0,0.0,20.0,40.0,0.0,0.0,13.0,0.45454545454545436,0.0,1.0,0.0,0.4444444444444444,1.0,0.6050420168067226,0.0,0.0,1,1.0,0.0,1.0,63.0,13530005.0,0.0,0.0,0.0,0,0,1,0,0,0,0,0,0,0,0,0,0,0,0,0,0,1,0,0,0,0
23.0,0.0,0.0,0.0,0.0,0.0,0.0,0.0,0.0,11.0,0.2727272727272727,0.0,0.0,0.0,0.0,0.0,0.0,0.0,0.0,1,0.0,0.0,1.0,63.0,63220220.0,0.0,0.0,0.0,0,0,1,0,0,0,0,0,0,0,0,0,0,0,1,0,0,0,0,0,0,0
26.0,1.0,1.0,400.0,0.0,24.0,78.0,0.0,0.0,9.0,0.6363636363636365,0.0,1.0,0.3,0.0,1.0,0.6470588235294117,1.0,1.0,0,1.0,1.0,1.0,63.0,13530005.0,0.0,0.0,0.0,0,0,1,0,0,0,0,0,0,0,0,0,0,1,0,0,0,0,0,0,0,0
20.0,1.0,1.0,408.0,0.0,30.0,70.0,0.0,0.0,5.0,0.09090909090909083,1.0,1.0,0.25,0.0,0.9333333333333333,0.5546218487394958,0.0,0.0,0,1.0,1.0,1.0,63.0,13540015.0,0.0,0.0,0.0,0,0,1,0,0,0,0,0,0,0,0,1,0,0,0,0,0,0,0,0,0,0
26.0,1.0,0.0,0.0,0.0,0.0,0.0,0.0,0.0,9.0,0.5454545454545452,0.0,1.0,0.09,0.0,0.8,0.5546218487394958,0.0,0.0,0,0.0,1.0,1.0,63.0,13140010.0,1.0,0.0,0.0,0,0,1,0,0,0,0,0,0,0,0,0,0,0,0,0,0,1,0,0,0,0
22.0,0.0,1.0,360.0,0.0,28.0,80.0,0.0,0.0,11.0,0.2727272727272727,0.0,1.0,0.22,0.0,1.0,0.4369747899159664,0.0,0.0,0,1.0,1.0,1.0,63.0,13140010.0,1.0,0.0,0.0,0,0,1,0,0,0,0,0,0,0,0,0,0,0,0,0,0,1,0,0,0,0
26.0,0.0,1.0,408.0,0.0,22.0,45.0,1.0,1.0,11.0,0.6363636363636365,0.0,0.0,0.0,0.0,0.0,0.0,0.0,0.0,0,1.0,0.0,1.0,63.0,13140010.0,1.0,0.0,0.0,0,0,1,0,0,0,0,0,0,0,0,0,0,0,0,0,0,1,0,0,0,0
22.0,0.0,1.0,408.0,0.0,22.0,40.0,0.0,1.0,11.0,0.18181818181818188,0.0,1.0,0.38999999999999996,0.0,1.0,0.5294117647058824,0.0,0.0,0,1.0,1.0,1.0,63.0,13530005.0,0.0,0.0,0.0,0,0,1,0,0,0,0,0,0,0,0,0,0,0,0,0,0,1,0,0,0,0
26.0,1.0,1.0,0.0,400000.0,25.0,48.0,0.0,0.0,11.0,0.6363636363636365,1.0,1.0,0.16,0.0,0.8,0.5546218487394958,0.0,0.0,1,0.0,1.0,1.0,63.0,13140010.0,1.0,0.0,1.0,0,0,1,0,0,0,0,0,0,0,0,0,0,0,0,0,0,1,0,0,0,0
22.0,0.0,0.0,0.0,0.0,0.0,0.0,0.0,0.0,6.0,0.18181818181818188,0.0,1.0,0.3815,0.0,0.6666666666666666,0.3361344537815126,1.0,1.0,0,0.0,1.0,1.0,63.0,13140010.0,0.0,0.0,0.0,0,0,1,0,0,0,0,0,0,0,0,0,1,0,0,0,0,0,0,0,0,0
21.0,0.0,1.0,120.0,0.0,8.0,20.0,0.0,0.0,11.0,0.18181818181818188,0.0,0.0,0.0,0.0,0.0,0.0,0.0,0.0,0,1.0,0.0,1.0,63.0,63220220.0,1.0,0.0,0.0,0,0,1,0,0,0,0,0,0,0,0,0,0,0,0,0,0,1,0,0,0,0
23.0,0.0,1.0,408.0,0.0,30.0,84.0,0.0,0.0,5.0,0.36363636363636354,0.0,1.0,0.0,0.37777777777777777,0.4,0.6050420168067226,0.0,0.0,1,1.0,0.0,1.0,63.0,63220220.0,0.0,0.0,0.0,0,0,1,0,0,0,0,0,0,0,0,1,0,0,0,0,0,0,0,0,0,0
25.0,1.0,1.0,120.0,0.0,8.0,12.0,0.0,0.0,5.0,0.45454545454545436,1.0,1.0,0.09999999999999999,0.0,0.16666666666666666,0.10084033613445378,0.0,0.0,0,1.0,1.0,1.0,63.0,13540015.0,1.0,0.0,0.0,0,0,1,0,0,0,0,0,0,0,0,1,0,0,0,0,0,0,0,0,0,0
24.0,1.0,1.0,70.0,0.0,20.0,60.0,0.0,0.0,8.0,0.36363636363636354,1.0,1.0,0.18,0.0,0.8,0.5042016806722689,0.0,0.0,0,1.0,1.0,1.0,63.0,13530005.0,1.0,0.0,0.0,0,0,1,0,0,0,0,0,0,0,0,0,0,0,0,1,0,0,0,0,0,0
24.0,0.0,1.0,520.0,0.0,26.0,48.0,1.0,1.0,11.0,0.36363636363636354,0.0,0.0,0.0,0.0,0.0,0.0,0.0,0.0,0,1.0,0.0,1.0,63.0,13140010.0,0.0,0.0,0.0,0,0,1,0,0,0,0,0,0,0,0,0,0,0,0,0,0,1,0,0,0,0
21.0,0.0,1.0,408.0,0.0,24.0,48.0,1.0,1.0,11.0,0.09090909090909083,0.0,0.0,0.0,0.0,0.0,0.0,0.0,0.0,0,1.0,0.0,1.0,63.0,63220220.0,0.0,0.0,0.0,0,0,1,0,0,0,0,0,0,0,0,0,0,0,0,0,0,1,0,0,0,0
25.0,0.0,1.0,700.0,0.0,30.0,48.0,0.0,0.0,11.0,0.5454545454545452,0.0,1.0,0.144,0.0,0.26666666666666666,0.15966386554621848,0.0,0.0,1,1.0,1.0,1.0,63.0,13530005.0,1.0,0.0,1.0,0,0,1,0,0,0,0,0,0,0,0,0,0,0,0,1,0,0,0,0,0,0
24.0,0.0,1.0,160.0,0.0,20.0,20.0,0.0,1.0,11.0,0.45454545454545436,1.0,0.0,0.0,0.0,0.0,0.0,0.0,0.0,0,1.0,0.0,1.0,64.0,63110225.0,1.0,0.7457627,0.0,0,0,1,0,0,0,0,0,0,0,0,0,0,0,0,0,0,1,0,0,0,0
22.0,0.0,1.0,408.0,0.0,24.0,60.0,0.0,0.0,11.0,0.18181818181818188,0.0,0.0,0.0,0.0,0.0,0.0,0.0,0.0,1,1.0,0.0,1.0,64.0,53410005.0,0.0,0.7457627,0.0,0,0,1,0,0,0,0,0,0,0,0,0,0,0,0,0,0,1,0,0,0,0
22.0,0.0,1.0,150.0,0.0,24.0,72.0,0.0,0.0,11.0,0.18181818181818188,0.0,1.0,0.19999999999999998,0.0,0.8,0.40336134453781514,0.0,0.0,0,1.0,1.0,1.0,64.0,53410005.0,0.0,0.7457627,0.0,0,0,1,0,0,0,0,0,0,0,0,0,0,0,0,0,0,1,0,0,0,0
25.0,0.0,1.0,408.0,0.0,26.0,48.0,0.0,0.0,11.0,0.5454545454545452,0.0,0.0,0.0,0.0,0.0,0.0,0.0,0.0,0,1.0,0.0,1.0,64.0,13210005.0,1.0,0.7457627,0.0,0,0,1,0,0,0,0,0,0,0,0,0,0,0,0,0,0,1,0,0,0,0
23.0,0.0,1.0,408.0,0.0,24.0,48.0,1.0,1.0,13.0,0.36363636363636354,0.0,1.0,0.75,0.0,0.6666666666666666,0.25210084033613445,0.0,0.0,0,1.0,1.0,1.0,64.0,13210005.0,0.0,0.7457627,0.0,0,0,1,0,0,0,0,0,0,0,0,0,0,0,0,0,0,1,0,0,0,0
23.0,0.0,1.0,408.0,0.0,20.0,54.0,1.0,1.0,11.0,0.36363636363636354,0.0,1.0,0.0,0.16666666666666666,1.0,0.3361344537815126,0.0,0.0,1,1.0,0.0,1.0,64.0,13210005.0,1.0,0.7457627,1.0,0,0,1,0,0,0,0,0,0,0,0,0,0,0,0,0,0,1,0,0,0,0
22.0,0.0,1.0,140.0,0.0,26.0,66.0,0.0,0.0,11.0,0.18181818181818188,0.0,0.0,0.0,0.0,0.0,0.0,0.0,0.0,1,1.0,0.0,1.0,64.0,63110225.0,1.0,0.7457627,1.0,0,0,1,0,0,0,0,0,0,0,0,0,0,0,0,0,0,1,0,0,0,0
24.0,1.0,0.0,0.0,0.0,0.0,0.0,0.0,0.0,11.0,0.36363636363636354,0.0,0.0,0.0,0.0,0.0,0.0,0.0,0.0,1,0.0,0.0,1.0,64.0,63110225.0,1.0,0.7457627,1.0,0,0,1,0,0,0,0,0,0,0,0,0,0,0,0,0,0,1,0,0,0,0
21.0,0.0,1.0,350.0,0.0,30.0,50.0,1.0,0.0,11.0,0.09090909090909083,0.0,0.0,0.0,0.0,0.0,0.0,0.0,0.0,1,1.0,0.0,1.0,64.0,13210005.0,1.0,0.7457627,1.0,0,0,1,0,0,0,0,0,0,0,0,0,0,0,0,0,0,1,0,0,0,0
25.0,0.0,0.0,0.0,0.0,0.0,0.0,0.0,0.0,11.0,0.45454545454545436,0.0,0.0,0.0,0.0,0.0,0.0,0.0,0.0,1,0.0,0.0,1.0,64.0,63110225.0,1.0,0.7457627,1.0,0,0,1,0,0,0,0,0,0,0,0,0,0,0,0,0,0,1,0,0,0,0
20.0,0.0,1.0,408.0,0.0,24.0,48.0,0.0,1.0,11.0,0.0,0.0,0.0,0.0,0.0,0.0,0.0,0.0,0.0,0,1.0,0.0,1.0,64.0,53410005.0,0.0,0.7457627,0.0,0,0,1,0,0,0,0,0,0,0,0,0,0,0,0,0,0,1,0,0,0,0
23.0,0.0,1.0,408.0,0.0,24.0,80.0,0.0,1.0,11.0,0.36363636363636354,0.0,1.0,0.16999999999999998,0.0,0.8,0.6218487394957983,0.0,0.0,0,1.0,1.0,1.0,64.0,53410005.0,1.0,0.7457627,0.0,0,0,1,0,0,0,0,0,0,0,0,0,0,0,0,0,0,1,0,0,0,0
22.0,0.0,1.0,381.5,0.0,30.0,84.0,0.0,0.0,11.0,0.18181818181818188,0.0,1.0,0.358,0.0,1.0,0.40336134453781514,0.0,0.0,1,1.0,1.0,1.0,64.0,13210005.0,0.0,0.7457627,0.0,0,0,1,0,0,0,0,0,0,0,0,0,0,0,0,0,0,1,0,0,0,0
20.0,1.0,1.0,1020.0,0.0,7.0,112.0,0.0,0.0,11.0,0.09090909090909083,1.0,1.0,0.7999999999999999,0.0,1.0,0.3025210084033613,0.0,0.0,1,1.0,1.0,1.0,64.0,53410005.0,1.0,0.7457627,1.0,0,0,1,0,0,0,0,0,0,0,0,0,0,0,0,0,0,1,0,0,0,0
20.0,0.0,1.0,180.0,0.0,26.0,54.0,0.0,0.0,11.0,0.0,0.0,1.0,0.3,0.0,0.8,0.2773109243697479,0.0,0.0,1,1.0,1.0,1.0,64.0,63110225.0,1.0,0.7457627,1.0,0,0,1,0,0,0,0,0,0,0,0,0,0,0,0,0,0,1,0,0,0,0
20.0,0.0,0.0,0.0,0.0,0.0,0.0,0.0,0.0,11.0,0.09090909090909083,0.0,0.0,0.0,0.0,0.0,0.0,0.0,0.0,1,0.0,0.0,1.0,64.0,53410005.0,1.0,0.7457627,1.0,0,0,1,0,0,0,0,0,0,0,0,0,0,0,0,1,0,0,0,0,0,0
20.0,0.0,1.0,150.0,0.0,30.0,60.0,0.0,0.0,11.0,0.0,0.0,1.0,0.19999999999999998,0.0,1.0,0.40336134453781514,0.0,0.0,1,1.0,1.0,1.0,64.0,13210005.0,0.0,0.7457627,0.0,0,0,1,0,0,0,0,0,0,0,0,0,0,0,0,0,0,1,0,0,0,0
24.0,1.0,1.0,408.0,0.0,24.0,48.0,1.0,1.0,8.0,0.45454545454545436,1.0,1.0,0.6,0.0,1.0,0.7058823529411764,1.0,1.0,0,1.0,1.0,1.0,65.0,53410010.0,0.0,0.753125,0.0,0,0,1,0,0,0,0,0,0,0,0,0,0,0,1,0,0,0,0,0,0,0
22.0,0.0,1.0,240.0,0.0,16.0,48.0,0.0,0.0,11.0,0.18181818181818188,0.0,0.0,0.0,0.0,0.0,0.0,0.0,0.0,0,1.0,0.0,1.0,65.0,53410010.0,0.0,0.753125,0.0,0,0,1,0,0,0,0,0,0,0,0,0,0,0,0,0,0,1,0,0,0,0
20.0,0.0,1.0,450.0,0.0,26.0,74.0,0.0,1.0,11.0,0.09090909090909083,0.0,1.0,0.26999999999999996,0.0,0.8,0.5546218487394958,0.0,0.0,0,1.0,1.0,1.0,65.0,53410010.0,0.0,0.753125,0.0,0,0,1,0,0,0,0,0,0,0,0,0,0,0,0,0,0,1,0,0,0,0
23.0,0.0,1.0,500.0,0.0,26.0,66.0,0.0,0.0,9.0,0.2727272727272727,0.0,1.0,0.13999999999999999,0.0,0.8,0.6722689075630252,0.0,0.0,1,1.0,1.0,1.0,65.0,13210005.0,1.0,0.753125,1.0,0,0,1,0,0,0,0,0,0,0,0,0,0,0,0,1,0,0,0,0,0,0
20.0,0.0,1.0,408.0,0.0,25.0,43.0,1.0,1.0,11.0,0.0,0.0,1.0,0.27999999999999997,0.0,0.9333333333333333,0.6050420168067226,0.0,0.0,1,1.0,1.0,1.0,65.0,13310010.0,1.0,0.753125,1.0,0,0,1,0,0,0,0,0,0,0,0,0,0,0,0,0,0,1,0,0,0,0
20.0,0.0,1.0,200.0,0.0,24.0,66.0,0.0,0.0,6.0,0.09090909090909083,0.0,1.0,0.0,0.0,0.8,0.40336134453781514,0.0,0.0,0,1.0,0.0,1.0,65.0,53410010.0,1.0,0.753125,0.0,0,0,1,0,0,0,0,0,0,0,0,0,1,0,0,0,0,0,0,0,0,0
21.0,1.0,1.0,240.0,0.0,30.0,40.0,0.0,0.0,9.0,0.09090909090909083,1.0,0.0,0.0,0.0,0.0,0.0,0.0,0.0,0,1.0,0.0,1.0,65.0,13210005.0,1.0,0.753125,0.0,0,0,1,0,0,0,0,0,0,0,0,0,0,0,0,1,0,0,0,0,0,0
25.0,0.0,1.0,250.0,0.0,24.0,72.0,0.0,1.0,11.0,0.45454545454545436,0.0,1.0,0.35,0.0,0.8,0.7058823529411764,0.0,0.0,0,1.0,1.0,1.0,65.0,13210005.0,0.0,0.753125,0.0,0,0,1,0,0,0,0,0,0,0,0,0,0,0,0,0,0,1,0,0,0,0
20.0,0.0,0.0,0.0,0.0,0.0,0.0,0.0,0.0,11.0,0.0,0.0,0.0,0.0,0.0,0.0,0.0,0.0,0.0,0,0.0,0.0,1.0,65.0,53410010.0,0.0,0.753125,0.0,0,0,1,0,0,0,0,0,0,0,0,0,0,0,0,0,0,1,0,0,0,0
25.0,0.0,0.0,0.0,0.0,0.0,0.0,0.0,0.0,11.0,0.5454545454545452,0.0,1.0,0.0,0.08888888888888888,0.5333333333333333,0.13445378151260504,0.0,0.0,0,0.0,0.0,1.0,65.0,13310010.0,1.0,0.753125,0.0,0,0,1,0,0,0,0,0,0,0,0,0,0,0,1,0,0,0,0,0,0,0
23.0,0.0,1.0,500.0,0.0,26.0,45.0,1.0,1.0,11.0,0.36363636363636354,0.0,1.0,0.19999999999999998,0.0,0.8,0.20168067226890757,0.0,0.0,0,1.0,1.0,1.0,65.0,13210005.0,1.0,0.753125,0.0,0,0,1,0,0,0,0,0,0,0,0,0,0,0,0,0,0,1,0,0,0,0
22.0,0.0,0.0,0.0,0.0,0.0,0.0,0.0,0.0,11.0,0.2727272727272727,0.0,1.0,0.27999999999999997,0.0,1.0,0.4117647058823529,0.0,0.0,1,0.0,1.0,1.0,65.0,53410010.0,1.0,0.753125,1.0,0,0,1,0,0,0,0,0,0,0,0,0,0,0,0,0,0,1,0,0,0,0
27.0,1.0,1.0,540.0,0.0,24.0,60.0,1.0,1.0,11.0,0.7272727272727273,1.0,1.0,0.3815,0.0,1.0,0.47058823529411764,1.0,1.0,0,1.0,1.0,1.0,65.0,53410010.0,1.0,0.753125,0.0,0,0,1,0,0,0,0,0,0,0,0,0,0,0,0,0,0,1,0,0,0,0
22.0,0.0,1.0,420.0,0.0,28.0,48.0,0.0,0.0,11.0,0.2727272727272727,0.0,1.0,0.36,0.0,0.8,0.4621848739495798,0.0,0.0,1,1.0,1.0,1.0,65.0,13310010.0,0.0,0.753125,0.0,0,0,1,0,0,0,0,0,0,0,0,0,0,0,0,0,0,1,0,0,0,0
24.0,0.0,1.0,500.0,0.0,30.0,30.0,1.0,1.0,5.0,0.36363636363636354,0.0,0.0,0.0,0.0,0.0,0.0,0.0,0.0,0,1.0,0.0,1.0,65.0,13310010.0,0.0,0.753125,0.0,0,0,1,0,0,0,0,0,0,0,0,1,0,0,0,0,0,0,0,0,0,0
24.0,1.0,1.0,700.0,0.0,30.0,96.0,0.0,0.0,10.0,0.36363636363636354,1.0,1.0,0.19999999999999998,0.0,1.0,0.7058823529411764,0.0,0.0,0,1.0,1.0,1.0,65.0,13310010.0,1.0,0.753125,0.0,0,0,1,0,0,0,0,0,0,0,0,0,0,0,0,0,0,1,0,0,0,0
24.0,1.0,0.0,0.0,0.0,0.0,0.0,0.0,0.0,8.0,0.45454545454545436,1.0,0.0,0.0,0.0,0.0,0.0,0.0,0.0,0,0.0,0.0,1.0,65.0,13210005.0,1.0,0.753125,0.0,0,0,1,0,0,0,0,0,0,0,0,0,0,0,1,0,0,0,0,0,0,0
21.0,1.0,1.0,408.0,0.0,28.0,60.0,0.0,0.0,9.0,0.18181818181818188,0.0,1.0,0.26,0.0,0.8,0.37815126050420167,0.0,0.0,0,1.0,1.0,1.0,65.0,13310010.0,1.0,0.753125,0.0,0,0,1,0,0,0,0,0,0,0,0,0,0,0,1,0,0,0,0,0,0,0
21.0,0.0,1.0,408.0,0.0,24.0,48.0,1.0,1.0,11.0,0.09090909090909083,0.0,1.0,0.0,0.0,1.0,0.5462184873949579,0.0,0.0,1,1.0,0.0,1.0,65.0,13310010.0,0.0,0.753125,0.0,0,0,1,0,0,0,0,0,0,0,0,0,0,0,1,0,0,0,0,0,0,0
23.0,0.0,1.0,550.0,0.0,30.0,70.0,0.0,0.0,11.0,0.2727272727272727,0.0,1.0,0.21,0.0,1.0,0.42016806722689076,0.0,0.0,1,1.0,1.0,1.0,65.0,53410010.0,1.0,0.753125,1.0,0,0,1,0,0,0,0,0,0,0,0,0,0,0,0,0,0,1,0,0,0,0
25.0,1.0,1.0,408.0,0.0,24.0,40.0,1.0,0.0,11.0,0.45454545454545436,0.0,1.0,0.19999999999999998,0.0,0.6666666666666666,0.1680672268907563,0.0,0.0,0,1.0,1.0,1.0,65.0,13210005.0,1.0,0.753125,0.0,0,0,1,0,0,0,0,0,0,0,0,0,0,0,0,0,0,1,0,0,0,0
27.0,0.0,1.0,350.0,0.0,26.0,72.0,0.0,0.0,11.0,0.6363636363636365,0.0,1.0,0.0,0.16666666666666666,1.0,0.3529411764705882,0.0,0.0,1,1.0,0.0,1.0,65.0,53410010.0,1.0,0.753125,1.0,0,0,1,0,0,0,0,0,0,0,0,0,0,0,0,0,0,1,0,0,0,0
26.0,0.0,1.0,0.0,400000.0,28.0,48.0,0.0,0.0,11.0,0.6363636363636365,0.0,1.0,0.09999999999999999,0.0,0.13333333333333333,0.10084033613445378,0.0,0.0,1,0.0,1.0,1.0,65.0,13210005.0,1.0,0.753125,1.0,0,0,1,0,0,0,0,0,0,0,0,0,0,0,0,0,0,1,0,0,0,0
23.0,1.0,1.0,0.0,300000.0,30.0,70.0,0.0,0.0,9.0,0.36363636363636354,1.0,0.0,0.0,0.0,0.0,0.0,0.0,0.0,0,0.0,0.0,1.0,65.0,13310010.0,1.0,0.753125,0.0,0,0,1,0,0,0,0,0,0,0,0,0,0,0,0,1,0,0,0,0,0,0
20.0,0.0,1.0,408.0,0.0,26.0,48.0,1.0,1.0,11.0,0.0,0.0,0.0,0.0,0.0,0.0,0.0,0.0,0.0,1,1.0,0.0,1.0,65.0,13310010.0,0.0,0.753125,0.0,0,0,1,0,0,0,0,0,0,0,0,0,0,0,0,0,0,1,0,0,0,0
24.0,0.0,1.0,350.0,0.0,20.0,40.0,0.0,0.0,11.0,0.45454545454545436,0.0,1.0,0.0,0.0,0.6666666666666666,0.37815126050420167,0.0,0.0,0,1.0,0.0,1.0,65.0,13310010.0,0.0,0.753125,0.0,0,0,1,0,0,0,0,0,0,0,0,0,0,0,0,0,0,1,0,0,0,0
20.0,1.0,0.0,0.0,0.0,0.0,0.0,0.0,0.0,8.0,0.0,0.0,0.0,0.0,0.0,0.0,0.0,0.0,0.0,1,0.0,0.0,1.0,65.0,13210005.0,1.0,0.753125,1.0,0,0,1,0,0,0,0,0,0,0,0,0,0,0,1,0,0,0,0,0,0,0
23.0,0.0,1.0,408.0,0.0,20.0,40.0,1.0,1.0,11.0,0.2727272727272727,0.0,1.0,0.358,0.0,0.8,0.40336134453781514,0.0,0.0,1,1.0,1.0,1.0,65.0,13310010.0,1.0,0.753125,1.0,0,0,1,0,0,0,0,0,0,0,0,0,0,0,0,0,0,1,0,0,0,0
24.0,0.0,1.0,600.0,0.0,30.0,48.0,0.0,0.0,7.0,0.36363636363636354,0.0,1.0,0.44999999999999996,0.0,0.8,0.37815126050420167,0.0,0.0,0,1.0,1.0,1.0,65.0,13210005.0,0.0,0.753125,0.0,0,0,1,0,0,0,0,0,0,0,0,0,0,1,0,0,0,0,0,0,0,0
23.0,0.0,0.0,0.0,0.0,0.0,0.0,0.0,0.0,11.0,0.2727272727272727,0.0,0.0,0.0,0.0,0.0,0.0,0.0,0.0,0,0.0,0.0,1.0,65.0,13310010.0,0.0,0.753125,0.0,0,0,1,0,0,0,0,0,0,0,0,0,0,0,0,0,0,0,0,0,1,0
25.0,1.0,1.0,408.0,0.0,26.0,36.0,1.0,1.0,11.0,0.45454545454545436,1.0,1.0,0.25,0.0,0.8,0.37815126050420167,0.0,0.0,1,1.0,1.0,1.0,65.0,13210005.0,0.0,0.753125,0.0,0,0,1,0,0,0,0,0,0,0,0,0,0,0,0,0,0,1,0,0,0,0
25.0,0.0,1.0,450.0,0.0,26.0,48.0,1.0,1.0,11.0,0.45454545454545436,0.0,0.0,0.0,0.0,0.0,0.0,0.0,0.0,1,1.0,0.0,1.0,65.0,53410010.0,0.0,0.753125,0.0,0,0,1,0,0,0,0,0,0,0,0,0,0,0,0,0,0,1,0,0,0,0
27.0,1.0,1.0,500.0,0.0,30.0,64.0,0.0,0.0,11.0,0.7272727272727273,1.0,1.0,0.0,0.0,1.0,0.6050420168067226,0.0,0.0,0,1.0,0.0,1.0,65.0,13210005.0,0.0,0.753125,0.0,0,0,1,0,0,0,0,0,0,0,0,0,0,0,0,0,0,1,0,0,0,0
19.0,0.0,1.0,600.0,0.0,30.0,84.0,0.0,0.0,10.0,0.0,0.0,1.0,0.27999999999999997,0.0,0.8,0.42016806722689076,0.0,0.0,1,1.0,1.0,1.0,65.0,53410010.0,0.0,0.753125,0.0,0,0,1,0,0,0,0,0,0,0,0,0,0,0,0,1,0,0,0,0,0,0
19.0,0.0,0.0,0.0,0.0,0.0,0.0,0.0,0.0,11.0,0.0,0.0,0.0,0.0,0.0,0.0,0.0,0.0,0.0,0,0.0,0.0,1.0,66.0,73320040.0,1.0,0.0,0.0,0,0,1,0,0,0,0,0,0,0,0,0,0,0,0,0,0,1,0,0,0,0
25.0,0.0,1.0,150.0,0.0,26.0,18.0,1.0,0.0,11.0,0.5454545454545452,0.0,0.0,0.0,0.0,0.0,0.0,0.0,0.0,1,1.0,0.0,1.0,66.0,73320040.0,1.0,0.0,1.0,0,0,1,0,0,0,0,0,0,0,0,0,0,0,0,0,0,1,0,0,0,0
20.0,0.0,0.0,0.0,0.0,0.0,0.0,0.0,0.0,7.0,0.09090909090909083,0.0,1.0,0.0,0.0,1.0,0.453781512605042,0.0,0.0,0,0.0,0.0,1.0,66.0,73310050.0,0.0,0.0,0.0,0,0,1,0,0,0,0,0,0,0,0,1,0,0,0,0,0,0,0,0,0,0
20.0,1.0,0.0,0.0,0.0,0.0,0.0,0.0,0.0,5.0,0.09090909090909083,1.0,0.0,0.0,0.0,0.0,0.0,0.0,0.0,1,0.0,0.0,1.0,66.0,73310050.0,1.0,0.0,1.0,0,0,1,0,0,0,0,0,0,0,0,1,0,0,0,0,0,0,0,0,0,0
24.0,0.0,1.0,400.0,0.0,22.0,40.0,0.0,0.0,11.0,0.36363636363636354,0.0,0.0,0.0,0.0,0.0,0.0,0.0,0.0,1,1.0,0.0,1.0,67.0,84210205.0,0.0,0.7190476,0.0,0,1,0,0,0,0,0,0,0,0,0,0,0,0,0,0,0,1,0,0,0,0
24.0,0.0,1.0,408.0,0.0,26.0,30.0,1.0,1.0,8.0,0.45454545454545436,0.0,1.0,0.358,0.0,0.8666666666666667,0.40336134453781514,0.0,0.0,0,1.0,1.0,1.0,67.0,83210005.0,0.0,0.7190476,0.0,0,1,0,0,0,0,0,0,0,0,0,0,0,0,1,0,0,0,0,0,0,0
22.0,0.0,1.0,381.5,0.0,28.0,56.0,0.0,0.0,11.0,0.2727272727272727,0.0,0.0,0.0,0.0,0.0,0.0,0.0,0.0,0,1.0,0.0,1.0,67.0,83220020.0,0.0,0.7190476,0.0,0,0,1,0,0,0,0,0,0,0,0,0,0,0,0,0,1,0,0,0,0,0
25.0,0.0,1.0,200.0,0.0,24.0,48.0,0.0,0.0,11.0,0.5454545454545452,0.0,0.0,0.0,0.0,0.0,0.0,0.0,0.0,1,1.0,0.0,1.0,67.0,84210305.0,1.0,0.7190476,1.0,0,1,0,0,0,0,0,0,0,0,0,0,0,0,0,0,0,1,0,0,0,0
22.0,0.0,1.0,408.0,0.0,26.0,66.0,0.0,0.0,6.0,0.2727272727272727,0.0,1.0,0.312,0.0,0.8666666666666667,0.5042016806722689,0.0,0.0,0,1.0,1.0,1.0,67.0,84210305.0,0.0,0.7190476,0.0,0,1,0,0,0,0,0,0,0,0,0,1,0,0,0,0,0,0,0,0,0,0
25.0,0.0,1.0,320.0,0.0,30.0,84.0,0.0,0.0,11.0,0.45454545454545436,0.0,1.0,0.09999999999999999,0.0,1.0,0.5882352941176471,0.0,0.0,0,1.0,1.0,1.0,67.0,84210305.0,1.0,0.7190476,0.0,0,1,0,0,0,0,0,0,0,0,0,0,0,0,0,0,0,1,0,0,0,0
23.0,0.0,1.0,381.5,0.0,30.0,48.0,0.0,0.0,7.0,0.36363636363636354,0.0,0.0,0.0,0.0,0.0,0.0,0.0,0.0,0,1.0,0.0,1.0,67.0,83220020.0,0.0,0.7190476,0.0,0,0,1,0,0,0,0,0,0,0,0,0,1,0,0,0,0,0,0,0,0,0
20.0,0.0,1.0,400.0,0.0,26.0,48.0,1.0,1.0,11.0,0.0,0.0,0.0,0.0,0.0,0.0,0.0,0.0,0.0,1,1.0,0.0,1.0,67.0,83210005.0,0.0,0.7190476,0.0,0,1,0,0,0,0,0,0,0,0,0,0,0,0,0,0,0,1,0,0,0,0
20.0,0.0,1.0,225.0,0.0,16.0,24.0,0.0,0.0,8.0,0.0,0.0,1.0,0.0,0.38888888888888884,0.8666666666666667,0.40336134453781514,0.0,0.0,0,1.0,0.0,1.0,67.0,83210005.0,0.0,0.7190476,0.0,0,1,0,0,0,0,0,0,0,0,0,0,0,1,0,0,0,0,0,0,0,0
25.0,0.0,1.0,500.0,0.0,26.0,48.0,1.0,0.0,15.0,0.5454545454545452,0.0,0.0,0.0,0.0,0.0,0.0,0.0,0.0,0,1.0,0.0,1.0,67.0,83210005.0,0.0,0.7190476,0.0,0,1,0,0,0,0,0,0,0,0,0,0,0,0,0,0,0,1,0,0,0,0
22.0,0.0,1.0,500.0,0.0,26.0,60.0,1.0,1.0,11.0,0.18181818181818188,0.0,0.0,0.0,0.0,0.0,0.0,0.0,0.0,1,1.0,0.0,1.0,67.0,84210205.0,0.0,0.7190476,0.0,0,1,0,0,0,0,0,0,0,0,0,0,0,0,0,0,0,1,0,0,0,0
24.0,0.0,1.0,408.0,0.0,26.0,48.0,0.0,0.0,11.0,0.36363636363636354,0.0,1.0,0.0,0.1111111111111111,1.0,0.25210084033613445,0.0,0.0,1,1.0,0.0,1.0,67.0,84210305.0,0.0,0.7190476,0.0,0,1,0,0,0,0,0,0,0,0,0,0,0,0,0,0,0,1,0,0,0,0
23.0,0.0,1.0,300.0,0.0,24.0,84.0,0.0,0.0,11.0,0.2727272727272727,0.0,1.0,0.3815,0.0,0.8,0.40336134453781514,0.0,0.0,0,1.0,1.0,1.0,67.0,83220020.0,0.0,0.7190476,0.0,0,0,1,0,0,0,0,0,0,0,0,0,0,0,0,0,0,1,0,0,0,0
22.0,0.0,1.0,400.0,0.0,26.0,54.0,0.0,0.0,8.0,0.2727272727272727,0.0,1.0,0.35,0.0,0.6666666666666666,0.40336134453781514,0.0,0.0,0,1.0,1.0,1.0,67.0,84210205.0,0.0,0.7190476,0.0,0,1,0,0,0,0,0,0,0,0,0,0,0,0,1,0,0,0,0,0,0,0
23.0,0.0,1.0,408.0,0.0,28.0,54.0,1.0,1.0,11.0,0.36363636363636354,0.0,1.0,0.501,0.0,1.0,0.0,1.0,1.0,1,1.0,1.0,1.0,67.0,83220020.0,0.0,0.7190476,0.0,0,0,1,0,0,0,0,0,0,0,0,0,0,0,0,0,0,1,0,0,0,0
25.0,0.0,1.0,300.0,0.0,20.0,54.0,0.0,0.0,9.0,0.5454545454545452,0.0,1.0,0.358,0.0,1.0,0.47058823529411764,0.0,0.0,0,1.0,1.0,1.0,67.0,84210305.0,0.0,0.7190476,0.0,0,1,0,0,0,0,0,0,0,0,0,0,0,0,0,1,0,0,0,0,0,0
23.0,0.0,1.0,416.0,0.0,26.0,54.0,0.0,0.0,8.0,0.2727272727272727,0.0,1.0,0.0,0.0,0.7333333333333333,0.3361344537815126,0.0,0.0,0,1.0,0.0,1.0,67.0,84210305.0,0.0,0.7190476,0.0,0,1,0,0,0,0,0,0,0,0,0,0,1,0,0,0,0,0,0,0,0,0
26.0,0.0,1.0,408.0,0.0,26.0,48.0,1.0,1.0,7.0,0.5454545454545452,0.0,1.0,0.12,0.0,1.0,0.23529411764705882,0.0,0.0,1,1.0,1.0,1.0,67.0,84210305.0,0.0,0.7190476,0.0,0,1,0,0,0,0,0,0,0,0,0,0,0,1,0,0,0,0,0,0,0,0
22.0,0.0,1.0,381.5,0.0,26.0,48.0,1.0,1.0,12.0,0.2727272727272727,0.0,0.0,0.0,0.0,0.0,0.0,0.0,0.0,1,1.0,0.0,1.0,67.0,84210205.0,0.0,0.7190476,0.0,0,1,0,0,0,0,0,0,0,0,0,0,0,0,0,0,0,1,0,0,0,0
19.0,0.0,1.0,530.0,0.0,26.0,48.0,1.0,1.0,11.0,0.0,0.0,0.0,0.0,0.0,0.0,0.0,0.0,0.0,1,1.0,0.0,1.0,67.0,84210205.0,0.0,0.7190476,0.0,0,1,0,0,0,0,0,0,0,0,0,0,0,0,0,0,0,1,0,0,0,0
21.0,0.0,1.0,408.0,0.0,15.0,48.0,0.0,1.0,11.0,0.18181818181818188,0.0,0.0,0.0,0.0,0.0,0.0,0.0,0.0,1,1.0,0.0,1.0,67.0,83210005.0,0.0,0.7190476,0.0,0,1,0,0,0,0,0,0,0,0,0,0,0,0,0,0,0,1,0,0,0,0
25.0,0.0,1.0,0.0,40000.0,8.0,4.0,0.0,0.0,10.0,0.5454545454545452,1.0,0.0,0.0,0.0,0.0,0.0,0.0,0.0,1,0.0,0.0,1.0,67.0,83220020.0,1.0,0.7190476,1.0,0,0,1,0,0,0,0,0,0,0,0,0,0,0,0,1,0,0,0,0,0,0
20.0,0.0,1.0,408.0,0.0,24.0,54.0,0.0,1.0,9.0,0.0,0.0,0.0,0.0,0.0,0.0,0.0,0.0,0.0,0,1.0,0.0,1.0,67.0,84210305.0,0.0,0.7190476,0.0,0,1,0,0,0,0,0,0,0,0,0,0,0,0,0,1,0,0,0,0,0,0
22.0,0.0,1.0,0.0,480000.0,26.0,48.0,0.0,0.0,11.0,0.2727272727272727,0.0,1.0,0.3815,0.0,1.0,0.40336134453781514,0.0,0.0,1,0.0,1.0,1.0,67.0,84210305.0,0.0,0.7190476,0.0,0,1,0,0,0,0,0,0,0,0,0,0,0,0,0,0,0,1,0,0,0,0
21.0,0.0,1.0,400.0,0.0,26.0,70.0,0.0,0.0,11.0,0.18181818181818188,0.0,0.0,0.0,0.0,0.0,0.0,0.0,0.0,1,1.0,0.0,1.0,67.0,84210205.0,1.0,0.7190476,1.0,0,1,0,0,0,0,0,0,0,0,0,0,0,0,0,0,0,1,0,0,0,0
20.0,1.0,0.0,0.0,0.0,0.0,0.0,0.0,0.0,8.0,0.0,0.0,0.0,0.0,0.0,0.0,0.0,0.0,0.0,1,0.0,0.0,1.0,67.0,83210005.0,1.0,0.7190476,1.0,0,1,0,0,0,0,0,0,0,0,0,0,0,0,0,0,0,1,0,0,0,0
23.0,0.0,1.0,408.0,0.0,26.0,50.0,0.0,1.0,11.0,0.2727272727272727,0.0,1.0,0.0,0.3555555555555555,0.8,0.5042016806722689,0.0,0.0,1,1.0,0.0,1.0,67.0,83220020.0,0.0,0.7190476,0.0,0,0,1,0,0,0,0,0,0,0,0,0,1,0,0,0,0,0,0,0,0,0
20.0,0.0,1.0,408.0,0.0,30.0,49.0,0.0,0.0,11.0,0.18181818181818188,0.0,0.0,0.0,0.0,0.0,0.0,0.0,0.0,0,1.0,0.0,1.0,67.0,84210305.0,0.0,0.7190476,0.0,0,1,0,0,0,0,0,0,0,0,0,0,0,0,0,0,0,1,0,0,0,0
24.0,1.0,1.0,408.0,0.0,26.0,48.0,0.0,0.0,13.0,0.36363636363636354,0.0,1.0,0.0,0.0,0.4,0.25210084033613445,0.0,0.0,0,1.0,0.0,1.0,67.0,84210305.0,0.0,0.7190476,0.0,0,1,0,0,0,0,0,0,0,0,0,0,0,0,0,0,0,1,0,0,0,0
22.0,0.0,1.0,408.0,0.0,26.0,60.0,1.0,1.0,8.0,0.18181818181818188,0.0,1.0,0.0,0.0,0.4,0.3025210084033613,0.0,0.0,1,1.0,0.0,1.0,67.0,83210005.0,0.0,0.7190476,0.0,0,1,0,0,0,0,0,0,0,0,0,0,0,0,1,0,0,0,0,0,0,0
22.0,1.0,1.0,547.0,0.0,30.0,56.0,1.0,1.0,11.0,0.2727272727272727,1.0,0.0,0.0,0.0,0.0,0.0,0.0,0.0,0,1.0,0.0,1.0,67.0,84210305.0,0.0,0.7190476,0.0,0,1,0,0,0,0,0,0,0,0,0,0,0,0,0,0,0,1,0,0,0,0
22.0,0.0,1.0,0.0,360000.0,12.0,30.0,0.0,0.0,11.0,0.18181818181818188,0.0,1.0,0.0,0.1111111111111111,0.8666666666666667,0.6050420168067226,0.0,0.0,0,0.0,0.0,1.0,68.0,93510205.0,1.0,0.74561405,0.0,0,0,0,1,0,0,0,0,0,0,0,0,0,0,0,0,0,1,0,0,0,0
21.0,0.0,1.0,408.0,0.0,28.0,84.0,1.0,1.0,10.0,0.09090909090909083,0.0,0.0,0.0,0.0,0.0,0.0,0.0,0.0,0,1.0,0.0,1.0,68.0,93510050.0,1.0,0.74561405,0.0,0,0,0,1,0,0,0,0,0,0,0,0,0,0,0,0,0,1,0,0,0,0
22.0,0.0,1.0,0.0,200000.0,30.0,77.0,0.0,0.0,11.0,0.18181818181818188,0.0,0.0,0.0,0.0,0.0,0.0,0.0,0.0,1,0.0,0.0,1.0,68.0,93510205.0,1.0,0.74561405,1.0,0,0,0,1,0,0,0,0,0,0,0,0,0,0,0,0,0,1,0,0,0,0
24.0,0.0,1.0,408.0,0.0,26.0,48.0,1.0,1.0,5.0,0.09090909090909083,1.0,0.0,0.0,0.0,0.0,0.0,0.0,0.0,0,1.0,0.0,1.0,68.0,93510050.0,1.0,0.74561405,0.0,0,0,0,1,0,0,0,0,0,0,0,0,0,0,0,0,0,1,0,0,0,0
21.0,0.0,1.0,100.0,0.0,24.0,60.0,0.0,0.0,11.0,0.09090909090909083,1.0,0.0,0.0,0.0,0.0,0.0,0.0,0.0,0,1.0,0.0,1.0,68.0,93510050.0,1.0,0.74561405,0.0,0,0,0,1,0,0,0,0,0,0,0,0,1,0,0,0,0,0,0,0,0,0
25.0,1.0,1.0,350.0,0.0,26.0,60.0,0.0,0.0,11.0,0.5454545454545452,1.0,1.0,0.3815,0.0,0.8,0.453781512605042,0.0,0.0,0,1.0,1.0,1.0,68.0,93510205.0,1.0,0.74561405,0.0,0,0,0,1,0,0,0,0,0,0,0,0,0,0,0,0,0,1,0,0,0,0
24.0,1.0,1.0,408.0,0.0,26.0,72.0,0.0,0.0,11.0,0.36363636363636354,0.0,1.0,0.13999999999999999,0.0,0.6666666666666666,0.25210084033613445,0.0,0.0,1,1.0,1.0,1.0,68.0,93510205.0,1.0,0.74561405,1.0,0,0,0,1,0,0,0,0,0,0,0,0,0,0,0,0,0,1,0,0,0,0
20.0,0.0,1.0,240.0,0.0,26.0,48.0,1.0,1.0,11.0,0.0,0.0,0.0,0.0,0.0,0.0,0.0,0.0,0.0,1,1.0,0.0,1.0,68.0,93510050.0,0.0,0.74561405,0.0,0,0,0,1,0,0,0,0,0,0,0,0,0,0,0,0,0,1,0,0,0,0
23.0,1.0,1.0,350.0,0.0,26.0,60.0,0.0,1.0,10.0,0.36363636363636354,0.0,0.0,0.0,0.0,0.0,0.0,0.0,0.0,1,1.0,0.0,1.0,68.0,93510205.0,1.0,0.74561405,1.0,0,0,0,1,0,0,0,0,0,0,0,0,0,0,0,0,0,1,0,0,0,0
25.0,1.0,1.0,0.0,96000.0,26.0,30.0,0.0,0.0,11.0,0.45454545454545436,1.0,1.0,0.09,0.0,0.9333333333333333,0.3025210084033613,0.0,0.0,1,0.0,1.0,1.0,68.0,93510205.0,1.0,0.74561405,1.0,0,0,0,1,0,0,0,0,0,0,0,0,0,0,0,0,0,1,0,0,0,0
21.0,0.0,1.0,0.0,100000.0,12.0,30.0,0.0,0.0,11.0,0.09090909090909083,0.0,1.0,0.0,0.2222222222222222,0.8666666666666667,0.6050420168067226,0.0,0.0,0,0.0,0.0,1.0,68.0,93510205.0,1.0,0.74561405,0.0,0,0,0,1,0,0,0,0,0,0,0,0,0,0,0,0,0,1,0,0,0,0
25.0,1.0,1.0,0.0,350000.0,26.0,60.0,0.0,0.0,11.0,0.5454545454545452,1.0,0.0,0.0,0.0,0.0,0.0,0.0,0.0,0,0.0,0.0,1.0,68.0,93510205.0,1.0,0.74561405,0.0,0,0,0,1,0,0,0,0,0,0,0,0,0,0,0,0,1,0,0,0,0,0
24.0,1.0,1.0,100.0,0.0,20.0,30.0,0.0,0.0,8.0,0.45454545454545436,1.0,0.0,0.0,0.0,0.0,0.0,0.0,0.0,0,1.0,0.0,1.0,69.0,76140505.0,1.0,0.7518248,0.0,0,0,0,1,0,0,0,0,0,0,0,0,1,0,0,0,0,0,0,0,0,0
21.0,0.0,1.0,80.0,0.0,7.0,12.0,0.0,0.0,11.0,0.18181818181818188,0.0,0.0,0.0,0.0,0.0,0.0,0.0,0.0,0,1.0,0.0,1.0,69.0,13410130.0,0.0,0.7518248,0.0,0,0,0,1,0,0,0,0,0,0,0,0,0,0,0,0,0,1,0,0,0,0
23.0,0.0,1.0,0.0,300000.0,20.0,66.0,0.0,0.0,11.0,0.36363636363636354,0.0,1.0,0.0,0.3555555555555555,0.8,0.5042016806722689,0.0,0.0,1,0.0,0.0,1.0,69.0,13410130.0,1.0,0.7518248,1.0,0,0,0,1,0,0,0,0,0,0,0,0,0,0,0,0,0,1,0,0,0,0
20.0,0.0,1.0,408.0,0.0,26.0,48.0,0.0,1.0,9.0,0.09090909090909083,0.0,1.0,0.09,0.0,0.8666666666666667,0.5042016806722689,0.0,0.0,1,1.0,1.0,1.0,69.0,13310120.0,0.0,0.7518248,0.0,0,0,0,1,0,0,0,0,0,0,0,0,0,0,0,1,0,0,0,0,0,0
20.0,0.0,1.0,275.0,0.0,26.0,48.0,0.0,0.0,11.0,0.0,0.0,0.0,0.0,0.0,0.0,0.0,0.0,0.0,0,1.0,0.0,1.0,69.0,13410130.0,0.0,0.7518248,0.0,0,0,0,1,0,0,0,0,0,0,0,0,0,0,0,0,0,1,0,0,0,0
23.0,0.0,1.0,380.0,0.0,30.0,42.0,0.0,0.0,11.0,0.2727272727272727,0.0,0.0,0.0,0.0,0.0,0.0,0.0,0.0,1,1.0,0.0,1.0,69.0,13410130.0,1.0,0.7518248,1.0,0,0,0,1,0,0,0,0,0,0,0,0,0,0,0,0,0,1,0,0,0,0
22.0,0.0,1.0,500.0,0.0,30.0,64.0,1.0,1.0,11.0,0.2727272727272727,0.0,1.0,0.358,0.0,0.6666666666666666,0.5042016806722689,1.0,1.0,0,1.0,1.0,1.0,69.0,13410130.0,0.0,0.7518248,0.0,0,0,0,1,0,0,0,0,0,0,0,0,0,0,0,0,0,1,0,0,0,0
25.0,1.0,1.0,0.0,400000.0,26.0,56.0,0.0,0.0,6.0,0.5454545454545452,1.0,1.0,0.0,0.4222222222222222,0.8,0.5042016806722689,0.0,0.0,0,0.0,0.0,1.0,69.0,76140505.0,0.0,0.7518248,0.0,0,0,0,1,0,0,0,0,0,0,0,0,1,0,0,0,0,0,0,0,0,0
21.0,0.0,0.0,0.0,0.0,0.0,0.0,0.0,0.0,11.0,0.18181818181818188,0.0,0.0,0.0,0.0,0.0,0.0,0.0,0.0,0,0.0,0.0,1.0,69.0,13410130.0,0.0,0.7518248,0.0,0,0,0,1,0,0,0,0,0,0,0,0,0,0,0,0,1,0,0,0,0,0
26.0,0.0,1.0,408.0,0.0,24.0,56.0,0.0,1.0,8.0,0.5454545454545452,0.0,1.0,0.3815,0.0,0.8333333333333334,0.47058823529411764,0.0,1.0,0,1.0,1.0,1.0,69.0,76140505.0,0.0,0.7518248,0.0,0,0,0,1,0,0,0,0,0,0,0,0,0,0,1,0,0,0,0,0,0,0
21.0,0.0,1.0,482.0,0.0,30.0,70.0,1.0,1.0,13.0,0.8181818181818181,0.0,0.0,0.0,0.0,0.0,0.0,0.0,0.0,1,1.0,0.0,1.0,69.0,13310120.0,0.0,0.7518248,0.0,0,0,0,1,0,0,0,0,0,0,0,0,0,0,0,0,0,1,0,0,0,0
21.0,0.0,1.0,500.0,0.0,26.0,54.0,1.0,1.0,11.0,0.18181818181818188,0.0,1.0,0.26,0.0,0.8,0.5126050420168067,0.0,0.0,1,1.0,1.0,1.0,69.0,66110005.0,0.0,0.7518248,0.0,0,0,0,1,0,0,0,0,0,0,0,0,0,0,0,0,0,1,0,0,0,0
25.0,1.0,1.0,600.0,0.0,30.0,56.0,0.0,0.0,11.0,0.5454545454545452,1.0,1.0,0.35,0.0,1.0,0.4369747899159664,0.0,1.0,0,1.0,1.0,1.0,69.0,13310120.0,0.0,0.7518248,0.0,0,0,0,1,0,0,0,0,0,0,0,0,0,0,0,0,0,1,0,0,0,0
24.0,0.0,1.0,338.0,0.0,26.0,60.0,0.0,0.0,11.0,0.45454545454545436,0.0,1.0,0.0,0.05555555555555555,0.8666666666666667,0.3025210084033613,0.0,0.0,1,1.0,0.0,1.0,69.0,13310120.0,0.0,0.7518248,0.0,0,0,0,1,0,0,0,0,0,0,0,0,0,0,0,0,0,1,0,0,0,0
24.0,1.0,1.0,408.0,0.0,26.0,48.0,1.0,1.0,11.0,0.45454545454545436,1.0,1.0,0.16,0.0,0.6666666666666666,0.3361344537815126,0.0,1.0,1,1.0,1.0,1.0,69.0,13410130.0,1.0,0.7518248,1.0,0,0,0,1,0,0,0,0,0,0,0,0,0,0,0,0,0,1,0,0,0,0
22.0,0.0,1.0,200.0,0.0,26.0,48.0,0.0,0.0,11.0,0.2727272727272727,0.0,0.0,0.0,0.0,0.0,0.0,0.0,0.0,0,1.0,0.0,1.0,69.0,66110005.0,0.0,0.7518248,0.0,0,0,0,1,0,0,0,0,0,0,0,0,0,0,0,0,0,1,0,0,0,0
22.0,0.0,1.0,408.0,0.0,26.0,60.0,1.0,1.0,11.0,0.2727272727272727,0.0,0.0,0.0,0.0,0.0,0.0,0.0,0.0,0,1.0,0.0,1.0,69.0,13410130.0,0.0,0.7518248,0.0,0,0,0,1,0,0,0,0,0,0,0,0,0,0,0,0,0,1,0,0,0,0
22.0,0.0,1.0,32.0,0.0,4.0,8.0,0.0,0.0,6.0,0.2727272727272727,0.0,1.0,0.12,0.0,0.8,0.40336134453781514,0.0,0.0,0,1.0,1.0,1.0,69.0,76140505.0,0.0,0.7518248,0.0,0,0,0,1,0,0,0,0,0,0,0,0,0,0,0,0,0,1,0,0,0,0
25.0,1.0,1.0,408.0,0.0,28.0,84.0,1.0,1.0,10.0,0.5454545454545452,1.0,1.0,0.0,0.0,1.0,0.7058823529411764,1.0,1.0,0,1.0,0.0,1.0,69.0,66110005.0,0.0,0.7518248,0.0,0,0,0,1,0,0,0,0,0,0,0,0,1,0,0,0,0,0,0,0,0,0
22.0,1.0,1.0,0.0,70000.0,20.0,28.0,0.0,0.0,8.0,0.5454545454545452,1.0,0.0,0.0,0.0,0.0,0.0,0.0,0.0,0,0.0,0.0,1.0,69.0,66110005.0,1.0,0.7518248,0.0,0,0,0,1,0,0,0,0,0,0,0,0,0,0,0,0,0,1,0,0,0,0
22.0,1.0,1.0,180.0,0.0,26.0,54.0,0.0,1.0,5.0,0.2727272727272727,1.0,0.0,0.0,0.0,0.0,0.0,0.0,0.0,0,1.0,0.0,1.0,69.0,13410130.0,0.0,0.7518248,0.0,0,0,0,1,0,0,0,0,0,0,0,1,0,0,0,0,0,0,0,0,0,0
22.0,1.0,1.0,408.0,0.0,26.0,48.0,1.0,1.0,11.0,0.18181818181818188,1.0,0.0,0.0,0.0,0.0,0.0,0.0,0.0,1,1.0,0.0,1.0,69.0,66110005.0,1.0,0.7518248,1.0,0,0,0,1,0,0,0,0,0,0,0,0,0,0,0,0,0,1,0,0,0,0
21.0,1.0,0.0,0.0,0.0,0.0,0.0,0.0,0.0,11.0,0.09090909090909083,0.0,0.0,0.0,0.0,0.0,0.0,0.0,0.0,1,0.0,0.0,1.0,69.0,76140505.0,1.0,0.7518248,1.0,0,0,0,1,0,0,0,0,0,0,0,0,0,0,0,0,0,1,0,0,0,0
22.0,1.0,0.0,0.0,0.0,0.0,0.0,0.0,0.0,6.0,0.18181818181818188,1.0,1.0,0.16,0.0,0.8,0.6050420168067226,0.0,0.0,0,0.0,1.0,1.0,69.0,76140505.0,1.0,0.7518248,0.0,0,0,0,1,0,0,0,0,0,0,0,0,0,0,0,0,0,1,0,0,0,0
21.0,0.0,1.0,408.0,0.0,20.0,45.0,1.0,1.0,11.0,0.09090909090909083,0.0,1.0,0.39999999999999997,0.0,0.8666666666666667,0.6470588235294117,0.0,0.0,1,1.0,1.0,1.0,69.0,13310120.0,0.0,0.7518248,0.0,0,0,0,1,0,0,0,0,0,0,0,0,0,0,0,0,0,1,0,0,0,0
21.0,1.0,1.0,360.0,0.0,24.0,48.0,0.0,1.0,11.0,0.09090909090909083,1.0,1.0,0.38,0.0,0.8666666666666667,0.453781512605042,0.0,0.0,0,1.0,1.0,1.0,69.0,13410130.0,0.0,0.7518248,0.0,0,0,0,1,0,0,0,0,0,0,0,0,0,0,0,0,0,1,0,0,0,0
26.0,1.0,0.0,0.0,0.0,0.0,0.0,0.0,0.0,5.0,0.6363636363636365,0.0,0.0,0.0,0.0,0.0,0.0,0.0,0.0,0,0.0,0.0,1.0,69.0,13310120.0,1.0,0.7518248,0.0,0,0,0,1,0,0,0,0,0,0,0,1,0,0,0,0,0,0,0,0,0,0
21.0,0.0,1.0,381.5,0.0,26.0,60.0,0.0,0.0,11.0,0.18181818181818188,0.0,0.0,0.0,0.0,0.0,0.0,0.0,0.0,1,1.0,0.0,1.0,69.0,13310120.0,1.0,0.7518248,1.0,0,0,0,1,0,0,0,0,0,0,0,0,0,0,0,0,0,1,0,0,0,0
23.0,0.0,1.0,0.0,0.0,5.0,50.0,0.0,0.0,7.0,0.2727272727272727,0.0,0.0,0.0,0.0,0.0,0.0,0.0,0.0,1,0.0,0.0,1.0,69.0,76140505.0,1.0,0.7518248,1.0,0,0,0,1,0,0,0,0,0,0,0,0,0,0,0,0,0,1,0,0,0,0
23.0,0.0,1.0,240.0,0.0,24.0,54.0,0.0,0.0,11.0,0.36363636363636354,0.0,1.0,0.3815,0.0,1.0,0.4369747899159664,0.0,0.0,1,1.0,1.0,1.0,69.0,13410130.0,0.0,0.7518248,0.0,0,0,0,1,0,0,0,0,0,0,0,0,0,0,0,0,0,1,0,0,0,0
22.0,0.0,0.0,0.0,0.0,0.0,0.0,0.0,0.0,11.0,0.2727272727272727,0.0,0.0,0.0,0.0,0.0,0.0,0.0,0.0,1,0.0,0.0,1.0,69.0,76140505.0,1.0,0.7518248,1.0,0,0,0,1,0,0,0,0,0,0,0,0,1,0,0,0,0,0,0,0,0,0
22.0,0.0,1.0,0.0,80000.0,26.0,21.0,0.0,0.0,11.0,0.2727272727272727,0.0,1.0,0.13999999999999999,0.0,0.8,0.6050420168067226,0.0,0.0,0,0.0,1.0,1.0,69.0,13410130.0,1.0,0.7518248,0.0,0,0,0,1,0,0,0,0,0,0,0,0,0,0,0,0,0,1,0,0,0,0
20.0,0.0,1.0,225.0,0.0,15.0,16.0,0.0,0.0,11.0,0.0,0.0,0.0,0.0,0.0,0.0,0.0,0.0,0.0,1,1.0,0.0,1.0,69.0,76140505.0,0.0,0.7518248,0.0,0,0,0,1,0,0,0,0,0,0,0,0,0,0,0,0,0,1,0,0,0,0
22.0,0.0,1.0,0.0,260000.0,26.0,45.0,0.0,0.0,10.0,0.2727272727272727,0.0,0.0,0.0,0.0,0.0,0.0,0.0,0.0,0,0.0,0.0,1.0,69.0,76140505.0,0.0,0.7518248,0.0,0,0,0,1,0,0,0,0,0,0,0,0,0,0,0,0,0,1,0,0,0,0
22.0,0.0,1.0,381.5,0.0,30.0,48.0,0.0,1.0,9.0,0.18181818181818188,0.0,1.0,0.358,0.0,0.8,0.5042016806722689,0.0,1.0,0,1.0,1.0,1.0,69.0,13310120.0,0.0,0.7518248,0.0,0,0,0,1,0,0,0,0,0,0,0,0,0,0,0,1,0,0,0,0,0,0
25.0,0.0,1.0,400.0,0.0,28.0,77.0,0.0,0.0,11.0,0.45454545454545436,0.0,1.0,0.0,0.0,1.0,0.6722689075630252,0.0,0.0,0,1.0,0.0,1.0,69.0,13310120.0,1.0,0.7518248,0.0,0,0,0,1,0,0,0,0,0,0,0,0,0,0,0,0,0,1,0,0,0,0
22.0,0.0,1.0,408.0,0.0,26.0,50.0,0.0,1.0,9.0,0.2727272727272727,0.0,0.0,0.0,0.0,0.0,0.0,0.0,0.0,0,1.0,0.0,1.0,69.0,13310120.0,0.0,0.7518248,0.0,0,0,0,1,0,0,0,0,0,0,0,0,0,0,0,1,0,0,0,0,0,0
22.0,0.0,1.0,500.0,0.0,30.0,56.0,0.0,1.0,11.0,0.2727272727272727,0.0,1.0,0.44999999999999996,0.0,0.6666666666666666,0.3361344537815126,0.0,0.0,1,1.0,1.0,1.0,69.0,66110005.0,1.0,0.7518248,1.0,0,0,0,1,0,0,0,0,0,0,0,0,0,0,0,0,0,1,0,0,0,0
20.0,0.0,0.0,0.0,0.0,0.0,0.0,0.0,0.0,6.0,0.0,0.0,0.0,0.0,0.0,0.0,0.0,0.0,0.0,0,0.0,0.0,1.0,69.0,66110005.0,0.0,0.7518248,0.0,0,0,0,1,0,0,0,0,0,0,0,1,0,0,0,0,0,0,0,0,0,0
20.0,0.0,1.0,250.0,0.0,28.0,70.0,0.0,1.0,11.0,0.0,0.0,0.0,0.0,0.0,0.0,0.0,0.0,0.0,1,1.0,0.0,1.0,70.0,13530010.0,0.0,0.75,0.0,0,0,0,1,0,0,0,0,0,0,0,0,0,0,0,0,0,1,0,0,0,0
25.0,0.0,0.0,0.0,0.0,0.0,0.0,0.0,0.0,7.0,0.5454545454545452,0.0,1.0,0.358,0.0,0.8,0.7563025210084033,0.0,0.0,1,0.0,1.0,1.0,70.0,13530010.0,1.0,0.75,1.0,0,0,0,1,0,0,0,0,0,0,0,0,0,1,0,0,0,0,0,0,0,0
19.0,0.0,1.0,250.0,0.0,26.0,48.0,0.0,0.0,11.0,0.0,0.0,0.0,0.0,0.0,0.0,0.0,0.0,0.0,0,1.0,0.0,1.0,70.0,13530010.0,1.0,0.75,0.0,0,0,0,1,0,0,0,0,0,0,0,0,0,0,0,0,0,1,0,0,0,0
19.0,0.0,1.0,480.0,0.0,24.0,48.0,0.0,1.0,9.0,0.0,0.0,0.0,0.0,0.0,0.0,0.0,0.0,0.0,1,1.0,0.0,1.0,70.0,13530010.0,0.0,0.75,0.0,0,0,0,1,0,0,0,0,0,0,0,0,0,0,1,0,0,0,0,0,0,0
26.0,0.0,1.0,0.0,140000.0,26.0,48.0,0.0,0.0,5.0,0.6363636363636365,0.0,1.0,0.0,0.0,0.8,0.5042016806722689,0.0,0.0,0,0.0,0.0,1.0,71.0,13310010.0,1.0,0.7518797,0.0,0,0,0,1,0,0,0,0,0,0,0,1,0,0,0,0,0,0,0,0,0,0
25.0,0.0,1.0,350.0,0.0,6.0,60.0,0.0,1.0,11.0,0.45454545454545436,0.0,0.0,0.0,0.0,0.0,0.0,0.0,0.0,1,1.0,0.0,1.0,71.0,13310010.0,1.0,0.7518797,1.0,0,0,0,1,0,0,0,0,0,0,0,0,0,0,0,0,0,1,0,0,0,0
26.0,0.0,1.0,408.0,0.0,28.0,56.0,0.0,0.0,5.0,0.5454545454545452,0.0,0.0,0.0,0.0,0.0,0.0,0.0,0.0,0,1.0,0.0,1.0,71.0,13310010.0,0.0,0.7518797,0.0,0,0,0,1,0,0,0,0,0,0,0,1,0,0,0,0,0,0,0,0,0,0
21.0,0.0,1.0,0.0,381500.0,28.0,77.0,0.0,0.0,6.0,0.09090909090909083,0.0,0.0,0.0,0.0,0.0,0.0,0.0,0.0,0,0.0,0.0,1.0,71.0,13410005.0,0.0,0.7518797,0.0,0,0,0,1,0,0,0,0,0,0,0,0,0,0,0,0,0,1,0,0,0,0
22.0,1.0,0.0,0.0,0.0,0.0,0.0,0.0,0.0,7.0,0.2727272727272727,0.0,0.0,0.0,0.0,0.0,0.0,0.0,0.0,0,0.0,0.0,1.0,71.0,13410005.0,1.0,0.7518797,0.0,0,0,0,1,0,0,0,0,0,0,0,0,0,0,1,0,0,0,0,0,0,0
19.0,0.0,1.0,240.0,0.0,24.0,48.0,0.0,0.0,11.0,0.0,0.0,0.0,0.0,0.0,0.0,0.0,0.0,0.0,0,1.0,0.0,1.0,71.0,13310010.0,0.0,0.7518797,0.0,0,0,0,1,0,0,0,0,0,0,0,0,0,0,0,0,0,1,0,0,0,0
25.0,0.0,1.0,0.0,160000.0,15.0,30.0,0.0,0.0,6.0,0.45454545454545436,0.0,1.0,0.3815,0.0,0.8,0.29411764705882354,0.0,0.0,1,0.0,1.0,1.0,71.0,13410005.0,1.0,0.7518797,1.0,0,0,0,1,0,0,0,0,0,0,0,0,0,1,0,0,0,0,0,0,0,0
20.0,0.0,0.0,0.0,0.0,0.0,0.0,0.0,0.0,8.0,0.0,0.0,1.0,0.36,0.0,0.8,0.5042016806722689,0.0,0.0,0,0.0,1.0,1.0,71.0,13310010.0,0.0,0.7518797,0.0,0,0,0,1,0,0,0,0,0,0,0,0,0,0,1,0,0,0,0,0,0,0
23.0,1.0,1.0,520.0,0.0,26.0,54.0,0.0,1.0,7.0,0.2727272727272727,0.0,1.0,0.27999999999999997,0.0,0.8666666666666667,0.6722689075630252,0.0,0.0,0,1.0,1.0,1.0,71.0,13310010.0,0.0,0.7518797,0.0,0,0,0,1,0,0,0,0,0,0,0,0,1,0,0,0,0,0,0,0,0,0
26.0,1.0,1.0,0.0,480000.0,26.0,48.0,0.0,0.0,11.0,0.5454545454545452,0.0,1.0,0.37,0.0,0.8666666666666667,0.453781512605042,1.0,0.0,0,0.0,1.0,1.0,71.0,13410005.0,0.0,0.7518797,0.0,0,0,0,1,0,0,0,0,0,0,0,0,0,0,0,0,1,0,0,0,0,0
23.0,0.0,1.0,110.0,0.0,24.0,24.0,0.0,0.0,10.0,0.36363636363636354,0.0,0.0,0.0,0.0,0.0,0.0,0.0,0.0,0,1.0,0.0,1.0,71.0,13410005.0,1.0,0.7518797,0.0,0,0,0,1,0,0,0,0,0,0,0,0,0,0,0,1,0,0,0,0,0,0
26.0,0.0,0.0,0.0,0.0,0.0,0.0,0.0,0.0,11.0,0.6363636363636365,0.0,0.0,0.0,0.0,0.0,0.0,0.0,0.0,1,0.0,0.0,1.0,71.0,13310010.0,0.0,0.7518797,0.0,0,0,0,1,0,0,0,0,0,0,0,0,0,0,0,0,0,1,0,0,0,0
24.0,1.0,1.0,0.0,100000.0,6.0,48.0,0.0,0.0,11.0,0.45454545454545436,1.0,0.0,0.0,0.0,0.0,0.0,0.0,0.0,0,0.0,0.0,1.0,71.0,13410005.0,1.0,0.7518797,0.0,0,0,0,1,0,0,0,0,0,0,0,0,0,0,0,0,0,1,0,0,0,0
23.0,0.0,1.0,0.0,280000.0,20.0,30.0,0.0,0.0,9.0,0.2727272727272727,0.0,1.0,0.0,0.27777777777777773,0.6666666666666666,0.37815126050420167,0.0,0.0,1,0.0,0.0,1.0,71.0,13410005.0,0.0,0.7518797,0.0,0,0,0,1,0,0,0,0,0,0,0,0,0,0,0,1,0,0,0,0,0,0
20.0,1.0,1.0,600.0,0.0,26.0,56.0,1.0,1.0,11.0,0.09090909090909083,0.0,0.0,0.0,0.0,0.0,0.0,0.0,0.0,1,1.0,0.0,1.0,71.0,13310010.0,0.0,0.7518797,0.0,0,0,0,1,0,0,0,0,0,0,0,0,0,0,0,0,0,1,0,0,0,0
20.0,1.0,0.0,0.0,0.0,0.0,0.0,0.0,0.0,9.0,0.0,0.0,0.0,0.0,0.0,0.0,0.0,0.0,0.0,1,0.0,0.0,1.0,72.0,13120005.0,1.0,0.75,1.0,0,0,0,1,0,0,0,0,0,0,0,0,0,0,1,0,0,0,0,0,0,0
23.0,0.0,0.0,0.0,0.0,0.0,0.0,0.0,0.0,11.0,0.36363636363636354,0.0,0.0,0.0,0.0,0.0,0.0,0.0,0.0,0,0.0,0.0,1.0,72.0,13120005.0,1.0,0.75,0.0,0,0,0,1,0,0,0,0,0,0,0,0,0,0,0,0,0,1,0,0,0,0
23.0,0.0,1.0,200.0,0.0,26.0,60.0,0.0,0.0,7.0,0.36363636363636354,1.0,1.0,0.358,0.0,0.8,0.4453781512605042,0.0,0.0,0,1.0,1.0,1.0,72.0,13120005.0,1.0,0.75,0.0,0,0,0,1,0,0,0,0,0,0,0,0,0,1,0,0,0,0,0,0,0,0
22.0,0.0,1.0,0.0,300000.0,30.0,98.0,0.0,0.0,11.0,0.2727272727272727,0.0,1.0,0.0,0.0,0.8,0.5042016806722689,0.0,0.0,0,0.0,0.0,1.0,72.0,13120005.0,0.0,0.75,0.0,0,0,0,1,0,0,0,0,0,0,0,0,0,0,0,0,0,1,0,0,0,0
24.0,1.0,1.0,120.0,0.0,8.0,24.0,0.0,0.0,11.0,0.45454545454545436,1.0,1.0,0.16999999999999998,0.0,1.0,0.23529411764705882,0.0,0.0,1,1.0,1.0,1.0,73.0,93510020.0,1.0,0.8128342,1.0,0,0,0,1,0,0,0,0,0,0,0,0,0,0,0,0,0,1,0,0,0,0
20.0,0.0,1.0,0.0,50000.0,5.0,4.0,0.0,0.0,11.0,0.09090909090909083,0.0,1.0,0.358,0.0,0.8,0.36974789915966383,0.0,1.0,1,0.0,1.0,1.0,73.0,13120005.0,1.0,0.8128342,1.0,0,0,0,1,0,0,0,0,0,0,0,0,0,0,0,0,0,1,0,0,0,0
23.0,0.0,0.0,0.0,0.0,0.0,0.0,0.0,0.0,11.0,0.36363636363636354,0.0,0.0,0.0,0.0,0.0,0.0,0.0,0.0,0,0.0,0.0,1.0,73.0,13410130.0,1.0,0.8128342,0.0,0,0,0,1,0,0,0,0,0,0,0,0,0,0,0,0,0,1,0,0,0,0
20.0,0.0,1.0,200.0,0.0,22.0,35.0,0.0,1.0,11.0,0.09090909090909083,0.0,1.0,0.049999999999999996,0.0,0.8,0.20168067226890757,0.0,1.0,1,1.0,1.0,1.0,73.0,13530010.0,0.0,0.8128342,0.0,0,0,0,1,0,0,0,0,0,0,0,0,0,0,0,0,0,1,0,0,0,0
20.0,0.0,1.0,260.0,0.0,28.0,84.0,1.0,1.0,11.0,0.0,0.0,0.0,0.0,0.0,0.0,0.0,0.0,0.0,1,1.0,0.0,1.0,73.0,13120005.0,0.0,0.8128342,0.0,0,0,0,1,0,0,0,0,0,0,0,0,0,0,0,0,0,1,0,0,0,0
20.0,0.0,1.0,220.0,0.0,30.0,70.0,0.0,0.0,11.0,0.0,0.0,1.0,0.2893,0.0,0.8333333333333334,0.12605042016806722,1.0,1.0,1,1.0,1.0,1.0,73.0,13530010.0,0.0,0.8128342,0.0,0,0,0,1,0,0,0,0,0,0,0,0,0,0,0,0,0,1,0,0,0,0
22.0,0.0,1.0,55.0,0.0,7.0,30.0,0.0,0.0,11.0,0.18181818181818188,0.0,1.0,0.145,0.0,0.7333333333333333,0.40336134453781514,1.0,1.0,1,1.0,1.0,1.0,73.0,13530010.0,1.0,0.8128342,1.0,0,0,0,1,0,0,0,0,0,0,0,0,0,0,0,0,0,1,0,0,0,0
22.0,0.0,1.0,0.0,400000.0,24.0,48.0,0.0,0.0,11.0,0.18181818181818188,0.0,1.0,0.15,0.0,0.6666666666666666,0.42016806722689076,0.0,0.0,1,0.0,1.0,1.0,73.0,13530010.0,1.0,0.8128342,1.0,0,0,0,1,0,0,0,0,0,0,0,0,0,0,0,0,0,1,0,0,0,0
27.0,1.0,1.0,408.0,0.0,28.0,77.0,1.0,1.0,11.0,0.6363636363636365,1.0,1.0,0.0,0.0,0.8,0.453781512605042,0.0,0.0,0,1.0,0.0,1.0,73.0,13410130.0,1.0,0.8128342,0.0,0,0,0,1,0,0,0,0,0,0,0,0,0,0,0,0,0,1,0,0,0,0
26.0,0.0,1.0,580.0,0.0,20.0,47.0,1.0,1.0,11.0,0.6363636363636365,0.0,0.0,0.0,0.0,0.0,0.0,0.0,0.0,1,1.0,0.0,1.0,73.0,13410130.0,1.0,0.8128342,1.0,0,0,0,1,0,0,0,0,0,0,0,0,0,0,0,0,0,1,0,0,0,0
24.0,1.0,1.0,160.0,0.0,26.0,60.0,0.0,0.0,11.0,0.45454545454545436,1.0,0.0,0.0,0.0,0.0,0.0,0.0,0.0,0,1.0,0.0,1.0,73.0,13120005.0,1.0,0.8128342,0.0,0,0,0,1,0,0,0,0,0,0,0,0,0,0,0,0,0,1,0,0,0,0
20.0,1.0,1.0,0.0,200000.0,24.0,60.0,0.0,0.0,11.0,0.0,1.0,1.0,0.237,0.0,1.0,0.6722689075630252,0.0,0.0,1,0.0,1.0,1.0,73.0,93510020.0,1.0,0.8128342,1.0,0,0,0,1,0,0,0,0,0,0,0,0,0,0,0,0,0,1,0,0,0,0
26.0,1.0,1.0,0.0,90000.0,30.0,21.0,0.0,0.0,11.0,0.7272727272727273,1.0,1.0,0.0,0.0,0.8666666666666667,0.40336134453781514,0.0,0.0,1,0.0,0.0,1.0,73.0,13120005.0,1.0,0.8128342,1.0,0,0,0,1,0,0,0,0,0,0,0,0,0,0,0,0,0,1,0,0,0,0
20.0,1.0,1.0,0.0,1000000.0,30.0,84.0,0.0,0.0,11.0,0.09090909090909083,1.0,0.0,0.0,0.0,0.0,0.0,0.0,0.0,1,0.0,0.0,1.0,73.0,93510020.0,1.0,0.8128342,1.0,0,0,0,1,0,0,0,0,0,0,0,0,0,0,0,0,0,1,0,0,0,0
24.0,1.0,1.0,384.0,0.0,30.0,60.0,0.0,0.0,11.0,0.45454545454545436,0.0,1.0,0.358,0.0,0.8,0.6050420168067226,0.0,0.0,1,1.0,1.0,1.0,73.0,93510020.0,1.0,0.8128342,1.0,0,0,0,1,0,0,0,0,0,0,0,0,0,0,0,0,0,1,0,0,0,0
26.0,1.0,1.0,0.0,156000.0,12.0,24.0,0.0,0.0,11.0,0.5454545454545452,1.0,0.0,0.0,0.0,0.0,0.0,0.0,0.0,0,0.0,0.0,1.0,73.0,13120005.0,1.0,0.8128342,0.0,0,0,0,1,0,0,0,0,0,0,0,0,0,0,0,0,0,1,0,0,0,0
26.0,0.0,1.0,200.0,0.0,26.0,54.0,0.0,0.0,11.0,0.5454545454545452,1.0,1.0,0.19999999999999998,0.0,0.8,0.3025210084033613,0.0,0.0,1,1.0,1.0,1.0,73.0,13120005.0,1.0,0.8128342,1.0,0,0,0,1,0,0,0,0,0,0,0,0,0,0,0,0,0,1,0,0,0,0
21.0,0.0,0.0,0.0,0.0,0.0,0.0,0.0,0.0,11.0,0.09090909090909083,0.0,0.0,0.0,0.0,0.0,0.0,0.0,0.0,1,0.0,0.0,1.0,73.0,13410130.0,0.0,0.8128342,0.0,0,0,0,1,0,0,0,0,0,0,0,0,0,0,0,0,0,1,0,0,0,0
23.0,1.0,1.0,0.0,50000.0,5.0,20.0,0.0,0.0,11.0,0.2727272727272727,1.0,1.0,0.358,0.0,1.0,0.47058823529411764,1.0,1.0,1,0.0,1.0,1.0,73.0,13410130.0,1.0,0.8128342,1.0,0,0,0,1,0,0,0,0,0,0,0,0,0,0,0,0,0,1,0,0,0,0
23.0,1.0,1.0,0.0,100000.0,26.0,30.0,0.0,0.0,8.0,0.2727272727272727,1.0,0.0,0.0,0.0,0.0,0.0,0.0,0.0,1,0.0,0.0,1.0,73.0,93510020.0,1.0,0.8128342,1.0,0,0,0,1,0,0,0,0,0,0,0,0,0,0,1,0,0,0,0,0,0,0
25.0,0.0,1.0,0.0,150000.0,30.0,56.0,0.0,0.0,11.0,0.45454545454545436,0.0,1.0,0.16999999999999998,0.0,1.0,0.6890756302521008,0.0,0.0,1,0.0,1.0,1.0,73.0,13410130.0,1.0,0.8128342,1.0,0,0,0,1,0,0,0,0,0,0,0,0,0,0,0,0,0,1,0,0,0,0
21.0,1.0,1.0,0.0,100000.0,12.0,18.0,0.0,0.0,10.0,0.18181818181818188,1.0,1.0,0.358,0.0,0.8,0.3025210084033613,0.0,0.0,0,0.0,1.0,1.0,73.0,13120005.0,0.0,0.8128342,0.0,0,0,0,1,0,0,0,0,0,0,0,0,0,0,0,0,1,0,0,0,0,0
25.0,0.0,1.0,136.0,0.0,8.0,88.0,0.0,0.0,10.0,0.5454545454545452,0.0,0.0,0.0,0.0,0.0,0.0,0.0,0.0,1,1.0,0.0,1.0,73.0,13120005.0,0.0,0.8128342,0.0,0,0,0,1,0,0,0,0,0,0,0,0,0,0,0,0,1,0,0,0,0,0
23.0,0.0,1.0,550.0,0.0,24.0,77.0,1.0,1.0,11.0,0.2727272727272727,0.0,1.0,0.3815,0.0,0.8,0.5042016806722689,0.0,1.0,0,1.0,1.0,1.0,74.0,13710005.0,0.0,0.77707005,0.0,0,0,0,1,0,0,0,0,0,0,0,0,0,0,0,0,0,1,0,0,0,0
23.0,1.0,1.0,408.0,0.0,26.0,48.0,1.0,1.0,11.0,0.2727272727272727,0.0,1.0,0.358,0.0,0.8,0.47058823529411764,1.0,1.0,1,1.0,1.0,1.0,74.0,13410005.0,0.0,0.77707005,0.0,0,0,0,1,0,0,0,0,0,0,0,0,0,0,0,0,0,1,0,0,0,0
23.0,0.0,1.0,287.0,0.0,26.0,48.0,1.0,1.0,11.0,0.2727272727272727,0.0,0.0,0.0,0.0,0.0,0.0,0.0,0.0,0,1.0,0.0,1.0,74.0,13310010.0,1.0,0.77707005,0.0,0,0,0,1,0,0,0,0,0,0,0,0,0,0,0,0,0,1,0,0,0,0
25.0,1.0,1.0,340.0,0.0,20.0,40.0,0.0,0.0,11.0,0.45454545454545436,1.0,1.0,0.0,0.0,0.8333333333333334,0.40336134453781514,0.0,0.0,0,1.0,0.0,1.0,74.0,13710005.0,0.0,0.77707005,0.0,0,0,0,1,0,0,0,0,0,0,0,0,0,0,0,0,0,1,0,0,0,0
22.0,0.0,0.0,0.0,0.0,0.0,0.0,0.0,0.0,9.0,0.2727272727272727,0.0,1.0,0.0,0.0,0.8666666666666667,0.3025210084033613,0.0,0.0,0,0.0,0.0,1.0,74.0,66210010.0,1.0,0.77707005,0.0,0,0,0,1,0,0,0,0,0,0,0,0,0,0,0,1,0,0,0,0,0,0
24.0,0.0,1.0,408.0,0.0,26.0,48.0,1.0,1.0,11.0,0.45454545454545436,0.0,0.0,0.0,0.0,0.0,0.0,0.0,0.0,1,1.0,0.0,1.0,74.0,13310010.0,1.0,0.77707005,1.0,0,0,0,1,0,0,0,0,0,0,0,0,0,0,0,0,0,1,0,0,0,0
22.0,0.0,1.0,408.0,0.0,26.0,48.0,1.0,1.0,11.0,0.18181818181818188,0.0,0.0,0.0,0.0,0.0,0.0,0.0,0.0,1,1.0,0.0,1.0,74.0,66210010.0,0.0,0.77707005,0.0,0,0,0,1,0,0,0,0,0,0,0,0,0,0,0,0,0,1,0,0,0,0
20.0,0.0,1.0,220.0,0.0,20.0,40.0,1.0,0.0,11.0,0.0,0.0,1.0,0.24,0.0,0.8,0.5126050420168067,0.0,0.0,0,1.0,1.0,1.0,74.0,13410005.0,1.0,0.77707005,0.0,0,0,0,1,0,0,0,0,0,0,0,0,0,0,0,0,1,0,0,0,0,0
26.0,1.0,1.0,0.0,120000.0,12.0,9.0,0.0,0.0,11.0,0.6363636363636365,1.0,1.0,0.3815,0.0,0.8,0.6050420168067226,1.0,0.0,1,0.0,1.0,1.0,74.0,13410005.0,0.0,0.77707005,0.0,0,0,0,1,0,0,0,0,0,0,0,0,0,0,0,0,0,1,0,0,0,0
20.0,0.0,1.0,100.0,0.0,18.0,36.0,0.0,0.0,10.0,0.09090909090909083,0.0,0.0,0.0,0.0,0.0,0.0,0.0,0.0,0,1.0,0.0,1.0,74.0,13410005.0,0.0,0.77707005,0.0,0,0,0,1,0,0,0,0,0,0,0,0,0,0,0,0,0,1,0,0,0,0
20.0,0.0,1.0,390.0,0.0,26.0,48.0,0.0,0.0,11.0,0.0,0.0,0.0,0.0,0.0,0.0,0.0,0.0,0.0,1,1.0,0.0,1.0,74.0,13410005.0,1.0,0.77707005,1.0,0,0,0,1,0,0,0,0,0,0,0,0,0,0,0,0,0,1,0,0,0,0
19.0,0.0,1.0,480.0,0.0,28.0,56.0,1.0,1.0,11.0,0.0,0.0,1.0,0.0,0.38888888888888884,1.0,0.3529411764705882,0.0,0.0,1,1.0,0.0,1.0,74.0,13710005.0,0.0,0.77707005,0.0,0,0,0,1,0,0,0,0,0,0,0,0,0,0,0,0,0,1,0,0,0,0
22.0,0.0,0.0,0.0,0.0,0.0,0.0,0.0,0.0,11.0,0.2727272727272727,0.0,0.0,0.0,0.0,0.0,0.0,0.0,0.0,1,0.0,0.0,1.0,74.0,13410005.0,0.0,0.77707005,0.0,0,0,0,1,0,0,0,0,0,0,0,0,0,0,0,0,0,1,0,0,0,0
20.0,0.0,0.0,0.0,0.0,0.0,0.0,0.0,0.0,11.0,0.0,0.0,0.0,0.0,0.0,0.0,0.0,0.0,0.0,1,0.0,0.0,1.0,74.0,13310010.0,1.0,0.77707005,1.0,0,0,0,1,0,0,0,0,0,0,0,0,0,0,0,0,0,1,0,0,0,0
26.0,1.0,1.0,540.0,0.0,24.0,60.0,1.0,1.0,11.0,0.6363636363636365,1.0,1.0,0.13999999999999999,0.0,0.8666666666666667,0.25210084033613445,0.0,0.0,1,1.0,1.0,1.0,74.0,13410005.0,0.0,0.77707005,0.0,0,0,0,1,0,0,0,0,0,0,0,0,0,0,0,0,0,1,0,0,0,0
26.0,1.0,1.0,0.0,300000.0,26.0,84.0,0.0,0.0,11.0,0.6363636363636365,0.0,1.0,0.3,0.0,0.6666666666666666,0.3361344537815126,0.0,0.0,1,0.0,1.0,1.0,74.0,13310010.0,1.0,0.77707005,1.0,0,0,0,1,0,0,0,0,0,0,0,0,0,0,0,0,0,1,0,0,0,0
23.0,0.0,1.0,408.0,0.0,24.0,54.0,1.0,0.0,11.0,0.36363636363636354,1.0,1.0,0.358,0.0,0.8,0.49579831932773105,0.0,0.0,1,1.0,1.0,1.0,74.0,13710005.0,0.0,0.77707005,0.0,0,0,0,1,0,0,0,0,0,0,0,0,0,0,0,0,0,1,0,0,0,0
21.0,1.0,0.0,0.0,0.0,0.0,0.0,0.0,0.0,8.0,0.18181818181818188,1.0,0.0,0.0,0.0,0.0,0.0,0.0,0.0,0,0.0,0.0,1.0,74.0,66210010.0,1.0,0.77707005,0.0,0,0,0,1,0,0,0,0,0,0,0,0,0,0,1,0,0,0,0,0,0,0
22.0,0.0,0.0,0.0,0.0,0.0,0.0,0.0,0.0,11.0,0.2727272727272727,0.0,0.0,0.0,0.0,0.0,0.0,0.0,0.0,0,0.0,0.0,1.0,74.0,13410005.0,1.0,0.77707005,0.0,0,0,0,1,0,0,0,0,0,0,0,0,0,0,0,0,0,1,0,0,0,0
21.0,0.0,0.0,0.0,0.0,0.0,0.0,0.0,0.0,11.0,0.09090909090909083,0.0,0.0,0.0,0.0,0.0,0.0,0.0,0.0,1,0.0,0.0,1.0,74.0,13410005.0,1.0,0.77707005,1.0,0,0,0,1,0,0,0,0,0,0,0,0,0,0,0,0,0,1,0,0,0,0
20.0,1.0,0.0,0.0,0.0,0.0,0.0,0.0,0.0,11.0,0.09090909090909083,1.0,0.0,0.0,0.0,0.0,0.0,0.0,0.0,0,0.0,0.0,1.0,74.0,13410005.0,1.0,0.77707005,0.0,0,0,0,1,0,0,0,0,0,0,0,0,0,0,0,0,0,1,0,0,0,0
19.0,0.0,1.0,0.0,320000.0,30.0,49.0,0.0,0.0,6.0,0.0,0.0,1.0,0.0,0.0,1.0,0.23529411764705882,0.0,0.0,0,0.0,0.0,1.0,74.0,13710005.0,0.0,0.77707005,0.0,0,0,0,1,0,0,0,0,0,0,0,0,1,0,0,0,0,0,0,0,0,0
20.0,0.0,1.0,0.0,220000.0,24.0,54.0,0.0,0.0,11.0,0.0,0.0,0.0,0.0,0.0,0.0,0.0,0.0,0.0,1,0.0,0.0,1.0,74.0,66210010.0,1.0,0.77707005,1.0,0,0,0,1,0,0,0,0,0,0,0,0,0,0,0,0,0,1,0,0,0,0
19.0,0.0,0.0,0.0,0.0,0.0,0.0,0.0,0.0,11.0,0.0,0.0,1.0,0.16999999999999998,0.0,0.6666666666666666,0.25210084033613445,0.0,0.0,0,0.0,1.0,1.0,74.0,13310010.0,1.0,0.77707005,0.0,0,0,0,1,0,0,0,0,0,0,0,0,0,0,0,0,0,1,0,0,0,0
20.0,1.0,1.0,410.0,0.0,24.0,48.0,1.0,1.0,11.0,0.0,0.0,1.0,0.0,0.0,0.8,0.04201680672268907,0.0,0.0,1,1.0,0.0,1.0,74.0,13710005.0,0.0,0.77707005,0.0,0,0,0,1,0,0,0,0,0,0,0,0,0,0,0,0,0,1,0,0,0,0
26.0,1.0,0.0,0.0,0.0,0.0,0.0,0.0,0.0,5.0,0.5454545454545452,1.0,1.0,0.27999999999999997,0.0,1.0,1.0,0.0,1.0,0,0.0,1.0,1.0,74.0,66210010.0,0.0,0.77707005,0.0,0,0,0,1,0,0,0,0,0,0,0,0,1,0,0,0,0,0,0,0,0,0
20.0,0.0,0.0,0.0,0.0,0.0,0.0,0.0,0.0,11.0,0.09090909090909083,0.0,0.0,0.0,0.0,0.0,0.0,0.0,0.0,1,0.0,0.0,1.0,74.0,66210010.0,1.0,0.77707005,1.0,0,0,0,1,0,0,0,0,0,0,0,0,0,0,0,0,1,0,0,0,0,0
23.0,0.0,1.0,381.5,0.0,24.0,60.0,1.0,1.0,11.0,0.2727272727272727,0.0,1.0,0.13999999999999999,0.0,0.8,0.09243697478991596,0.0,0.0,1,1.0,1.0,1.0,74.0,13710005.0,0.0,0.77707005,0.0,0,0,0,1,0,0,0,0,0,0,0,0,0,0,0,0,0,1,0,0,0,0
20.0,0.0,1.0,250.0,0.0,20.0,40.0,0.0,0.0,11.0,0.09090909090909083,0.0,0.0,0.0,0.0,0.0,0.0,0.0,0.0,1,1.0,0.0,1.0,74.0,13310010.0,0.0,0.77707005,0.0,0,0,0,1,0,0,0,0,0,0,0,0,0,0,0,0,0,1,0,0,0,0
21.0,0.0,1.0,480.0,0.0,28.0,72.0,0.0,0.0,11.0,0.18181818181818188,0.0,1.0,0.19999999999999998,0.0,0.9333333333333333,0.5462184873949579,1.0,1.0,1,1.0,1.0,1.0,74.0,66210010.0,0.0,0.77707005,0.0,0,0,0,1,0,0,0,0,0,0,0,0,0,0,0,0,0,1,0,0,0,0
23.0,0.0,1.0,120.0,0.0,12.0,18.0,1.0,1.0,10.0,0.2727272727272727,0.0,0.0,0.0,0.0,0.0,0.0,0.0,0.0,0,1.0,0.0,1.0,74.0,13310010.0,1.0,0.77707005,0.0,0,0,0,1,0,0,0,0,0,0,0,0,0,0,0,0,0,1,0,0,0,0
23.0,0.0,0.0,0.0,0.0,0.0,0.0,0.0,0.0,8.0,0.36363636363636354,0.0,1.0,0.19999999999999998,0.0,0.6666666666666666,0.40336134453781514,0.0,0.0,1,0.0,1.0,1.0,74.0,13710005.0,0.0,0.77707005,0.0,0,0,0,1,0,0,0,0,0,0,0,0,0,0,0,1,0,0,0,0,0,0
20.0,0.0,1.0,408.0,0.0,26.0,48.0,0.0,1.0,11.0,0.0,0.0,1.0,0.35,0.0,0.8,0.6050420168067226,0.0,0.0,1,1.0,1.0,1.0,74.0,13310010.0,0.0,0.77707005,0.0,0,0,0,1,0,0,0,0,0,0,0,0,0,0,0,0,0,1,0,0,0,0
23.0,0.0,1.0,200.0,0.0,24.0,48.0,0.0,0.0,11.0,0.36363636363636354,0.0,0.0,0.0,0.0,0.0,0.0,0.0,0.0,0,1.0,0.0,1.0,75.0,63110230.0,1.0,0.7352941,0.0,0,0,0,1,0,0,0,0,0,0,0,0,0,0,0,0,0,1,0,0,0,0
22.0,0.0,0.0,0.0,0.0,0.0,0.0,0.0,0.0,5.0,0.2727272727272727,0.0,1.0,0.15,0.0,1.0,0.7058823529411764,0.0,0.0,0,0.0,1.0,1.0,75.0,63110230.0,1.0,0.7352941,0.0,0,0,0,1,0,0,0,0,0,0,0,1,0,0,0,0,0,0,0,0,0,0
25.0,1.0,1.0,120.0,0.0,15.0,55.0,0.0,0.0,7.0,0.45454545454545436,1.0,0.0,0.0,0.0,0.0,0.0,0.0,0.0,1,1.0,0.0,1.0,75.0,63110230.0,1.0,0.7352941,1.0,0,0,0,1,0,0,0,0,0,0,0,0,1,0,0,0,0,0,0,0,0,0
24.0,1.0,1.0,408.0,0.0,26.0,54.0,1.0,1.0,6.0,0.45454545454545436,0.0,0.0,0.0,0.0,0.0,0.0,0.0,0.0,1,1.0,0.0,1.0,75.0,63110230.0,1.0,0.7352941,1.0,0,0,0,1,0,0,0,0,0,0,0,0,1,0,0,0,0,0,0,0,0,0
26.0,0.0,1.0,408.0,0.0,26.0,54.0,0.0,0.0,8.0,0.5454545454545452,0.0,1.0,0.39999999999999997,0.0,0.8666666666666667,0.6722689075630252,0.0,0.0,0,1.0,1.0,1.0,76.0,83420110.0,0.0,0.3488372,0.0,0,0,0,1,0,0,0,0,0,0,0,0,0,0,1,0,0,0,0,0,0,0
27.0,1.0,1.0,0.0,500000.0,30.0,70.0,0.0,0.0,6.0,0.6363636363636365,1.0,1.0,0.0,0.49999999999999994,1.0,0.7058823529411764,0.0,0.0,1,0.0,0.0,1.0,76.0,93120105.0,0.0,0.3488372,0.0,0,0,0,1,0,0,0,0,0,0,0,1,0,0,0,0,0,0,0,0,0,0
23.0,1.0,1.0,408.0,0.0,28.0,56.0,0.0,1.0,6.0,0.2727272727272727,1.0,1.0,0.0,0.5111111111111111,0.6666666666666666,0.5462184873949579,0.0,0.0,1,1.0,0.0,1.0,76.0,93120105.0,0.0,0.3488372,0.0,0,0,0,1,0,0,0,0,0,0,0,0,1,0,0,0,0,0,0,0,0,0
24.0,0.0,1.0,518.0,0.0,24.0,48.0,1.0,1.0,11.0,0.36363636363636354,0.0,1.0,0.0,0.0,0.8,0.5294117647058824,1.0,1.0,0,1.0,0.0,1.0,76.0,83410140.0,0.0,0.3488372,0.0,0,0,0,1,0,0,0,0,0,0,0,0,0,0,0,0,0,1,0,0,0,0
26.0,0.0,1.0,460.0,0.0,28.0,66.0,0.0,0.0,8.0,0.5454545454545452,0.0,1.0,0.0,0.0,0.6666666666666666,0.5882352941176471,0.0,0.0,0,1.0,0.0,1.0,76.0,93120105.0,0.0,0.3488372,0.0,0,0,0,1,0,0,0,0,0,0,0,0,0,0,0,1,0,0,0,0,0,0
23.0,0.0,0.0,0.0,0.0,0.0,0.0,0.0,0.0,9.0,0.2727272727272727,0.0,0.0,0.0,0.0,0.0,0.0,0.0,0.0,1,0.0,0.0,1.0,76.0,83420110.0,0.0,0.3488372,0.0,0,0,0,1,0,0,0,0,0,0,0,0,0,0,0,1,0,0,0,0,0,0
20.0,0.0,1.0,472.0,0.0,30.0,72.0,0.0,1.0,11.0,0.09090909090909083,0.0,1.0,0.0,0.26666666666666666,0.8,0.5042016806722689,0.0,0.0,1,1.0,0.0,1.0,76.0,83420110.0,0.0,0.3488372,0.0,0,0,0,1,0,0,0,0,0,0,0,0,0,0,0,0,0,1,0,0,0,0
21.0,0.0,1.0,430.0,0.0,20.0,48.0,1.0,1.0,11.0,0.18181818181818188,0.0,1.0,0.3,0.0,0.8,0.36974789915966383,1.0,0.0,1,1.0,1.0,1.0,76.0,83410140.0,0.0,0.3488372,0.0,0,0,0,1,0,0,0,0,0,0,0,0,0,0,0,0,0,1,0,0,0,0
20.0,0.0,1.0,381.5,0.0,24.0,54.0,1.0,0.0,11.0,0.0,0.0,1.0,0.08,0.0,0.8666666666666667,0.5042016806722689,0.0,0.0,1,1.0,1.0,1.0,76.0,83420110.0,0.0,0.3488372,0.0,0,0,0,1,0,0,0,0,0,0,0,0,0,0,0,0,0,1,0,0,0,0
24.0,0.0,1.0,370.0,0.0,28.0,70.0,0.0,1.0,11.0,0.45454545454545436,0.0,1.0,0.0,0.17777777777777776,0.6666666666666666,0.08403361344537814,0.0,0.0,0,1.0,0.0,1.0,76.0,83410140.0,0.0,0.3488372,0.0,0,0,0,1,0,0,0,0,0,0,0,0,0,0,0,0,0,1,0,0,0,0
22.0,0.0,1.0,440.0,0.0,24.0,48.0,0.0,0.0,11.0,0.2727272727272727,0.0,1.0,0.12,0.0,0.6666666666666666,0.1680672268907563,0.0,0.0,1,1.0,1.0,1.0,76.0,83410140.0,0.0,0.3488372,0.0,0,0,0,1,0,0,0,0,0,0,0,0,0,0,0,0,0,1,0,0,0,0
21.0,0.0,1.0,408.0,0.0,24.0,48.0,1.0,1.0,6.0,0.09090909090909083,0.0,0.0,0.0,0.0,0.0,0.0,0.0,0.0,0,1.0,0.0,1.0,76.0,83420110.0,0.0,0.3488372,0.0,0,0,0,1,0,0,0,0,0,0,0,0,1,0,0,0,0,0,0,0,0,0
22.0,0.0,1.0,0.0,20000.0,24.0,24.0,0.0,0.0,11.0,0.18181818181818188,0.0,1.0,0.26,0.0,1.0,0.6470588235294117,0.0,0.0,1,0.0,1.0,1.0,76.0,83410140.0,0.0,0.3488372,0.0,0,0,0,1,0,0,0,0,0,0,0,0,0,0,0,0,0,1,0,0,0,0
27.0,0.0,1.0,500.0,0.0,28.0,50.0,0.0,1.0,5.0,0.7272727272727273,0.0,1.0,0.0,0.5333333333333333,0.6666666666666666,0.25210084033613445,0.0,0.0,0,1.0,0.0,1.0,77.0,83520015.0,0.0,0.7352941,0.0,0,0,0,1,0,0,0,0,0,0,0,1,0,0,0,0,0,0,0,0,0,0
21.0,0.0,1.0,480.0,0.0,26.0,77.0,0.0,0.0,5.0,0.18181818181818188,0.0,1.0,0.42,0.0,0.8,0.5546218487394958,1.0,1.0,1,1.0,1.0,1.0,77.0,83520015.0,0.0,0.7352941,0.0,0,0,0,1,0,0,0,0,0,0,0,1,0,0,0,0,0,0,0,0,0,0
20.0,0.0,1.0,500.0,0.0,6.0,48.0,0.0,1.0,10.0,0.0,0.0,0.0,0.0,0.0,0.0,0.0,0.0,0.0,1,1.0,0.0,1.0,77.0,83520015.0,0.0,0.7352941,0.0,0,0,0,1,0,0,0,0,0,0,0,0,0,0,0,0,1,0,0,0,0,0
23.0,0.0,1.0,100.0,0.0,24.0,48.0,0.0,0.0,8.0,0.2727272727272727,0.0,0.0,0.0,0.0,0.0,0.0,0.0,0.0,0,1.0,0.0,1.0,77.0,83520015.0,0.0,0.7352941,0.0,0,0,0,1,0,0,0,0,0,0,0,0,0,0,1,0,0,0,0,0,0,0
24.0,0.0,1.0,408.0,0.0,26.0,60.0,1.0,1.0,11.0,0.36363636363636354,0.0,1.0,0.25,0.0,0.8,0.36974789915966383,0.0,0.0,1,1.0,1.0,1.0,77.0,83520015.0,1.0,0.7352941,1.0,0,0,0,1,0,0,0,0,0,0,0,0,0,0,0,0,0,1,0,0,0,0
26.0,0.0,1.0,380.0,0.0,20.0,42.0,0.0,0.0,7.0,0.5454545454545452,1.0,1.0,0.358,0.0,0.9,0.6050420168067226,0.0,0.0,1,1.0,1.0,1.0,77.0,83520015.0,0.0,0.7352941,0.0,0,0,0,1,0,0,0,0,0,0,0,0,0,1,0,0,0,0,0,0,0,0
21.0,0.0,1.0,380.0,0.0,26.0,30.0,0.0,0.0,11.0,0.18181818181818188,0.0,0.0,0.0,0.0,0.0,0.0,0.0,0.0,0,1.0,0.0,1.0,77.0,83520015.0,0.0,0.7352941,0.0,0,0,0,1,0,0,0,0,0,0,0,0,0,0,0,0,0,1,0,0,0,0
25.0,0.0,1.0,0.0,200000.0,26.0,54.0,0.0,0.0,11.0,0.5454545454545452,0.0,0.0,0.0,0.0,0.0,0.0,0.0,0.0,0,0.0,0.0,1.0,78.0,13140020.0,1.0,0.7407407,0.0,0,0,0,1,0,0,0,0,0,0,0,0,0,0,0,0,1,0,0,0,0,0
22.0,0.0,1.0,408.0,0.0,22.0,45.0,1.0,1.0,11.0,0.18181818181818188,0.0,1.0,0.0,0.0,0.6666666666666666,0.21008403361344538,0.0,0.0,1,1.0,0.0,1.0,78.0,13410165.0,0.0,0.7407407,0.0,0,0,0,1,0,0,0,0,0,0,0,0,0,0,0,0,0,1,0,0,0,0
20.0,0.0,1.0,408.0,0.0,28.0,48.0,1.0,1.0,11.0,0.0,0.0,1.0,0.24,0.0,0.8666666666666667,0.6722689075630252,0.0,0.0,1,1.0,1.0,1.0,78.0,13410165.0,0.0,0.7407407,0.0,0,0,0,1,0,0,0,0,0,0,0,0,0,0,0,0,0,1,0,0,0,0
23.0,0.0,1.0,408.0,0.0,26.0,42.0,1.0,1.0,11.0,0.2727272727272727,0.0,1.0,0.358,0.0,0.9333333333333333,0.6050420168067226,0.0,1.0,1,1.0,1.0,1.0,78.0,13410165.0,1.0,0.7407407,1.0,0,0,0,1,0,0,0,0,0,0,0,0,0,0,0,0,0,1,0,0,0,0
20.0,0.0,1.0,230.0,0.0,10.0,32.0,1.0,0.0,11.0,0.0,0.0,0.0,0.0,0.0,0.0,0.0,0.0,0.0,0,1.0,0.0,1.0,78.0,13410165.0,1.0,0.7407407,0.0,0,0,0,1,0,0,0,0,0,0,0,0,0,0,0,0,0,1,0,0,0,0
20.0,0.0,0.0,0.0,0.0,0.0,0.0,0.0,0.0,11.0,0.0,0.0,1.0,0.358,0.0,0.9333333333333333,0.6134453781512604,0.0,0.0,1,0.0,1.0,1.0,78.0,13410165.0,1.0,0.7407407,1.0,0,0,0,1,0,0,0,0,0,0,0,0,0,0,0,0,0,1,0,0,0,0
20.0,0.0,1.0,408.0,0.0,18.0,45.0,1.0,0.0,11.0,0.0,0.0,1.0,0.48,0.0,0.8333333333333334,0.5462184873949579,1.0,1.0,0,1.0,1.0,1.0,78.0,13410165.0,1.0,0.7407407,0.0,0,0,0,1,0,0,0,0,0,0,0,0,0,0,0,0,0,1,0,0,0,0
21.0,0.0,1.0,60.0,0.0,24.0,12.0,0.0,0.0,7.0,0.09090909090909083,0.0,1.0,0.0,0.06666666666666667,0.2,0.01680672268907563,0.0,0.0,1,1.0,0.0,1.0,78.0,76140015.0,0.0,0.7407407,0.0,0,0,0,1,0,0,0,0,0,0,0,0,0,1,0,0,0,0,0,0,0,0
26.0,0.0,1.0,460.0,0.0,5.0,48.0,1.0,1.0,9.0,0.6363636363636365,0.0,1.0,0.39999999999999997,0.0,1.0,0.7058823529411764,0.0,0.0,1,1.0,1.0,1.0,78.0,76140015.0,0.0,0.7407407,0.0,0,0,0,1,0,0,0,0,0,0,0,0,0,0,1,0,0,0,0,0,0,0
19.0,0.0,1.0,595.5,0.0,26.0,60.0,1.0,1.0,11.0,0.0,0.0,0.0,0.0,0.0,0.0,0.0,0.0,0.0,1,1.0,0.0,1.0,78.0,13140020.0,0.0,0.7407407,0.0,0,0,0,1,0,0,0,0,0,0,0,0,0,0,0,0,0,1,0,0,0,0
19.0,0.0,1.0,580.0,0.0,30.0,84.0,1.0,1.0,11.0,0.0,0.0,0.0,0.0,0.0,0.0,0.0,0.0,0.0,0,1.0,0.0,1.0,78.0,13140020.0,1.0,0.7407407,0.0,0,0,0,1,0,0,0,0,0,0,0,0,0,0,0,0,0,1,0,0,0,0
25.0,1.0,1.0,750.0,0.0,24.0,48.0,1.0,1.0,11.0,0.45454545454545436,0.0,0.0,0.0,0.0,0.0,0.0,0.0,0.0,1,1.0,0.0,1.0,78.0,13140020.0,1.0,0.7407407,1.0,0,0,0,1,0,0,0,0,0,0,0,0,0,0,0,0,0,1,0,0,0,0
21.0,0.0,1.0,381.5,0.0,29.0,56.0,1.0,1.0,11.0,0.18181818181818188,0.0,1.0,0.39999999999999997,0.0,1.0,0.47058823529411764,1.0,1.0,0,1.0,1.0,1.0,78.0,13140020.0,0.0,0.7407407,0.0,0,0,0,1,0,0,0,0,0,0,0,0,0,0,0,0,0,1,0,0,0,0
20.0,0.0,1.0,520.0,0.0,28.0,63.0,0.0,0.0,11.0,0.0,0.0,1.0,0.3,0.0,0.6666666666666666,0.5042016806722689,0.0,0.0,0,1.0,1.0,1.0,78.0,13410165.0,0.0,0.7407407,0.0,0,0,0,1,0,0,0,0,0,0,0,0,0,0,0,0,1,0,0,0,0,0
21.0,0.0,1.0,0.0,50000.0,26.0,12.0,0.0,0.0,11.0,0.09090909090909083,0.0,1.0,0.0,0.0,0.8,0.15126050420168066,0.0,1.0,0,0.0,0.0,1.0,78.0,13410165.0,1.0,0.7407407,0.0,0,0,0,1,0,0,0,0,0,0,0,0,0,0,0,0,0,1,0,0,0,0
25.0,1.0,1.0,480.0,0.0,20.0,44.0,0.0,0.0,8.0,0.45454545454545436,0.0,1.0,0.358,0.0,0.8,0.40336134453781514,0.0,0.0,1,1.0,1.0,1.0,78.0,76140015.0,0.0,0.7407407,0.0,0,0,0,1,0,0,0,0,0,0,0,0,1,0,0,0,0,0,0,0,0,0
19.0,0.0,1.0,200.0,0.0,28.0,45.0,0.0,0.0,11.0,0.0,0.0,1.0,0.19999999999999998,0.0,0.6666666666666666,0.29411764705882354,0.0,1.0,1,1.0,1.0,1.0,79.0,33160030.0,0.0,0.7432432,0.0,0,0,0,1,0,0,0,0,0,0,0,0,0,0,0,0,0,1,0,0,0,0
19.0,0.0,1.0,440.0,0.0,26.0,60.0,1.0,1.0,11.0,0.0,0.0,1.0,0.32,0.0,1.0,0.5294117647058824,0.0,0.0,0,1.0,1.0,1.0,79.0,33160030.0,1.0,0.7432432,0.0,0,0,0,1,0,0,0,0,0,0,0,0,0,0,0,0,0,1,0,0,0,0
21.0,0.0,1.0,200.0,0.0,20.0,40.0,0.0,0.0,11.0,0.09090909090909083,0.0,1.0,0.0,0.06666666666666667,0.6666666666666666,0.04201680672268907,0.0,0.0,0,1.0,0.0,1.0,79.0,33160030.0,1.0,0.7432432,0.0,0,0,0,1,0,0,0,0,0,0,0,0,0,0,0,0,0,1,0,0,0,0
25.0,0.0,0.0,0.0,0.0,0.0,0.0,0.0,0.0,11.0,0.45454545454545436,0.0,0.0,0.0,0.0,0.0,0.0,0.0,0.0,1,0.0,0.0,1.0,79.0,33160030.0,1.0,0.7432432,1.0,0,0,0,1,0,0,0,0,0,0,0,0,0,0,0,0,0,1,0,0,0,0
21.0,1.0,0.0,0.0,0.0,0.0,0.0,0.0,0.0,11.0,0.18181818181818188,0.0,0.0,0.0,0.0,0.0,0.0,0.0,0.0,0,0.0,0.0,1.0,79.0,13530005.0,1.0,0.7432432,0.0,0,0,0,1,0,0,0,0,0,0,0,0,0,0,0,0,0,1,0,0,0,0
20.0,0.0,0.0,0.0,0.0,0.0,0.0,0.0,0.0,11.0,0.09090909090909083,0.0,0.0,0.0,0.0,0.0,0.0,0.0,0.0,0,0.0,0.0,1.0,79.0,13530005.0,1.0,0.7432432,0.0,0,0,0,1,0,0,0,0,0,0,0,0,0,0,0,1,0,0,0,0,0,0
20.0,0.0,0.0,0.0,0.0,0.0,0.0,0.0,0.0,11.0,0.0,0.0,1.0,0.0,0.16666666666666666,1.0,0.4369747899159664,0.0,0.0,1,0.0,0.0,1.0,79.0,13530005.0,0.0,0.7432432,0.0,0,0,0,1,0,0,0,0,0,0,0,0,0,0,0,0,0,1,0,0,0,0
24.0,1.0,1.0,0.0,80000.0,15.0,16.0,0.0,0.0,11.0,0.45454545454545436,1.0,0.0,0.0,0.0,0.0,0.0,0.0,0.0,1,0.0,0.0,1.0,79.0,13530005.0,1.0,0.7432432,1.0,0,0,0,1,0,0,0,0,0,0,0,0,0,0,0,0,0,1,0,0,0,0
20.0,0.0,1.0,408.0,0.0,26.0,56.0,1.0,1.0,11.0,0.0,0.0,1.0,0.358,0.0,1.0,0.42857142857142855,1.0,1.0,0,1.0,1.0,1.0,79.0,33160030.0,1.0,0.7432432,0.0,0,0,0,1,0,0,0,0,0,0,0,0,0,0,0,0,0,1,0,0,0,0
22.0,0.0,1.0,540.0,0.0,28.0,63.0,1.0,0.0,11.0,0.2727272727272727,0.0,1.0,0.19999999999999998,0.0,0.6666666666666666,0.1680672268907563,0.0,0.0,0,1.0,1.0,1.0,79.0,33160030.0,1.0,0.7432432,0.0,0,0,0,1,0,0,0,0,0,0,0,0,0,0,0,0,0,1,0,0,0,0
21.0,0.0,0.0,0.0,0.0,0.0,0.0,0.0,0.0,11.0,0.09090909090909083,0.0,1.0,0.358,0.0,1.0,0.8235294117647058,0.0,0.0,1,0.0,1.0,1.0,79.0,13530005.0,0.0,0.7432432,0.0,0,0,0,1,0,0,0,0,0,0,0,0,0,0,0,0,0,1,0,0,0,0
19.0,0.0,1.0,160.0,0.0,20.0,36.0,0.0,0.0,11.0,0.0,0.0,0.0,0.0,0.0,0.0,0.0,0.0,0.0,1,1.0,0.0,1.0,79.0,13530005.0,1.0,0.7432432,1.0,0,0,0,1,0,0,0,0,0,0,0,0,0,0,0,0,0,1,0,0,0,0
26.0,0.0,1.0,0.0,400000.0,30.0,56.0,0.0,0.0,11.0,0.6363636363636365,0.0,1.0,0.354,0.0,0.8666666666666667,0.5042016806722689,0.0,1.0,1,0.0,1.0,1.0,79.0,33160030.0,0.0,0.7432432,0.0,0,0,0,1,0,0,0,0,0,0,0,0,0,0,0,0,0,1,0,0,0,0
21.0,0.0,0.0,0.0,0.0,0.0,0.0,0.0,0.0,11.0,0.18181818181818188,0.0,0.0,0.0,0.0,0.0,0.0,0.0,0.0,0,0.0,0.0,1.0,79.0,33160030.0,1.0,0.7432432,0.0,0,0,0,1,0,0,0,0,0,0,0,0,0,0,0,0,0,1,0,0,0,0
23.0,1.0,1.0,240.0,0.0,26.0,42.0,0.0,0.0,11.0,0.2727272727272727,1.0,0.0,0.0,0.0,0.0,0.0,0.0,0.0,0,1.0,0.0,1.0,79.0,13530005.0,1.0,0.7432432,0.0,0,0,0,1,0,0,0,0,0,0,0,0,0,0,0,0,0,1,0,0,0,0
20.0,0.0,1.0,200.0,0.0,26.0,48.0,0.0,0.0,11.0,0.0,1.0,0.0,0.0,0.0,0.0,0.0,0.0,0.0,1,1.0,0.0,1.0,79.0,33160030.0,1.0,0.7432432,1.0,0,0,0,1,0,0,0,0,0,0,0,0,0,0,0,0,1,0,0,0,0,0
26.0,0.0,1.0,381.5,0.0,26.0,42.0,0.0,0.0,11.0,0.6363636363636365,0.0,0.0,0.0,0.0,0.0,0.0,0.0,0.0,1,1.0,0.0,1.0,79.0,13530005.0,1.0,0.7432432,1.0,0,0,0,1,0,0,0,0,0,0,0,0,0,0,0,0,0,1,0,0,0,0
22.0,0.0,1.0,240.0,0.0,6.0,48.0,1.0,0.0,11.0,0.18181818181818188,0.0,0.0,0.0,0.0,0.0,0.0,0.0,0.0,0,1.0,0.0,1.0,79.0,13530005.0,0.0,0.7432432,0.0,0,0,0,1,0,0,0,0,0,0,0,0,0,0,0,0,0,1,0,0,0,0
21.0,1.0,1.0,220.0,0.0,20.0,50.0,0.0,0.0,11.0,0.09090909090909083,0.0,1.0,0.0,0.06666666666666667,1.0,0.40336134453781514,0.0,0.0,0,1.0,0.0,1.0,80.0,13310120.0,1.0,0.764977,0.0,0,0,0,1,0,0,0,0,0,0,0,0,0,0,0,0,0,1,0,0,0,0
24.0,1.0,0.0,0.0,0.0,0.0,0.0,0.0,0.0,11.0,0.45454545454545436,1.0,0.0,0.0,0.0,0.0,0.0,0.0,0.0,1,0.0,0.0,1.0,80.0,13410120.0,1.0,0.764977,1.0,0,0,0,1,0,0,0,0,0,0,0,0,0,0,0,0,0,1,0,0,0,0
22.0,0.0,1.0,408.0,0.0,24.0,48.0,1.0,1.0,11.0,0.2727272727272727,0.0,1.0,0.408,0.0,0.8,0.453781512605042,0.0,0.0,1,1.0,1.0,1.0,80.0,63240055.0,0.0,0.764977,0.0,0,0,0,1,0,0,0,0,0,0,0,0,0,0,0,0,0,1,0,0,0,0
21.0,0.0,1.0,80.0,0.0,8.0,77.0,0.0,1.0,11.0,0.09090909090909083,0.0,1.0,0.0,0.0,1.0,0.5462184873949579,0.0,0.0,1,1.0,0.0,1.0,80.0,83510210.0,1.0,0.764977,1.0,0,0,0,1,0,0,0,0,0,0,0,0,0,0,0,0,0,1,0,0,0,0
23.0,0.0,1.0,408.0,0.0,26.0,48.0,1.0,1.0,11.0,0.2727272727272727,0.0,1.0,0.0,0.0,0.7333333333333333,0.40336134453781514,0.0,0.0,0,1.0,0.0,1.0,80.0,83510210.0,0.0,0.764977,0.0,0,0,0,1,0,0,0,0,0,0,0,0,0,0,0,0,0,1,0,0,0,0
23.0,0.0,1.0,480.0,0.0,30.0,84.0,1.0,1.0,11.0,0.2727272727272727,0.0,1.0,0.0,0.2222222222222222,0.6666666666666666,0.25210084033613445,0.0,0.0,0,1.0,0.0,1.0,80.0,76140015.0,0.0,0.764977,0.0,0,0,0,1,0,0,0,0,0,0,0,0,0,0,0,0,0,1,0,0,0,0
23.0,1.0,1.0,0.0,100000.0,20.0,40.0,0.0,0.0,10.0,0.2727272727272727,0.0,1.0,0.0,0.16666666666666666,0.8666666666666667,0.25210084033613445,0.0,0.0,0,0.0,0.0,1.0,80.0,93950010.0,0.0,0.764977,0.0,0,0,0,1,0,0,0,0,0,0,0,0,0,1,0,0,0,0,0,0,0,0
23.0,1.0,1.0,408.0,0.0,26.0,60.0,0.0,1.0,11.0,0.36363636363636354,1.0,1.0,0.0,0.0,0.8666666666666667,0.40336134453781514,0.0,0.0,0,1.0,0.0,1.0,80.0,83520025.0,0.0,0.764977,0.0,0,0,0,1,0,0,0,0,0,0,0,0,0,0,0,0,0,1,0,0,0,0
21.0,0.0,0.0,0.0,0.0,0.0,0.0,0.0,0.0,11.0,0.09090909090909083,0.0,0.0,0.0,0.0,0.0,0.0,0.0,0.0,1,0.0,0.0,1.0,80.0,76140015.0,1.0,0.764977,1.0,0,0,0,1,0,0,0,0,0,0,0,0,0,0,0,0,0,1,0,0,0,0
23.0,0.0,1.0,0.0,140000.0,12.0,66.0,0.0,0.0,7.0,0.2727272727272727,0.0,1.0,0.27999999999999997,0.0,0.9333333333333333,0.6050420168067226,0.0,1.0,1,0.0,1.0,1.0,80.0,93950010.0,0.0,0.764977,0.0,0,0,0,1,0,0,0,0,0,0,0,0,0,1,0,0,0,0,0,0,0,0
21.0,0.0,1.0,360.0,0.0,30.0,70.0,0.0,0.0,10.0,0.18181818181818188,1.0,0.0,0.0,0.0,0.0,0.0,0.0,0.0,0,1.0,0.0,1.0,80.0,83510210.0,0.0,0.764977,0.0,0,0,0,1,0,0,0,0,0,0,0,0,0,0,0,1,0,0,0,0,0,0
23.0,1.0,1.0,600.0,0.0,26.0,48.0,1.0,1.0,11.0,0.36363636363636354,1.0,1.0,0.0,0.0,0.8,0.20168067226890757,1.0,1.0,1,1.0,0.0,1.0,80.0,63110005.0,0.0,0.764977,0.0,0,0,0,1,0,0,0,0,0,0,0,0,0,0,0,0,0,1,0,0,0,0
22.0,1.0,0.0,0.0,0.0,0.0,0.0,0.0,0.0,8.0,0.2727272727272727,1.0,0.0,0.0,0.0,0.0,0.0,0.0,0.0,0,0.0,0.0,1.0,80.0,83520025.0,1.0,0.764977,0.0,0,0,0,1,0,0,0,0,0,0,0,0,1,0,0,0,0,0,0,0,0,0
22.0,0.0,1.0,408.0,0.0,29.0,56.0,1.0,1.0,11.0,0.18181818181818188,0.0,1.0,0.0,0.0,0.8,0.23529411764705882,0.0,0.0,0,1.0,0.0,1.0,80.0,13410120.0,0.0,0.764977,0.0,0,0,0,1,0,0,0,0,0,0,0,0,0,0,0,0,0,1,0,0,0,0
22.0,1.0,1.0,381.5,0.0,30.0,54.0,0.0,1.0,9.0,0.2727272727272727,1.0,1.0,0.0,0.0,0.8666666666666667,0.3025210084033613,0.0,0.0,1,1.0,0.0,1.0,80.0,63240055.0,0.0,0.764977,0.0,0,0,0,1,0,0,0,0,0,0,0,0,0,0,1,0,0,0,0,0,0,0
22.0,1.0,1.0,160.0,0.0,8.0,16.0,0.0,0.0,11.0,0.18181818181818188,1.0,0.0,0.0,0.0,0.0,0.0,0.0,0.0,1,1.0,0.0,1.0,80.0,93950010.0,1.0,0.764977,1.0,0,0,0,1,0,0,0,0,0,0,0,0,0,0,0,0,0,1,0,0,0,0
21.0,0.0,1.0,467.0,0.0,24.0,40.0,1.0,1.0,11.0,0.2727272727272727,0.0,1.0,0.0,0.0,0.8333333333333334,0.25210084033613445,0.0,0.0,1,1.0,0.0,1.0,80.0,83510210.0,0.0,0.764977,0.0,0,0,0,1,0,0,0,0,0,0,0,0,0,0,0,0,1,0,0,0,0,0
23.0,1.0,1.0,460.0,0.0,7.0,70.0,0.0,1.0,11.0,0.36363636363636354,1.0,1.0,0.3,0.0,1.0,0.4453781512605042,0.0,0.0,1,1.0,1.0,1.0,80.0,13310120.0,1.0,0.764977,1.0,0,0,0,1,0,0,0,0,0,0,0,0,0,0,0,0,0,1,0,0,0,0
24.0,1.0,1.0,408.0,0.0,26.0,51.0,1.0,1.0,11.0,0.36363636363636354,1.0,0.0,0.0,0.0,0.0,0.0,0.0,0.0,1,1.0,0.0,1.0,80.0,76140015.0,0.0,0.764977,0.0,0,0,0,1,0,0,0,0,0,0,0,0,0,0,1,0,0,0,0,0,0,0
26.0,0.0,1.0,420.0,0.0,26.0,48.0,1.0,1.0,11.0,0.5454545454545452,0.0,0.0,0.0,0.0,0.0,0.0,0.0,0.0,1,1.0,0.0,1.0,80.0,13410120.0,1.0,0.764977,1.0,0,0,0,1,0,0,0,0,0,0,0,0,0,0,0,0,1,0,0,0,0,0
23.0,0.0,1.0,0.088,0.0,15.0,84.0,0.0,0.0,11.0,0.36363636363636354,0.0,1.0,0.39999999999999997,0.0,0.6666666666666666,0.42016806722689076,0.0,0.0,0,1.0,1.0,1.0,80.0,83510210.0,0.0,0.764977,0.0,0,0,0,1,0,0,0,0,0,0,0,0,0,0,0,0,0,1,0,0,0,0
22.0,0.0,0.0,0.0,0.0,0.0,0.0,0.0,0.0,10.0,0.2727272727272727,0.0,0.0,0.0,0.0,0.0,0.0,0.0,0.0,0,0.0,0.0,1.0,80.0,63240055.0,0.0,0.764977,0.0,0,0,0,1,0,0,0,0,0,0,0,0,0,0,1,0,0,0,0,0,0,0
23.0,0.0,1.0,0.0,150000.0,26.0,55.0,0.0,0.0,11.0,0.36363636363636354,0.0,0.0,0.0,0.0,0.0,0.0,0.0,0.0,1,0.0,0.0,1.0,80.0,63420030.0,0.0,0.764977,0.0,0,0,0,1,0,0,0,0,0,0,0,0,0,0,0,0,0,1,0,0,0,0
21.0,0.0,0.0,0.0,0.0,0.0,0.0,0.0,0.0,7.0,0.18181818181818188,0.0,0.0,0.0,0.0,0.0,0.0,0.0,0.0,1,0.0,0.0,1.0,80.0,93950010.0,1.0,0.764977,1.0,0,0,0,1,0,0,0,0,0,0,0,0,0,0,1,0,0,0,0,0,0,0
21.0,1.0,1.0,0.0,20000.0,26.0,54.0,0.0,0.0,10.0,0.09090909090909083,0.0,1.0,0.0,0.05333333333333333,0.8,0.40336134453781514,0.0,0.0,0,0.0,0.0,1.0,80.0,76140015.0,1.0,0.764977,0.0,0,0,0,1,0,0,0,0,0,0,0,1,0,0,0,0,0,0,0,0,0,0
20.0,0.0,1.0,190.0,0.0,10.0,45.0,1.0,0.0,11.0,0.0,0.0,1.0,0.0,0.0,0.8666666666666667,0.3529411764705882,0.0,0.0,1,1.0,0.0,1.0,80.0,76140015.0,0.0,0.764977,0.0,0,0,0,1,0,0,0,0,0,0,0,0,0,0,0,0,0,1,0,0,0,0
26.0,1.0,1.0,400.0,0.0,30.0,70.0,0.0,0.0,11.0,0.5454545454545452,1.0,1.0,0.38,0.0,0.8,0.40336134453781514,0.0,0.0,0,1.0,1.0,1.0,80.0,63240055.0,0.0,0.764977,0.0,0,0,0,1,0,0,0,0,0,0,0,0,0,0,0,0,0,1,0,0,0,0
25.0,0.0,1.0,230.0,0.0,30.0,70.0,0.0,0.0,8.0,0.5454545454545452,0.0,1.0,0.3,0.0,1.0,0.8235294117647058,0.0,0.0,1,1.0,1.0,1.0,80.0,76140015.0,1.0,0.764977,1.0,0,0,0,1,0,0,0,0,0,0,0,0,1,0,0,0,0,0,0,0,0,0
25.0,1.0,0.0,0.0,0.0,0.0,0.0,0.0,0.0,11.0,0.45454545454545436,1.0,1.0,0.358,0.0,0.8,0.6050420168067226,0.0,0.0,1,0.0,1.0,1.0,80.0,93510005.0,1.0,0.764977,1.0,0,0,0,1,0,0,0,0,0,0,0,0,0,0,0,0,0,1,0,0,0,0
22.0,0.0,1.0,408.0,0.0,22.0,50.0,0.0,1.0,11.0,0.2727272727272727,0.0,0.0,0.0,0.0,0.0,0.0,0.0,0.0,0,1.0,0.0,1.0,80.0,83510210.0,0.0,0.764977,0.0,0,0,0,1,0,0,0,0,0,0,0,0,0,0,0,0,0,1,0,0,0,0
24.0,0.0,1.0,384.0,0.0,30.0,70.0,0.0,0.0,7.0,0.36363636363636354,1.0,1.0,0.19999999999999998,0.0,0.8666666666666667,0.23529411764705882,0.0,0.0,0,1.0,1.0,1.0,80.0,13410135.0,0.0,0.764977,0.0,0,0,0,1,0,0,0,0,0,0,0,0,0,0,0,1,0,0,0,0,0,0
22.0,1.0,1.0,344.0,0.0,4.0,32.0,0.0,1.0,11.0,0.18181818181818188,1.0,0.0,0.0,0.0,0.0,0.0,0.0,0.0,1,1.0,0.0,1.0,80.0,13410120.0,1.0,0.764977,1.0,0,0,0,1,0,0,0,0,0,0,0,0,0,0,0,0,0,1,0,0,0,0
20.0,0.0,1.0,408.0,0.0,24.0,54.0,0.0,1.0,11.0,0.0,0.0,1.0,0.42,0.0,1.0,0.4789915966386554,0.0,0.0,1,1.0,1.0,1.0,80.0,63110005.0,0.0,0.764977,0.0,0,0,0,1,0,0,0,0,0,0,0,0,0,0,0,0,0,1,0,0,0,0
22.0,1.0,1.0,600.0,0.0,26.0,60.0,0.0,1.0,8.0,0.18181818181818188,1.0,1.0,0.36,0.0,0.8666666666666667,0.453781512605042,0.0,1.0,0,1.0,1.0,1.0,80.0,93950010.0,0.0,0.764977,0.0,0,0,0,1,0,0,0,0,0,0,0,0,0,0,0,1,0,0,0,0,0,0
24.0,0.0,1.0,408.0,0.0,4.0,40.0,0.0,1.0,11.0,0.45454545454545436,0.0,1.0,0.13999999999999999,0.0,0.8666666666666667,0.40336134453781514,0.0,0.0,0,1.0,1.0,1.0,80.0,13410135.0,1.0,0.764977,0.0,0,0,0,1,0,0,0,0,0,0,0,0,0,0,0,0,0,1,0,0,0,0
22.0,1.0,1.0,408.0,0.0,26.0,48.0,1.0,0.0,11.0,0.2727272727272727,1.0,1.0,0.0,0.0,1.0,0.29411764705882354,1.0,1.0,1,1.0,0.0,1.0,80.0,63110005.0,1.0,0.764977,1.0,0,0,0,1,0,0,0,0,0,0,0,0,0,0,0,0,0,1,0,0,0,0
22.0,0.0,1.0,408.0,0.0,20.0,47.0,1.0,1.0,11.0,0.18181818181818188,0.0,0.0,0.0,0.0,0.0,0.0,0.0,0.0,1,1.0,0.0,1.0,80.0,83510210.0,0.0,0.764977,0.0,0,0,0,1,0,0,0,0,0,0,0,0,0,0,0,1,0,0,0,0,0,0
24.0,0.0,1.0,408.0,0.0,26.0,60.0,1.0,1.0,11.0,0.36363636363636354,0.0,0.0,0.0,0.0,0.0,0.0,0.0,0.0,0,1.0,0.0,1.0,80.0,13410105.0,0.0,0.764977,0.0,0,0,0,1,0,0,0,0,0,0,0,0,0,0,0,0,0,1,0,0,0,0
22.0,1.0,1.0,408.0,0.0,26.0,60.0,0.0,0.0,11.0,0.18181818181818188,0.0,0.0,0.0,0.0,0.0,0.0,0.0,0.0,1,1.0,0.0,1.0,80.0,13410120.0,0.0,0.764977,0.0,0,0,0,1,0,0,0,0,0,0,0,0,0,0,0,0,0,1,0,0,0,0
24.0,0.0,1.0,550.0,0.0,30.0,84.0,1.0,1.0,11.0,0.45454545454545436,1.0,1.0,0.35,0.0,1.0,0.5882352941176471,1.0,1.0,1,1.0,1.0,1.0,80.0,93510005.0,0.0,0.764977,0.0,0,0,0,1,0,0,0,0,0,0,0,0,0,0,0,0,0,1,0,0,0,0
24.0,0.0,1.0,530.0,0.0,26.0,60.0,1.0,1.0,11.0,0.36363636363636354,0.0,1.0,0.25,0.0,0.8,0.40336134453781514,0.0,1.0,1,1.0,1.0,1.0,80.0,13410105.0,0.0,0.764977,0.0,0,0,0,1,0,0,0,0,0,0,0,0,0,0,0,0,0,1,0,0,0,0
24.0,1.0,1.0,0.0,500000.0,7.0,40.0,0.0,0.0,8.0,0.45454545454545436,1.0,1.0,0.0,0.17777777777777776,0.4,0.15126050420168066,0.0,0.0,0,0.0,0.0,1.0,80.0,63110005.0,1.0,0.764977,0.0,0,0,0,1,0,0,0,0,0,0,0,0,0,0,1,0,0,0,0,0,0,0
22.0,0.0,0.0,0.0,0.0,0.0,0.0,0.0,0.0,11.0,0.2727272727272727,0.0,1.0,0.33999999999999997,0.0,0.8,0.36974789915966383,0.0,0.0,0,0.0,1.0,1.0,80.0,63420030.0,1.0,0.764977,0.0,0,0,0,1,0,0,0,0,0,0,0,0,0,0,0,0,0,1,0,0,0,0
24.0,0.0,1.0,150.0,0.0,6.0,54.0,0.0,0.0,11.0,0.45454545454545436,0.0,0.0,0.0,0.0,0.0,0.0,0.0,0.0,1,1.0,0.0,1.0,80.0,13410135.0,1.0,0.764977,1.0,0,0,0,1,0,0,0,0,0,0,0,0,0,0,0,0,0,1,0,0,0,0
23.0,1.0,0.0,0.0,0.0,0.0,0.0,0.0,0.0,11.0,0.36363636363636354,1.0,0.0,0.0,0.0,0.0,0.0,0.0,0.0,1,0.0,0.0,1.0,80.0,93510005.0,1.0,0.764977,1.0,0,0,0,1,0,0,0,0,0,0,0,0,0,0,1,0,0,0,0,0,0,0
19.0,0.0,0.0,0.0,0.0,0.0,0.0,0.0,0.0,12.0,0.0,0.0,0.0,0.0,0.0,0.0,0.0,0.0,0.0,0,0.0,0.0,1.0,80.0,13410135.0,0.0,0.764977,0.0,0,0,0,1,0,0,0,0,0,0,0,0,0,0,0,0,0,1,0,0,0,0
22.0,0.0,1.0,420.0,0.0,20.0,48.0,1.0,1.0,11.0,0.18181818181818188,0.0,1.0,0.0,0.0,0.8666666666666667,0.6050420168067226,0.0,0.0,1,1.0,0.0,1.0,80.0,83510210.0,0.0,0.764977,0.0,0,0,0,1,0,0,0,0,0,0,0,0,0,0,0,0,1,0,0,0,0,0
23.0,0.0,1.0,0.0,750000.0,26.0,84.0,0.0,0.0,11.0,0.36363636363636354,0.0,1.0,0.0,0.6666666666666666,1.0,0.4117647058823529,0.0,0.0,0,0.0,0.0,1.0,80.0,13410120.0,0.0,0.764977,0.0,0,0,0,1,0,0,0,0,0,0,0,0,0,0,0,0,0,1,0,0,0,0
21.0,0.0,1.0,300.0,0.0,20.0,40.0,0.0,0.0,7.0,0.09090909090909083,0.0,0.0,0.0,0.0,0.0,0.0,0.0,0.0,0,1.0,0.0,1.0,80.0,53520005.0,1.0,0.764977,0.0,0,0,0,1,0,0,0,0,0,0,0,0,0,1,0,0,0,0,0,0,0,0
20.0,0.0,1.0,408.0,0.0,30.0,82.0,1.0,1.0,11.0,0.0,0.0,0.0,0.0,0.0,0.0,0.0,0.0,0.0,1,1.0,0.0,1.0,80.0,13310120.0,1.0,0.764977,1.0,0,0,0,1,0,0,0,0,0,0,0,0,0,0,0,0,0,1,0,0,0,0
23.0,0.0,1.0,60.0,0.0,4.0,16.0,0.0,1.0,11.0,0.36363636363636354,0.0,0.0,0.0,0.0,0.0,0.0,0.0,0.0,0,1.0,0.0,1.0,80.0,63420030.0,1.0,0.764977,0.0,0,0,0,1,0,0,0,0,0,0,0,0,0,0,0,0,0,1,0,0,0,0
24.0,1.0,1.0,494.0,0.0,24.0,48.0,0.0,0.0,11.0,0.36363636363636354,0.0,0.0,0.0,0.0,0.0,0.0,0.0,0.0,0,1.0,0.0,1.0,80.0,63110005.0,1.0,0.764977,0.0,0,0,0,1,0,0,0,0,0,0,0,0,0,0,0,0,0,1,0,0,0,0
23.0,0.0,1.0,300.0,0.0,26.0,54.0,0.0,0.0,11.0,0.2727272727272727,0.0,1.0,0.09999999999999999,0.0,1.0,0.47058823529411764,1.0,0.0,0,1.0,1.0,1.0,80.0,13410120.0,1.0,0.764977,0.0,0,0,0,1,0,0,0,0,0,0,0,0,0,0,0,0,0,1,0,0,0,0
20.0,0.0,1.0,381.5,0.0,18.0,72.0,0.0,0.0,11.0,0.09090909090909083,0.0,0.0,0.0,0.0,0.0,0.0,0.0,0.0,0,1.0,0.0,1.0,80.0,53520005.0,1.0,0.764977,0.0,0,0,0,1,0,0,0,0,0,0,0,0,0,0,0,0,0,1,0,0,0,0
23.0,1.0,1.0,336.0,0.0,28.0,84.0,0.0,0.0,11.0,0.2727272727272727,0.0,0.0,0.0,0.0,0.0,0.0,0.0,0.0,1,1.0,0.0,1.0,80.0,53520005.0,0.0,0.764977,0.0,0,0,0,1,0,0,0,0,0,0,0,0,0,0,0,0,0,1,0,0,0,0
24.0,0.0,1.0,0.0,67000.0,6.0,72.0,0.0,0.0,9.0,0.36363636363636354,0.0,1.0,0.25,0.0,0.8666666666666667,0.40336134453781514,1.0,1.0,0,0.0,1.0,1.0,80.0,13310120.0,1.0,0.764977,0.0,0,0,0,1,0,0,0,0,0,0,0,0,0,1,0,0,0,0,0,0,0,0
22.0,0.0,1.0,500.0,0.0,6.0,48.0,1.0,1.0,11.0,0.18181818181818188,0.0,0.0,0.0,0.0,0.0,0.0,0.0,0.0,1,1.0,0.0,1.0,80.0,13310120.0,1.0,0.764977,1.0,0,0,0,1,0,0,0,0,0,0,0,0,0,0,0,0,0,1,0,0,0,0
26.0,0.0,1.0,408.0,0.0,26.0,48.0,1.0,1.0,11.0,0.5454545454545452,0.0,1.0,0.09999999999999999,0.0,0.8,0.3361344537815126,0.0,0.0,1,1.0,1.0,1.0,80.0,13310120.0,0.0,0.764977,0.0,0,0,0,1,0,0,0,0,0,0,0,0,0,0,0,0,0,1,0,0,0,0
22.0,0.0,0.0,0.0,0.0,0.0,0.0,0.0,0.0,8.0,0.18181818181818188,1.0,0.0,0.0,0.0,0.0,0.0,0.0,0.0,0,0.0,0.0,1.0,80.0,13410105.0,1.0,0.764977,0.0,0,0,0,1,0,0,0,0,0,0,0,0,0,0,1,0,0,0,0,0,0,0
19.0,0.0,1.0,100.0,0.0,30.0,48.0,0.0,0.0,11.0,0.0,0.0,1.0,0.0,0.0,0.8,0.453781512605042,0.0,0.0,0,1.0,0.0,1.0,80.0,83510210.0,1.0,0.764977,0.0,0,0,0,1,0,0,0,0,0,0,0,0,0,0,0,0,0,1,0,0,0,0
20.0,1.0,1.0,300.0,0.0,30.0,36.0,0.0,0.0,8.0,0.18181818181818188,0.0,1.0,0.3,0.0,0.6666666666666666,0.1680672268907563,0.0,0.0,1,1.0,1.0,1.0,80.0,63420030.0,1.0,0.764977,1.0,0,0,0,1,0,0,0,0,0,0,0,0,0,1,0,0,0,0,0,0,0,0
22.0,0.0,1.0,0.0,50000.0,15.0,48.0,0.0,0.0,11.0,0.18181818181818188,0.0,0.0,0.0,0.0,0.0,0.0,0.0,0.0,1,0.0,0.0,1.0,80.0,13410120.0,0.0,0.764977,0.0,0,0,0,1,0,0,0,0,0,0,0,0,0,0,0,0,0,1,0,0,0,0
27.0,0.0,1.0,381.5,0.0,26.0,72.0,0.0,0.0,11.0,0.6363636363636365,0.0,1.0,0.36,0.0,1.0,0.7058823529411764,0.0,0.0,1,1.0,1.0,1.0,80.0,13410105.0,1.0,0.764977,1.0,0,0,0,1,0,0,0,0,0,0,0,0,0,0,0,0,0,1,0,0,0,0
23.0,0.0,1.0,437.0,0.0,30.0,49.0,1.0,0.0,11.0,0.36363636363636354,0.0,1.0,0.0,0.2222222222222222,1.0,0.7563025210084033,0.0,0.0,0,1.0,0.0,1.0,80.0,63420030.0,1.0,0.764977,0.0,0,0,0,1,0,0,0,0,0,0,0,0,0,0,0,0,0,1,0,0,0,0
22.0,0.0,0.0,0.0,0.0,0.0,0.0,0.0,0.0,7.0,0.2727272727272727,1.0,0.0,0.0,0.0,0.0,0.0,0.0,0.0,0,0.0,0.0,1.0,80.0,93510005.0,1.0,0.764977,0.0,0,0,0,1,0,0,0,0,0,0,0,0,0,0,1,0,0,0,0,0,0,0
21.0,1.0,1.0,500.0,0.0,22.0,40.0,1.0,1.0,11.0,0.09090909090909083,0.0,1.0,0.358,0.0,0.8666666666666667,0.40336134453781514,1.0,1.0,0,1.0,1.0,1.0,80.0,83510210.0,0.0,0.764977,0.0,0,0,0,1,0,0,0,0,0,0,0,0,0,0,0,0,0,1,0,0,0,0
24.0,0.0,1.0,0.0,150000.0,8.0,10.0,0.0,0.0,9.0,0.45454545454545436,1.0,0.0,0.0,0.0,0.0,0.0,0.0,0.0,0,0.0,0.0,1.0,80.0,93950010.0,1.0,0.764977,0.0,0,0,0,1,0,0,0,0,0,0,0,0,0,0,1,0,0,0,0,0,0,0
20.0,0.0,1.0,300.0,0.0,16.0,91.0,1.0,1.0,11.0,0.09090909090909083,0.0,0.0,0.0,0.0,0.0,0.0,0.0,0.0,1,1.0,0.0,1.0,80.0,83520025.0,0.0,0.764977,0.0,0,0,0,1,0,0,0,0,0,0,0,0,0,0,0,0,0,1,0,0,0,0
20.0,0.0,1.0,320.0,0.0,26.0,48.0,0.0,0.0,11.0,0.09090909090909083,0.0,1.0,0.16,0.0,0.8,0.5042016806722689,0.0,0.0,0,1.0,1.0,1.0,80.0,53520005.0,0.0,0.764977,0.0,0,0,0,1,0,0,0,0,0,0,0,0,0,0,0,0,0,1,0,0,0,0
23.0,0.0,1.0,0.0,96000.0,16.0,50.0,0.0,0.0,5.0,0.2727272727272727,0.0,1.0,0.0,0.3111111111111111,0.8666666666666667,0.40336134453781514,0.0,0.0,0,0.0,0.0,1.0,80.0,63110005.0,1.0,0.764977,0.0,0,0,0,1,0,0,0,0,0,0,0,1,0,0,0,0,0,0,0,0,0,0
22.0,0.0,1.0,230.0,0.0,30.0,70.0,1.0,1.0,11.0,0.18181818181818188,0.0,0.0,0.0,0.0,0.0,0.0,0.0,0.0,0,1.0,0.0,1.0,80.0,63240055.0,0.0,0.764977,0.0,0,0,0,1,0,0,0,0,0,0,0,0,0,0,0,0,0,1,0,0,0,0
25.0,0.0,1.0,408.0,0.0,26.0,54.0,1.0,1.0,11.0,0.5454545454545452,0.0,1.0,0.3815,0.0,0.8666666666666667,0.40336134453781514,1.0,0.0,0,1.0,1.0,1.0,80.0,83520025.0,0.0,0.764977,0.0,0,0,0,1,0,0,0,0,0,0,0,0,0,0,0,1,0,0,0,0,0,0
21.0,1.0,0.0,0.0,0.0,0.0,0.0,0.0,0.0,11.0,0.18181818181818188,1.0,0.0,0.0,0.0,0.0,0.0,0.0,0.0,1,0.0,0.0,1.0,80.0,83510210.0,1.0,0.764977,1.0,0,0,0,1,0,0,0,0,0,0,0,0,0,0,0,0,0,1,0,0,0,0
21.0,1.0,0.0,0.0,0.0,0.0,0.0,0.0,0.0,7.0,0.18181818181818188,1.0,0.0,0.0,0.0,0.0,0.0,0.0,0.0,0,0.0,0.0,1.0,80.0,13310120.0,1.0,0.764977,0.0,0,0,0,1,0,0,0,0,0,0,0,0,0,0,0,0,0,1,0,0,0,0
20.0,0.0,1.0,390.0,0.0,26.0,66.0,0.0,0.0,11.0,0.09090909090909083,0.0,1.0,0.21,0.0,0.8,0.6554621848739496,0.0,0.0,1,1.0,1.0,1.0,80.0,63420030.0,1.0,0.764977,1.0,0,0,0,1,0,0,0,0,0,0,0,0,0,0,0,0,0,1,0,0,0,0
22.0,0.0,1.0,0.0,0.0,8.0,72.0,0.0,0.0,6.0,0.09090909090909083,0.0,1.0,0.36,0.0,1.0,0.5042016806722689,1.0,1.0,1,0.0,1.0,1.0,80.0,13410105.0,1.0,0.764977,1.0,0,0,0,1,0,0,0,0,0,0,0,1,0,0,0,0,0,0,0,0,0,0
20.0,0.0,1.0,408.0,0.0,26.0,56.0,1.0,1.0,11.0,0.09090909090909083,0.0,0.0,0.0,0.0,0.0,0.0,0.0,0.0,1,1.0,0.0,1.0,80.0,13410105.0,0.0,0.764977,0.0,0,0,0,1,0,0,0,0,0,0,0,0,0,0,0,0,0,1,0,0,0,0
22.0,1.0,1.0,450.0,0.0,30.0,84.0,0.0,0.0,11.0,0.18181818181818188,1.0,1.0,0.0,0.1111111111111111,1.0,0.6554621848739496,0.0,0.0,0,1.0,0.0,1.0,80.0,13410120.0,1.0,0.764977,0.0,0,0,0,1,0,0,0,0,0,0,0,0,0,0,0,0,0,1,0,0,0,0
26.0,0.0,1.0,0.0,680000.0,20.0,40.0,0.0,0.0,11.0,0.5454545454545452,0.0,1.0,0.0,0.3333333333333333,0.8666666666666667,0.3361344537815126,0.0,0.0,1,0.0,0.0,1.0,80.0,63420030.0,1.0,0.764977,1.0,0,0,0,1,0,0,0,0,0,0,0,0,0,0,0,0,0,0,0,1,0,0
26.0,1.0,1.0,0.0,240000.0,26.0,24.0,0.0,0.0,6.0,0.6363636363636365,1.0,1.0,0.0,0.13333333333333333,0.8666666666666667,0.5042016806722689,0.0,0.0,0,0.0,0.0,1.0,80.0,13410120.0,1.0,0.764977,0.0,0,0,0,1,0,0,0,0,0,0,0,0,1,0,0,0,0,0,0,0,0,0
21.0,1.0,1.0,400.0,0.0,26.0,50.0,0.0,0.0,9.0,0.09090909090909083,0.0,1.0,0.0,0.0,0.8,0.40336134453781514,0.0,0.0,1,1.0,0.0,1.0,80.0,76140015.0,0.0,0.764977,0.0,0,0,0,1,0,0,0,0,0,0,0,0,0,0,1,0,0,0,0,0,0,0
26.0,0.0,1.0,0.0,120000.0,5.0,16.0,0.0,0.0,9.0,0.5454545454545452,0.0,1.0,0.36,0.0,1.0,0.6134453781512604,0.0,1.0,1,0.0,1.0,1.0,80.0,13310120.0,0.0,0.764977,0.0,0,0,0,1,0,0,0,0,0,0,0,0,1,0,0,0,0,0,0,0,0,0
24.0,0.0,1.0,280.0,0.0,28.0,70.0,0.0,0.0,11.0,0.36363636363636354,0.0,1.0,0.36,0.0,1.0,0.5210084033613445,0.0,0.0,0,1.0,1.0,1.0,80.0,13410120.0,0.0,0.764977,0.0,0,0,0,1,0,0,0,0,0,0,0,0,0,0,0,0,0,1,0,0,0,0
20.0,0.0,1.0,408.0,0.0,26.0,54.0,1.0,1.0,11.0,0.0,0.0,0.0,0.0,0.0,0.0,0.0,0.0,0.0,1,1.0,0.0,1.0,80.0,93950010.0,1.0,0.764977,1.0,0,0,0,1,0,0,0,0,0,0,0,0,0,0,0,0,0,1,0,0,0,0
20.0,0.0,1.0,0.0,85000.0,26.0,56.0,0.0,0.0,11.0,0.09090909090909083,0.0,0.0,0.0,0.0,0.0,0.0,0.0,0.0,1,0.0,0.0,1.0,80.0,93510005.0,1.0,0.764977,1.0,0,0,0,1,0,0,0,0,0,0,0,0,0,0,0,1,0,0,0,0,0,0
20.0,0.0,0.0,0.0,0.0,0.0,0.0,0.0,0.0,11.0,0.09090909090909083,0.0,0.0,0.0,0.0,0.0,0.0,0.0,0.0,0,0.0,0.0,1.0,80.0,13410135.0,0.0,0.764977,0.0,0,0,0,1,0,0,0,0,0,0,0,0,0,0,0,0,0,1,0,0,0,0
20.0,0.0,1.0,500.0,0.0,30.0,70.0,0.0,0.0,11.0,0.09090909090909083,0.0,1.0,0.45999999999999996,0.0,1.0,0.47058823529411764,1.0,1.0,1,1.0,1.0,1.0,80.0,63110005.0,1.0,0.764977,1.0,0,0,0,1,0,0,0,0,0,0,0,0,0,0,0,0,0,1,0,0,0,0
24.0,0.0,0.0,0.0,0.0,0.0,0.0,0.0,0.0,9.0,0.36363636363636354,0.0,1.0,0.0,0.13333333333333333,1.0,0.3529411764705882,0.0,0.0,1,0.0,0.0,1.0,80.0,13410105.0,1.0,0.764977,1.0,0,0,0,1,0,0,0,0,0,0,0,0,0,0,0,1,0,0,0,0,0,0
23.0,1.0,1.0,0.0,100000.0,12.0,12.0,0.0,0.0,5.0,0.36363636363636354,1.0,0.0,0.0,0.0,0.0,0.0,0.0,0.0,1,0.0,0.0,1.0,80.0,83520025.0,1.0,0.764977,1.0,0,0,0,1,0,0,0,0,0,0,0,1,0,0,0,0,0,0,0,0,0,0
21.0,1.0,1.0,0.0,70000.0,8.0,6.0,0.0,0.0,6.0,0.18181818181818188,0.0,0.0,0.0,0.0,0.0,0.0,0.0,0.0,0,0.0,0.0,1.0,80.0,93510005.0,1.0,0.764977,0.0,0,0,0,1,0,0,0,0,0,0,0,1,0,0,0,0,0,0,0,0,0,0
20.0,1.0,0.0,0.0,0.0,0.0,0.0,0.0,0.0,9.0,0.0,1.0,1.0,0.04,0.0,0.8,0.3025210084033613,0.0,0.0,1,0.0,1.0,1.0,80.0,13410120.0,1.0,0.764977,1.0,0,0,0,1,0,0,0,0,0,0,0,0,0,0,0,1,0,0,0,0,0,0
23.0,1.0,1.0,360.0,0.0,28.0,65.0,1.0,0.0,11.0,0.36363636363636354,1.0,0.0,0.0,0.0,0.0,0.0,0.0,0.0,1,1.0,0.0,1.0,80.0,13310120.0,1.0,0.764977,1.0,0,0,0,1,0,0,0,0,0,0,0,0,0,0,0,0,0,1,0,0,0,0
26.0,0.0,1.0,400.0,0.0,20.0,60.0,0.0,0.0,9.0,0.6363636363636365,0.0,0.0,0.0,0.0,0.0,0.0,0.0,0.0,0,1.0,0.0,1.0,80.0,93510005.0,1.0,0.764977,0.0,0,0,0,1,0,0,0,0,0,0,0,0,0,0,0,1,0,0,0,0,0,0
20.0,0.0,1.0,270.0,0.0,15.0,63.0,0.0,0.0,11.0,0.0,0.0,0.0,0.0,0.0,0.0,0.0,0.0,0.0,0,1.0,0.0,1.0,81.0,93620005.0,0.0,0.75,0.0,0,0,0,1,0,0,0,0,0,0,0,0,0,1,0,0,0,0,0,0,0,0
21.0,0.0,1.0,750.0,0.0,26.0,84.0,1.0,1.0,11.0,0.18181818181818188,0.0,0.0,0.0,0.0,0.0,0.0,0.0,0.0,1,1.0,0.0,1.0,81.0,93620005.0,0.0,0.75,0.0,0,0,0,1,0,0,0,0,0,0,0,0,0,0,0,0,0,1,0,0,0,0
27.0,0.0,1.0,240.0,0.0,12.0,24.0,0.0,0.0,8.0,0.6363636363636365,1.0,1.0,0.27999999999999997,0.0,0.8666666666666667,0.5042016806722689,0.0,0.0,0,1.0,1.0,1.0,81.0,13120040.0,1.0,0.75,0.0,0,0,0,1,0,0,0,0,0,0,0,0,0,0,1,0,0,0,0,0,0,0
20.0,0.0,1.0,0.0,450000.0,26.0,54.0,0.0,0.0,11.0,0.0,0.0,0.0,0.0,0.0,0.0,0.0,0.0,0.0,1,0.0,0.0,1.0,81.0,13410130.0,0.0,0.75,0.0,0,0,0,1,0,0,0,0,0,0,0,0,0,0,0,0,0,1,0,0,0,0
24.0,1.0,1.0,360.0,0.0,20.0,40.0,1.0,0.0,11.0,0.36363636363636354,1.0,0.0,0.0,0.0,0.0,0.0,0.0,0.0,1,1.0,0.0,1.0,81.0,13120040.0,1.0,0.75,1.0,0,0,0,1,0,0,0,0,0,0,0,0,0,0,0,0,0,1,0,0,0,0
23.0,1.0,1.0,180.0,0.0,12.0,18.0,0.0,0.0,6.0,0.36363636363636354,0.0,0.0,0.0,0.0,0.0,0.0,0.0,0.0,0,1.0,0.0,1.0,81.0,93620005.0,0.0,0.75,0.0,0,0,0,1,0,0,0,0,0,0,0,0,1,0,0,0,0,0,0,0,0,0
24.0,0.0,0.0,0.0,0.0,0.0,0.0,0.0,0.0,7.0,0.36363636363636354,0.0,0.0,0.0,0.0,0.0,0.0,0.0,0.0,0,0.0,0.0,1.0,81.0,13120040.0,1.0,0.75,0.0,0,0,0,1,0,0,0,0,0,0,0,0,0,1,0,0,0,0,0,0,0,0
21.0,0.0,1.0,381.5,0.0,20.0,48.0,1.0,1.0,11.0,0.18181818181818188,0.0,0.0,0.0,0.0,0.0,0.0,0.0,0.0,1,1.0,0.0,1.0,81.0,13410130.0,0.0,0.75,0.0,0,0,0,1,0,0,0,0,0,0,0,0,0,0,0,0,0,1,0,0,0,0
27.0,0.0,1.0,0.0,450000.0,8.0,72.0,0.0,0.0,9.0,0.09090909090909083,0.0,0.0,0.0,0.0,0.0,0.0,0.0,0.0,0,0.0,0.0,1.0,81.0,13120040.0,0.0,0.75,0.0,0,0,0,1,0,0,0,0,0,0,0,0,0,0,0,0,0,1,0,0,0,0
23.0,1.0,1.0,0.0,94000.0,26.0,18.0,0.0,0.0,11.0,0.36363636363636354,0.0,0.0,0.0,0.0,0.0,0.0,0.0,0.0,1,0.0,0.0,1.0,81.0,13410130.0,1.0,0.75,1.0,0,0,0,1,0,0,0,0,0,0,0,0,0,0,0,0,0,1,0,0,0,0
21.0,0.0,1.0,250.0,0.0,30.0,56.0,0.0,0.0,11.0,0.09090909090909083,0.0,0.0,0.0,0.0,0.0,0.0,0.0,0.0,0,1.0,0.0,1.0,81.0,93620005.0,0.0,0.75,0.0,0,0,0,1,0,0,0,0,0,0,0,0,0,0,0,0,0,1,0,0,0,0
19.0,0.0,0.0,0.0,0.0,0.0,0.0,0.0,0.0,11.0,0.0,0.0,0.0,0.0,0.0,0.0,0.0,0.0,0.0,1,0.0,0.0,1.0,81.0,13120040.0,0.0,0.75,0.0,0,0,0,1,0,0,0,0,0,0,0,0,0,0,0,0,0,1,0,0,0,0
21.0,0.0,1.0,400.0,0.0,26.0,56.0,0.0,0.0,11.0,0.09090909090909083,0.0,1.0,0.0,0.38888888888888884,0.6666666666666666,0.5042016806722689,0.0,0.0,0,1.0,0.0,1.0,81.0,93620005.0,0.0,0.75,0.0,0,0,0,1,0,0,0,0,0,0,0,0,0,0,0,0,1,0,0,0,0,0
24.0,0.0,1.0,381.5,0.0,30.0,84.0,0.0,0.0,10.0,0.45454545454545436,0.0,1.0,0.44999999999999996,0.0,1.0,0.7226890756302521,0.0,0.0,0,1.0,1.0,1.0,81.0,93620005.0,0.0,0.75,0.0,0,0,0,1,0,0,0,0,0,0,0,0,0,0,0,0,0,1,0,0,0,0
25.0,0.0,1.0,240.0,0.0,26.0,50.0,0.0,0.0,7.0,0.45454545454545436,0.0,0.0,0.0,0.0,0.0,0.0,0.0,0.0,1,1.0,0.0,1.0,81.0,93620005.0,0.0,0.75,0.0,0,0,0,1,0,0,0,0,0,0,0,0,0,0,1,0,0,0,0,0,0,0
23.0,0.0,1.0,381.5,0.0,26.0,48.0,0.0,0.0,11.0,0.2727272727272727,0.0,1.0,0.09899999999999999,0.0,1.0,0.47058823529411764,0.0,0.0,0,1.0,1.0,1.0,81.0,13410130.0,1.0,0.75,0.0,0,0,0,1,0,0,0,0,0,0,0,0,0,0,0,0,0,1,0,0,0,0
20.0,0.0,1.0,0.0,63000.0,28.0,36.0,0.0,0.0,11.0,0.09090909090909083,0.0,1.0,0.0,0.27777777777777773,0.8666666666666667,0.40336134453781514,0.0,0.0,0,0.0,0.0,1.0,81.0,13120040.0,0.0,0.75,0.0,0,0,0,1,0,0,0,0,0,0,0,0,0,0,0,0,1,0,0,0,0,0
24.0,1.0,1.0,408.0,0.0,26.0,15.0,0.0,0.0,11.0,0.45454545454545436,0.0,0.0,0.0,0.0,0.0,0.0,0.0,0.0,1,1.0,0.0,1.0,81.0,13410130.0,1.0,0.75,1.0,0,0,0,1,0,0,0,0,0,0,0,0,0,1,0,0,0,0,0,0,0,0
22.0,0.0,1.0,230.0,0.0,24.0,48.0,0.0,0.0,11.0,0.18181818181818188,0.0,1.0,0.38999999999999996,0.0,0.8666666666666667,0.7058823529411764,0.0,0.0,1,1.0,1.0,1.0,81.0,93620005.0,1.0,0.75,1.0,0,0,0,1,0,0,0,0,0,0,0,0,0,0,0,0,0,1,0,0,0,0
20.0,0.0,1.0,500.0,0.0,26.0,48.0,1.0,1.0,11.0,0.0,0.0,0.0,0.0,0.0,0.0,0.0,0.0,0.0,0,1.0,0.0,1.0,81.0,93620005.0,0.0,0.75,0.0,0,0,0,1,0,0,0,0,0,0,0,0,0,0,0,0,0,1,0,0,0,0
27.0,0.0,1.0,408.0,0.0,30.0,84.0,0.0,0.0,6.0,0.6363636363636365,0.0,1.0,0.5,0.0,0.8,0.4789915966386554,0.0,0.0,0,1.0,1.0,1.0,81.0,13120040.0,1.0,0.75,0.0,0,0,0,1,0,0,0,0,0,0,0,0,0,1,0,0,0,0,0,0,0,0
21.0,0.0,1.0,300.0,0.0,28.0,56.0,0.0,0.0,11.0,0.18181818181818188,0.0,0.0,0.0,0.0,0.0,0.0,0.0,0.0,1,1.0,0.0,1.0,81.0,13120040.0,1.0,0.75,1.0,0,0,0,1,0,0,0,0,0,0,0,0,0,0,0,0,0,1,0,0,0,0
22.0,0.0,1.0,408.0,0.0,28.0,84.0,1.0,1.0,11.0,0.2727272727272727,1.0,0.0,0.0,0.0,0.0,0.0,0.0,0.0,0,1.0,0.0,1.0,81.0,13120040.0,0.0,0.75,0.0,0,0,0,1,0,0,0,0,0,0,0,0,0,0,0,0,0,1,0,0,0,0
21.0,0.0,1.0,250.0,0.0,24.0,48.0,1.0,1.0,7.0,0.18181818181818188,0.0,1.0,0.21,0.0,0.6666666666666666,0.29411764705882354,0.0,0.0,1,1.0,1.0,1.0,81.0,93620005.0,1.0,0.75,1.0,0,0,0,1,0,0,0,0,0,0,0,0,0,1,0,0,0,0,0,0,0,0
26.0,1.0,1.0,120.0,0.0,15.0,50.0,0.0,0.0,11.0,0.5454545454545452,1.0,1.0,0.0,0.17777777777777776,0.8666666666666667,0.5546218487394958,0.0,0.0,1,1.0,0.0,1.0,82.0,63240015.0,1.0,0.75,1.0,0,0,0,1,0,0,0,0,0,0,0,0,0,0,0,0,0,1,0,0,0,0
23.0,1.0,1.0,300.0,0.0,24.0,48.0,0.0,0.0,10.0,0.2727272727272727,1.0,0.0,0.0,0.0,0.0,0.0,0.0,0.0,0,1.0,0.0,1.0,82.0,63240015.0,1.0,0.75,0.0,0,0,0,1,0,0,0,0,0,0,0,0,0,0,0,0,1,0,0,0,0,0
22.0,0.0,0.0,0.0,0.0,0.0,0.0,0.0,0.0,11.0,0.2727272727272727,0.0,0.0,0.0,0.0,0.0,0.0,0.0,0.0,1,0.0,0.0,1.0,82.0,13120005.0,0.0,0.75,0.0,0,0,0,1,0,0,0,0,0,0,0,0,0,0,0,0,0,1,0,0,0,0
27.0,0.0,1.0,0.0,100000.0,30.0,60.0,0.0,0.0,11.0,0.6363636363636365,0.0,1.0,0.0,0.5555555555555555,1.0,0.40336134453781514,0.0,0.0,0,0.0,0.0,1.0,82.0,13120005.0,0.0,0.75,0.0,0,0,0,1,0,0,0,0,0,0,0,0,0,0,0,0,0,1,0,0,0,0
26.0,0.0,1.0,408.0,0.0,24.0,48.0,1.0,1.0,11.0,0.6363636363636365,0.0,1.0,0.0,0.0,0.6666666666666666,0.42016806722689076,1.0,1.0,0,1.0,0.0,1.0,82.0,13120005.0,0.0,0.75,0.0,0,0,0,1,0,0,0,0,0,0,0,0,0,0,0,0,0,1,0,0,0,0
20.0,0.0,0.0,0.0,0.0,0.0,0.0,0.0,0.0,11.0,0.09090909090909083,0.0,1.0,0.15,0.0,0.8666666666666667,0.5546218487394958,0.0,0.0,0,0.0,1.0,1.0,82.0,63240015.0,1.0,0.75,0.0,0,0,0,1,0,0,0,0,0,0,0,0,0,0,0,1,0,0,0,0,0,0
21.0,0.0,0.0,0.0,0.0,0.0,0.0,0.0,0.0,11.0,0.18181818181818188,0.0,1.0,0.16,0.0,0.6666666666666666,0.21008403361344538,0.0,0.0,1,0.0,1.0,1.0,82.0,13120005.0,1.0,0.75,1.0,0,0,0,1,0,0,0,0,0,0,0,0,0,0,0,0,1,0,0,0,0,0
20.0,0.0,1.0,50.0,0.0,30.0,84.0,0.0,0.0,11.0,0.09090909090909083,0.0,0.0,0.0,0.0,0.0,0.0,0.0,0.0,0,1.0,0.0,1.0,82.0,13120005.0,0.0,0.75,0.0,0,0,0,1,0,0,0,0,0,0,0,0,0,0,0,0,0,1,0,0,0,0
21.0,1.0,0.0,0.0,0.0,0.0,0.0,0.0,0.0,9.0,0.18181818181818188,0.0,0.0,0.0,0.0,0.0,0.0,0.0,0.0,0,0.0,0.0,1.0,82.0,63240015.0,1.0,0.75,0.0,0,0,0,1,0,0,0,0,0,0,0,0,0,0,0,0,1,0,0,0,0,0
25.0,1.0,1.0,0.0,200000.0,26.0,48.0,0.0,0.0,11.0,0.5454545454545452,1.0,0.0,0.0,0.0,0.0,0.0,0.0,0.0,1,0.0,0.0,1.0,82.0,13120005.0,1.0,0.75,1.0,0,0,0,1,0,0,0,0,0,0,0,0,0,0,0,0,0,1,0,0,0,0
22.0,1.0,1.0,408.0,0.0,26.0,70.0,1.0,1.0,11.0,0.18181818181818188,0.0,0.0,0.0,0.0,0.0,0.0,0.0,0.0,1,1.0,0.0,1.0,82.0,63240015.0,1.0,0.75,1.0,0,0,0,1,0,0,0,0,0,0,0,0,0,0,0,0,0,1,0,0,0,0
21.0,0.0,0.0,0.0,0.0,0.0,0.0,0.0,0.0,13.0,0.0,0.0,0.0,0.0,0.0,0.0,0.0,0.0,0.0,0,0.0,0.0,1.0,82.0,63240015.0,0.0,0.75,0.0,0,0,0,1,0,0,0,0,0,0,0,0,0,0,0,0,0,1,0,0,0,0
21.0,0.0,0.0,0.0,0.0,0.0,0.0,0.0,0.0,11.0,0.18181818181818188,0.0,0.0,0.0,0.0,0.0,0.0,0.0,0.0,1,0.0,0.0,1.0,82.0,63240015.0,1.0,0.75,1.0,0,0,0,1,0,0,0,0,0,0,0,0,0,0,0,0,0,1,0,0,0,0
20.0,0.0,1.0,90.0,0.0,22.0,20.0,0.0,0.0,11.0,0.09090909090909083,0.0,1.0,0.09999999999999999,0.0,0.7333333333333333,0.3361344537815126,0.0,0.0,1,1.0,1.0,1.0,83.0,93820040.0,0.0,0.69160306,0.0,0,0,0,1,0,0,0,0,0,0,0,0,0,0,0,0,0,1,0,0,0,0
23.0,0.0,1.0,400.0,0.0,20.0,60.0,0.0,0.0,7.0,0.2727272727272727,0.0,1.0,0.22999999999999998,0.0,0.8,0.7563025210084033,0.0,1.0,1,1.0,1.0,1.0,83.0,63110005.0,1.0,0.69160306,1.0,0,0,0,1,0,0,0,0,0,0,0,0,0,0,1,0,0,0,0,0,0,0
20.0,0.0,1.0,0.0,440000.0,24.0,48.0,0.0,0.0,6.0,0.0,0.0,1.0,0.0,0.4444444444444444,0.8,0.42016806722689076,0.0,0.0,1,0.0,0.0,1.0,83.0,13710005.0,0.0,0.69160306,0.0,0,0,0,1,0,0,0,0,0,0,0,1,0,0,0,0,0,0,0,0,0,0
22.0,0.0,1.0,500.0,0.0,26.0,55.0,1.0,1.0,11.0,0.18181818181818188,0.0,1.0,0.0,0.26666666666666666,0.8,0.40336134453781514,0.0,0.0,1,1.0,0.0,1.0,83.0,13410135.0,0.0,0.69160306,0.0,0,0,0,1,0,0,0,0,0,0,0,0,0,0,0,0,0,1,0,0,0,0
24.0,1.0,0.0,0.0,0.0,0.0,0.0,0.0,0.0,5.0,0.45454545454545436,1.0,0.0,0.0,0.0,0.0,0.0,0.0,0.0,0,0.0,0.0,1.0,83.0,93510005.0,1.0,0.69160306,0.0,0,0,0,1,0,0,0,0,0,0,0,1,0,0,0,0,0,0,0,0,0,0
20.0,0.0,1.0,340.0,0.0,26.0,78.0,0.0,0.0,11.0,0.0,0.0,1.0,0.19999999999999998,0.0,0.8,0.5042016806722689,0.0,0.0,1,1.0,1.0,1.0,83.0,13410135.0,1.0,0.69160306,1.0,0,0,0,1,0,0,0,0,0,0,0,0,0,0,0,0,0,1,0,0,0,0
20.0,0.0,1.0,408.0,0.0,24.0,48.0,1.0,1.0,11.0,0.0,0.0,0.0,0.0,0.0,0.0,0.0,0.0,0.0,1,1.0,0.0,1.0,83.0,84330005.0,1.0,0.69160306,1.0,0,0,0,1,0,0,0,0,0,0,0,0,0,0,0,0,0,1,0,0,0,0
20.0,0.0,1.0,480.0,0.0,18.0,24.0,1.0,1.0,11.0,0.0,0.0,0.0,0.0,0.0,0.0,0.0,0.0,0.0,1,1.0,0.0,1.0,83.0,84330005.0,0.0,0.69160306,0.0,0,0,0,1,0,0,0,0,0,0,0,0,0,1,0,0,0,0,0,0,0,0
20.0,0.0,1.0,408.0,0.0,24.0,48.0,1.0,1.0,11.0,0.0,0.0,1.0,0.0,0.14222222222222222,0.26666666666666666,0.06722689075630252,0.0,0.0,1,1.0,0.0,1.0,83.0,93820040.0,0.0,0.69160306,0.0,0,0,0,1,0,0,0,0,0,0,0,1,0,0,0,0,0,0,0,0,0,0
20.0,0.0,1.0,180.0,0.0,26.0,84.0,0.0,0.0,11.0,0.09090909090909083,0.0,0.0,0.0,0.0,0.0,0.0,0.0,0.0,1,1.0,0.0,1.0,83.0,13420005.0,1.0,0.69160306,1.0,0,0,0,1,0,0,0,0,0,0,0,0,0,0,0,0,0,1,0,0,0,0
20.0,0.0,1.0,0.0,400000.0,26.0,50.0,0.0,0.0,11.0,0.0,0.0,1.0,0.0,0.5555555555555555,1.0,0.5294117647058824,0.0,0.0,1,0.0,0.0,1.0,83.0,13310010.0,1.0,0.69160306,1.0,0,0,0,1,0,0,0,0,0,0,0,0,0,0,0,0,0,1,0,0,0,0
25.0,0.0,1.0,520.0,0.0,26.0,48.0,0.0,0.0,11.0,0.45454545454545436,0.0,1.0,0.36,0.0,0.8666666666666667,0.40336134453781514,0.0,0.0,1,1.0,1.0,1.0,83.0,93820040.0,0.0,0.69160306,0.0,0,0,0,1,0,0,0,0,0,0,0,0,0,0,0,0,0,1,0,0,0,0
23.0,0.0,1.0,360.0,0.0,24.0,54.0,0.0,0.0,11.0,0.2727272727272727,0.0,0.0,0.0,0.0,0.0,0.0,0.0,0.0,1,1.0,0.0,1.0,83.0,93820040.0,0.0,0.69160306,0.0,0,0,0,1,0,0,0,0,0,0,0,0,0,0,0,0,0,1,0,0,0,0
26.0,0.0,1.0,408.0,0.0,22.0,48.0,1.0,1.0,11.0,0.5454545454545452,0.0,1.0,0.19999999999999998,0.0,0.8,0.40336134453781514,0.0,0.0,0,1.0,1.0,1.0,83.0,13310010.0,0.0,0.69160306,0.0,0,0,0,1,0,0,0,0,0,0,0,0,0,0,0,0,0,1,0,0,0,0
19.0,0.0,1.0,300.0,0.0,30.0,48.0,0.0,0.0,11.0,0.0,0.0,0.0,0.0,0.0,0.0,0.0,0.0,0.0,1,1.0,0.0,1.0,83.0,84330005.0,1.0,0.69160306,1.0,0,0,0,1,0,0,0,0,0,0,0,0,0,0,0,0,0,1,0,0,0,0
20.0,0.0,1.0,320.0,0.0,26.0,46.0,0.0,1.0,11.0,0.0,0.0,1.0,0.0,0.0,0.8,0.36974789915966383,0.0,0.0,1,1.0,0.0,1.0,83.0,84340120.0,0.0,0.69160306,0.0,0,0,0,1,0,0,0,0,0,0,0,0,0,0,0,0,1,0,0,0,0,0
24.0,1.0,0.0,0.0,0.0,0.0,0.0,0.0,0.0,10.0,0.45454545454545436,1.0,1.0,0.0,0.0,0.8,0.5042016806722689,0.0,0.0,1,0.0,0.0,1.0,83.0,84330005.0,1.0,0.69160306,1.0,0,0,0,1,0,0,0,0,0,0,0,0,0,0,0,0,0,1,0,0,0,0
21.0,0.0,1.0,240.0,0.0,20.0,40.0,0.0,0.0,11.0,0.18181818181818188,0.0,0.0,0.0,0.0,0.0,0.0,0.0,0.0,0,1.0,0.0,1.0,83.0,93510005.0,1.0,0.69160306,0.0,0,0,0,1,0,0,0,0,0,0,0,0,0,0,0,0,1,0,0,0,0,0
25.0,1.0,1.0,381.5,0.0,26.0,48.0,0.0,0.0,11.0,0.45454545454545436,1.0,0.0,0.0,0.0,0.0,0.0,0.0,0.0,1,1.0,0.0,1.0,83.0,13310120.0,1.0,0.69160306,1.0,0,0,0,1,0,0,0,0,0,0,0,0,0,0,0,0,0,1,0,0,0,0
27.0,0.0,1.0,408.0,0.0,30.0,84.0,1.0,1.0,11.0,0.6363636363636365,0.0,1.0,0.358,0.0,0.8,0.40336134453781514,0.0,1.0,1,1.0,1.0,1.0,83.0,93510005.0,0.0,0.69160306,0.0,0,0,0,1,0,0,0,0,0,0,0,0,0,0,0,0,0,1,0,0,0,0
20.0,0.0,0.0,0.0,0.0,0.0,0.0,0.0,0.0,11.0,0.0,0.0,1.0,0.33999999999999997,0.0,0.9333333333333333,0.47058823529411764,1.0,1.0,1,0.0,1.0,1.0,83.0,13310120.0,1.0,0.69160306,1.0,0,0,0,1,0,0,0,0,0,0,0,0,0,0,0,0,0,1,0,0,0,0
21.0,0.0,1.0,240.0,0.0,24.0,56.0,0.0,0.0,11.0,0.09090909090909083,0.0,1.0,0.32,0.0,0.8,0.40336134453781514,0.0,0.0,1,1.0,1.0,1.0,83.0,84340120.0,0.0,0.69160306,0.0,0,0,0,1,0,0,0,0,0,0,0,0,0,0,0,0,0,1,0,0,0,0
21.0,0.0,0.0,0.0,0.0,0.0,0.0,0.0,0.0,11.0,0.18181818181818188,1.0,0.0,0.0,0.0,0.0,0.0,0.0,0.0,1,0.0,0.0,1.0,83.0,13710005.0,1.0,0.69160306,1.0,0,0,0,1,0,0,0,0,0,0,0,1,0,0,0,0,0,0,0,0,0,0
21.0,0.0,1.0,120.0,0.0,26.0,72.0,0.0,0.0,11.0,0.09090909090909083,0.0,1.0,0.09999999999999999,0.0,0.9333333333333333,0.5294117647058824,0.0,0.0,1,1.0,1.0,1.0,83.0,13710005.0,1.0,0.69160306,1.0,0,0,0,1,0,0,0,0,0,0,0,0,0,0,0,0,1,0,0,0,0,0
22.0,1.0,1.0,250.0,0.0,28.0,70.0,0.0,0.0,10.0,0.18181818181818188,0.0,1.0,0.3,0.0,0.8,0.40336134453781514,0.0,0.0,1,1.0,1.0,1.0,83.0,93510005.0,1.0,0.69160306,1.0,0,0,0,1,0,0,0,0,0,0,0,0,0,0,0,1,0,0,0,0,0,0
21.0,1.0,1.0,300.0,0.0,24.0,48.0,0.0,0.0,11.0,0.18181818181818188,0.0,1.0,0.3,0.0,0.6666666666666666,0.5042016806722689,0.0,0.0,1,1.0,1.0,1.0,83.0,13710005.0,0.0,0.69160306,0.0,0,0,0,1,0,0,0,0,0,0,0,0,0,0,0,0,0,1,0,0,0,0
21.0,1.0,1.0,360.0,0.0,20.0,55.0,0.0,1.0,11.0,0.09090909090909083,0.0,1.0,0.3,0.0,0.8,0.453781512605042,0.0,0.0,0,1.0,1.0,1.0,83.0,84340120.0,0.0,0.69160306,0.0,0,0,0,1,0,0,0,0,0,0,0,0,0,0,0,0,0,1,0,0,0,0
21.0,0.0,1.0,100.0,0.0,26.0,84.0,0.0,1.0,11.0,0.09090909090909083,0.0,1.0,0.12,0.0,0.8,0.6050420168067226,0.0,0.0,0,1.0,1.0,1.0,83.0,84340120.0,1.0,0.69160306,0.0,0,0,0,1,0,0,0,0,0,0,0,0,0,0,0,0,0,1,0,0,0,0
26.0,1.0,1.0,490.0,0.0,28.0,69.0,1.0,1.0,11.0,0.5454545454545452,0.0,1.0,0.48,0.0,1.0,0.6554621848739496,1.0,1.0,1,1.0,1.0,1.0,83.0,13410135.0,0.0,0.69160306,0.0,0,0,0,1,0,0,0,0,0,0,0,0,0,0,0,0,0,1,0,0,0,0
22.0,1.0,1.0,381.5,0.0,22.0,40.0,0.0,0.0,11.0,0.18181818181818188,1.0,0.0,0.0,0.0,0.0,0.0,0.0,0.0,1,1.0,0.0,1.0,83.0,13420005.0,1.0,0.69160306,1.0,0,0,0,1,0,0,0,0,0,0,0,0,0,0,0,0,0,1,0,0,0,0
26.0,0.0,1.0,500.0,0.0,26.0,60.0,0.0,0.0,11.0,0.5454545454545452,0.0,1.0,0.0,0.09999999999999999,0.9666666666666667,0.3529411764705882,0.0,0.0,1,1.0,0.0,1.0,83.0,83210005.0,1.0,0.69160306,1.0,0,0,0,1,0,0,0,0,0,0,0,0,0,0,0,0,0,1,0,0,0,0
21.0,0.0,1.0,300.0,0.0,26.0,78.0,0.0,1.0,11.0,0.09090909090909083,0.0,0.0,0.0,0.0,0.0,0.0,0.0,0.0,1,1.0,0.0,1.0,83.0,84340120.0,1.0,0.69160306,1.0,0,0,0,1,0,0,0,0,0,0,0,0,0,0,0,0,0,1,0,0,0,0
24.0,1.0,0.0,0.0,0.0,0.0,0.0,0.0,0.0,10.0,0.36363636363636354,1.0,0.0,0.0,0.0,0.0,0.0,0.0,0.0,0,0.0,0.0,1.0,83.0,93510005.0,1.0,0.69160306,0.0,0,0,0,1,0,0,0,0,0,0,0,0,0,0,1,0,0,0,0,0,0,0
23.0,0.0,1.0,0.0,290000.0,26.0,72.0,0.0,0.0,7.0,0.2727272727272727,0.0,1.0,0.3815,0.0,0.8666666666666667,0.40336134453781514,1.0,1.0,0,0.0,1.0,1.0,83.0,13710005.0,0.0,0.69160306,0.0,0,0,0,1,0,0,0,0,0,0,0,0,0,1,0,0,0,0,0,0,0,0
23.0,0.0,1.0,600.0,0.0,30.0,70.0,0.0,0.0,12.0,0.36363636363636354,0.0,1.0,0.358,0.0,0.8666666666666667,0.6050420168067226,1.0,1.0,0,1.0,1.0,1.0,83.0,13420005.0,0.0,0.69160306,0.0,0,0,0,1,0,0,0,0,0,0,0,0,0,0,0,0,0,1,0,0,0,0
24.0,0.0,1.0,410.0,0.0,26.0,48.0,1.0,1.0,11.0,0.45454545454545436,0.0,1.0,0.3,0.0,0.8,0.36974789915966383,0.0,0.0,0,1.0,1.0,1.0,83.0,83210005.0,0.0,0.69160306,0.0,0,0,0,1,0,0,0,0,0,0,0,0,0,0,0,0,0,1,0,0,0,0
22.0,0.0,0.0,0.0,0.0,0.0,0.0,0.0,0.0,11.0,0.18181818181818188,0.0,0.0,0.0,0.0,0.0,0.0,0.0,0.0,1,0.0,0.0,1.0,83.0,83210005.0,0.0,0.69160306,0.0,0,0,0,1,0,0,0,0,0,0,0,0,0,0,0,0,0,1,0,0,0,0
22.0,1.0,1.0,300.0,0.0,26.0,48.0,0.0,1.0,11.0,0.2727272727272727,1.0,1.0,0.358,0.0,0.8,0.40336134453781514,0.0,1.0,0,1.0,1.0,1.0,83.0,84340120.0,0.0,0.69160306,0.0,0,0,0,1,0,0,0,0,0,0,0,0,0,0,0,0,0,1,0,0,0,0
21.0,1.0,1.0,408.0,0.0,26.0,44.0,0.0,0.0,11.0,0.09090909090909083,0.0,1.0,0.0,0.16666666666666666,0.6666666666666666,0.08403361344537814,0.0,0.0,1,1.0,0.0,1.0,83.0,13410135.0,1.0,0.69160306,1.0,0,0,0,1,0,0,0,0,0,0,0,0,0,0,0,0,0,1,0,0,0,0
19.0,0.0,1.0,408.0,0.0,20.0,40.0,1.0,1.0,11.0,0.0,0.0,1.0,0.39999999999999997,0.0,0.8666666666666667,0.40336134453781514,0.0,0.0,1,1.0,1.0,1.0,83.0,13310010.0,0.0,0.69160306,0.0,0,0,0,1,0,0,0,0,0,0,0,0,0,0,0,0,0,1,0,0,0,0
19.0,0.0,1.0,440.0,0.0,28.0,48.0,1.0,1.0,11.0,0.0,0.0,1.0,0.19999999999999998,0.0,1.0,0.7647058823529411,0.0,0.0,1,1.0,1.0,1.0,83.0,83210005.0,0.0,0.69160306,0.0,0,0,0,1,0,0,0,0,0,0,0,0,0,0,0,0,0,1,0,0,0,0
24.0,1.0,1.0,90.0,0.0,20.0,40.0,0.0,0.0,7.0,0.45454545454545436,1.0,1.0,0.0,0.08888888888888888,1.0,0.6554621848739496,0.0,0.0,1,1.0,0.0,1.0,83.0,93510005.0,1.0,0.69160306,1.0,0,0,0,1,0,0,0,0,0,0,0,1,0,0,0,0,0,0,0,0,0,0
22.0,0.0,1.0,408.0,0.0,26.0,44.0,0.0,1.0,11.0,0.18181818181818188,0.0,1.0,0.0,0.0,0.8666666666666667,0.10084033613445378,0.0,0.0,1,1.0,0.0,1.0,83.0,13310120.0,0.0,0.69160306,0.0,0,0,0,1,0,0,0,0,0,0,0,0,0,0,0,0,0,1,0,0,0,0
20.0,0.0,1.0,420.0,0.0,26.0,60.0,1.0,1.0,11.0,0.0,0.0,0.0,0.0,0.0,0.0,0.0,0.0,0.0,1,1.0,0.0,1.0,83.0,13410135.0,1.0,0.69160306,1.0,0,0,0,1,0,0,0,0,0,0,0,0,0,0,0,0,0,1,0,0,0,0
21.0,0.0,1.0,250.0,0.0,26.0,30.0,0.0,0.0,11.0,0.09090909090909083,0.0,0.0,0.0,0.0,0.0,0.0,0.0,0.0,0,1.0,0.0,1.0,83.0,83210005.0,0.0,0.69160306,0.0,0,0,0,1,0,0,0,0,0,0,0,0,0,0,0,0,0,1,0,0,0,0
20.0,0.0,1.0,408.0,0.0,24.0,48.0,0.0,1.0,11.0,0.0,0.0,1.0,0.3815,0.0,0.8,0.40336134453781514,0.0,1.0,0,1.0,1.0,1.0,82.0,13120005.0,0.0,0.69160306,0.0,0,0,0,1,0,0,0,0,0,0,0,0,0,0,0,0,0,1,0,0,0,0
24.0,1.0,1.0,0.0,20000.0,20.0,15.0,0.0,0.0,10.0,0.45454545454545436,1.0,0.0,0.0,0.0,0.0,0.0,0.0,0.0,1,0.0,0.0,1.0,83.0,63110005.0,1.0,0.69160306,1.0,0,0,0,1,0,0,0,0,0,0,0,1,0,0,0,0,0,0,0,0,0,0
20.0,0.0,1.0,200.0,0.0,15.0,40.0,0.0,1.0,11.0,0.0,0.0,0.0,0.0,0.0,0.0,0.0,0.0,0.0,0,1.0,0.0,1.0,83.0,83210005.0,0.0,0.69160306,0.0,0,0,0,1,0,0,0,0,0,0,0,0,0,0,0,0,1,0,0,0,0,0
22.0,0.0,1.0,0.0,120000.0,26.0,48.0,0.0,0.0,13.0,0.18181818181818188,0.0,1.0,0.18,0.0,0.4,0.20168067226890757,0.0,0.0,1,0.0,1.0,1.0,83.0,84340120.0,0.0,0.69160306,0.0,0,0,0,1,0,0,0,0,0,0,0,0,0,0,0,0,0,1,0,0,0,0
25.0,1.0,0.0,0.0,0.0,0.0,0.0,0.0,0.0,5.0,0.45454545454545436,1.0,0.0,0.0,0.0,0.0,0.0,0.0,0.0,0,0.0,0.0,1.0,68.0,93510050.0,1.0,0.69160306,0.0,0,0,0,1,0,0,0,0,0,0,0,1,0,0,0,0,0,0,0,0,0,0
21.0,1.0,1.0,480.0,0.0,26.0,54.0,0.0,1.0,11.0,0.18181818181818188,1.0,1.0,0.0,0.19999999999999998,0.6666666666666666,0.36974789915966383,0.0,0.0,1,1.0,0.0,1.0,83.0,13410135.0,0.0,0.69160306,0.0,0,0,0,1,0,0,0,0,0,0,0,0,0,0,0,0,0,1,0,0,0,0
25.0,0.0,1.0,500.0,0.0,26.0,44.0,0.0,1.0,11.0,0.5454545454545452,0.0,1.0,0.358,0.0,0.8,0.4117647058823529,1.0,1.0,1,1.0,1.0,1.0,83.0,13310010.0,1.0,0.69160306,1.0,0,0,0,1,0,0,0,0,0,0,0,0,0,0,0,0,0,1,0,0,0,0
25.0,0.0,1.0,488.64,0.0,20.0,60.0,1.0,1.0,11.0,0.5454545454545452,1.0,1.0,0.6,0.0,0.8,0.6050420168067226,1.0,1.0,0,1.0,1.0,1.0,83.0,83210005.0,0.0,0.69160306,0.0,0,0,0,1,0,0,0,0,0,0,0,0,0,0,0,0,0,1,0,0,0,0
21.0,0.0,0.0,0.0,0.0,0.0,0.0,0.0,0.0,11.0,0.09090909090909083,0.0,0.0,0.0,0.0,0.0,0.0,0.0,0.0,1,0.0,0.0,1.0,83.0,13420005.0,1.0,0.69160306,1.0,0,0,0,1,0,0,0,0,0,0,0,0,0,0,0,0,0,1,0,0,0,0
20.0,0.0,1.0,190.0,0.0,26.0,48.0,0.0,0.0,11.0,0.09090909090909083,0.0,1.0,0.0,0.0,0.8,0.40336134453781514,0.0,0.0,1,1.0,0.0,1.0,83.0,84330005.0,0.0,0.69160306,0.0,0,0,0,1,0,0,0,0,0,0,0,0,0,0,0,0,0,1,0,0,0,0
24.0,0.0,1.0,0.0,400000.0,26.0,54.0,0.0,0.0,11.0,0.6363636363636365,1.0,0.0,0.0,0.0,0.0,0.0,0.0,0.0,0,0.0,0.0,1.0,83.0,83210005.0,0.0,0.69160306,0.0,0,0,0,1,0,0,0,0,0,0,0,0,0,0,0,0,0,1,0,0,0,0
25.0,0.0,1.0,360.0,0.0,26.0,48.0,0.0,0.0,11.0,0.5454545454545452,0.0,1.0,0.24,0.0,0.7333333333333333,0.25210084033613445,0.0,0.0,0,1.0,1.0,1.0,84.0,13410150.0,0.0,0.7453581,0.0,0,0,0,1,0,0,0,0,0,0,0,0,0,0,0,0,0,1,0,0,0,0
24.0,0.0,1.0,382.0,0.0,30.0,70.0,1.0,1.0,11.0,0.36363636363636354,1.0,1.0,0.358,0.0,0.6666666666666666,0.3361344537815126,1.0,1.0,0,1.0,1.0,1.0,84.0,13110010.0,1.0,0.7453581,0.0,0,0,0,1,0,0,0,0,0,0,0,0,0,0,0,0,0,1,0,0,0,0
20.0,0.0,1.0,150.0,0.0,28.0,54.0,1.0,0.0,11.0,0.0,0.0,0.0,0.0,0.0,0.0,0.0,0.0,0.0,0,1.0,0.0,1.0,84.0,13410150.0,0.0,0.7453581,0.0,0,0,0,1,0,0,0,0,0,0,0,0,0,0,0,0,0,1,0,0,0,0
23.0,1.0,1.0,600.0,0.0,26.0,68.0,0.0,0.0,11.0,0.36363636363636354,0.0,1.0,0.48,0.0,0.6,0.47058823529411764,0.0,0.0,0,1.0,1.0,1.0,84.0,13310015.0,0.0,0.7453581,0.0,0,0,0,1,0,0,0,0,0,0,0,0,0,0,0,0,0,1,0,0,0,0
19.0,0.0,1.0,408.0,0.0,26.0,60.0,0.0,1.0,12.0,0.0,0.0,0.0,0.0,0.0,0.0,0.0,0.0,0.0,1,1.0,0.0,1.0,84.0,13310015.0,1.0,0.7453581,1.0,0,0,0,1,0,0,0,0,0,0,0,0,0,0,0,0,0,1,0,0,0,0
20.0,0.0,1.0,408.0,0.0,30.0,21.0,0.0,0.0,9.0,0.09090909090909083,0.0,0.0,0.0,0.0,0.0,0.0,0.0,0.0,1,1.0,0.0,1.0,84.0,13110010.0,0.0,0.7453581,0.0,0,0,0,1,0,0,0,0,0,0,0,0,0,0,0,1,0,0,0,0,0,0
24.0,0.0,1.0,408.0,0.0,26.0,48.0,1.0,1.0,11.0,0.45454545454545436,0.0,1.0,0.39999999999999997,0.0,0.8,0.40336134453781514,0.0,0.0,1,1.0,1.0,1.0,84.0,13310015.0,0.0,0.7453581,0.0,0,0,0,1,0,0,0,0,0,0,0,0,0,0,0,0,0,1,0,0,0,0
26.0,0.0,1.0,408.0,0.0,28.0,60.0,1.0,1.0,11.0,0.5454545454545452,0.0,1.0,0.3815,0.0,0.8,0.40336134453781514,1.0,1.0,0,1.0,1.0,1.0,84.0,13410150.0,1.0,0.7453581,0.0,0,0,0,1,0,0,0,0,0,0,0,0,0,0,0,0,0,1,0,0,0,0
20.0,0.0,1.0,408.0,0.0,6.0,48.0,1.0,1.0,11.0,0.09090909090909083,0.0,0.0,0.0,0.0,0.0,0.0,0.0,0.0,0,1.0,0.0,1.0,84.0,13110010.0,0.0,0.7453581,0.0,0,0,0,1,0,0,0,0,0,0,0,0,0,0,0,0,0,1,0,0,0,0
21.0,0.0,0.0,0.0,0.0,0.0,0.0,0.0,0.0,11.0,0.18181818181818188,0.0,1.0,0.36,0.0,1.0,0.6470588235294117,0.0,0.0,1,0.0,1.0,1.0,84.0,13110010.0,0.0,0.7453581,0.0,0,0,0,1,0,0,0,0,0,0,0,0,0,0,0,0,1,0,0,0,0,0
25.0,0.0,1.0,180.0,0.0,16.0,40.0,0.0,0.0,11.0,0.5454545454545452,0.0,1.0,0.3,0.0,1.0,0.4789915966386554,0.0,0.0,1,1.0,1.0,1.0,84.0,13410150.0,0.0,0.7453581,0.0,0,0,0,1,0,0,0,0,0,0,0,0,0,0,0,0,0,1,0,0,0,0
20.0,0.0,1.0,408.0,0.0,26.0,48.0,1.0,1.0,11.0,0.5454545454545452,0.0,1.0,0.25,0.0,0.8333333333333334,0.5462184873949579,0.0,0.0,0,1.0,1.0,1.0,84.0,13410150.0,1.0,0.7453581,0.0,0,0,0,1,0,0,0,0,0,0,0,0,0,0,0,0,1,0,0,0,0,0
25.0,0.0,1.0,0.0,500000.0,6.0,12.0,0.0,0.0,11.0,0.45454545454545436,0.0,0.0,0.0,0.0,0.0,0.0,0.0,0.0,1,0.0,0.0,1.0,84.0,13110010.0,1.0,0.7453581,1.0,0,0,0,1,0,0,0,0,0,0,0,0,0,0,0,0,0,1,0,0,0,0
20.0,0.0,1.0,500.0,0.0,7.0,60.0,1.0,1.0,10.0,0.09090909090909083,0.0,1.0,0.0,0.39999999999999997,0.8,0.7058823529411764,0.0,0.0,1,1.0,0.0,1.0,84.0,13410150.0,1.0,0.7453581,1.0,0,0,0,1,0,0,0,0,0,0,0,0,0,0,0,0,1,0,0,0,0,0
24.0,0.0,1.0,408.0,0.0,26.0,48.0,1.0,1.0,11.0,0.36363636363636354,1.0,0.0,0.0,0.0,0.0,0.0,0.0,0.0,1,1.0,0.0,1.0,84.0,13110010.0,1.0,0.7453581,1.0,0,0,0,1,0,0,0,0,0,0,0,0,0,0,0,0,1,0,0,0,0,0
21.0,0.0,1.0,560.0,0.0,26.0,48.0,0.0,0.0,11.0,0.18181818181818188,0.0,1.0,0.36,0.0,0.8,0.42857142857142855,0.0,0.0,0,1.0,1.0,1.0,84.0,13410150.0,0.0,0.7453581,0.0,0,0,0,1,0,0,0,0,0,0,0,0,0,0,0,0,0,1,0,0,0,0
22.0,0.0,1.0,408.0,0.0,26.0,48.0,0.0,0.0,9.0,0.2727272727272727,0.0,1.0,0.3,0.0,0.8,0.7058823529411764,0.0,0.0,1,1.0,1.0,1.0,84.0,13410150.0,1.0,0.7453581,1.0,0,0,0,1,0,0,0,0,0,0,0,0,0,0,0,1,0,0,0,0,0,0
22.0,0.0,1.0,0.0,650000.0,26.0,72.0,0.0,0.0,11.0,0.18181818181818188,0.0,1.0,0.75,0.0,1.0,0.7058823529411764,0.0,0.0,1,0.0,1.0,1.0,84.0,13410150.0,0.0,0.7453581,0.0,0,0,0,1,0,0,0,0,0,0,0,0,0,0,0,0,0,1,0,0,0,0
19.0,1.0,1.0,408.0,0.0,26.0,48.0,1.0,1.0,8.0,0.0,0.0,1.0,0.0,0.0,0.8,0.36974789915966383,0.0,0.0,0,1.0,0.0,1.0,84.0,13310015.0,0.0,0.7453581,0.0,0,0,0,1,0,0,0,0,0,0,0,0,0,0,0,1,0,0,0,0,0,0
22.0,0.0,0.0,0.0,0.0,0.0,0.0,0.0,0.0,11.0,0.18181818181818188,0.0,0.0,0.0,0.0,0.0,0.0,0.0,0.0,1,0.0,0.0,1.0,84.0,13110010.0,1.0,0.7453581,1.0,0,0,0,1,0,0,0,0,0,0,0,0,0,0,0,0,0,1,0,0,0,0
22.0,0.0,1.0,280.0,0.0,28.0,60.0,0.0,0.0,8.0,0.18181818181818188,0.0,1.0,0.22,0.0,0.8666666666666667,0.5042016806722689,0.0,0.0,1,1.0,1.0,1.0,84.0,13110010.0,0.0,0.7453581,0.0,0,0,0,1,0,0,0,0,0,0,0,0,0,1,0,0,0,0,0,0,0,0
19.0,0.0,1.0,306.0,0.0,26.0,48.0,1.0,1.0,11.0,0.0,0.0,1.0,0.09999999999999999,0.0,0.6666666666666666,0.25210084033613445,0.0,0.0,0,1.0,1.0,1.0,84.0,13310015.0,1.0,0.7453581,0.0,0,0,0,1,0,0,0,0,0,0,0,0,0,0,0,0,0,1,0,0,0,0
24.0,1.0,0.0,0.0,0.0,0.0,0.0,0.0,0.0,11.0,0.36363636363636354,1.0,0.0,0.0,0.0,0.0,0.0,0.0,0.0,0,0.0,0.0,1.0,84.0,13410150.0,1.0,0.7453581,0.0,0,0,0,1,0,0,0,0,0,0,0,0,0,0,0,0,0,1,0,0,0,0
20.0,0.0,1.0,520.0,0.0,26.0,48.0,0.0,1.0,5.0,0.09090909090909083,0.0,1.0,0.25,0.0,1.0,0.7058823529411764,0.0,0.0,1,1.0,1.0,1.0,84.0,13310015.0,0.0,0.7453581,0.0,0,0,0,1,0,0,0,0,0,0,0,0,1,0,0,0,0,0,0,0,0,0
26.0,1.0,1.0,0.0,150000.0,30.0,56.0,0.0,0.0,11.0,0.5454545454545452,1.0,1.0,0.0,0.0,0.8,0.40336134453781514,0.0,0.0,0,0.0,0.0,1.0,84.0,13310015.0,1.0,0.7453581,0.0,0,0,0,1,0,0,0,0,0,0,0,0,0,0,0,0,0,1,0,0,0,0
20.0,0.0,1.0,180.0,0.0,26.0,60.0,0.0,0.0,11.0,0.09090909090909083,0.0,1.0,0.0,0.0,0.8666666666666667,0.40336134453781514,0.0,0.0,1,1.0,0.0,1.0,85.0,84210035.0,0.0,0.8193277,0.0,0,0,0,1,0,0,0,0,0,0,0,0,0,0,0,0,0,1,0,0,0,0
21.0,0.0,1.0,460.0,0.0,20.0,50.0,1.0,1.0,11.0,0.18181818181818188,0.0,1.0,0.48,0.0,0.7333333333333333,0.42016806722689076,1.0,1.0,0,1.0,1.0,1.0,87.0,83510125.0,0.0,0.8193277,0.0,0,0,0,1,0,0,0,0,0,0,0,0,0,0,0,0,0,1,0,0,0,0
25.0,0.0,1.0,450.0,0.0,26.0,48.0,0.0,0.0,11.0,0.5454545454545452,0.0,1.0,0.0,0.06666666666666667,1.0,0.40336134453781514,0.0,0.0,1,1.0,0.0,1.0,85.0,66110010.0,0.0,0.8193277,0.0,0,0,0,1,0,0,0,0,0,0,0,0,0,0,0,0,0,1,0,0,0,0
20.0,0.0,1.0,408.0,0.0,24.0,48.0,1.0,1.0,11.0,0.09090909090909083,0.0,1.0,0.39999999999999997,0.0,1.0,0.7058823529411764,0.0,0.0,0,1.0,1.0,1.0,85.0,13210005.0,1.0,0.8193277,0.0,0,0,0,1,0,0,0,0,0,0,0,0,0,0,0,0,0,1,0,0,0,0
26.0,0.0,1.0,0.0,400000.0,26.0,48.0,0.0,0.0,10.0,0.5454545454545452,0.0,1.0,0.39999999999999997,0.0,0.8666666666666667,0.47058823529411764,0.0,0.0,1,0.0,1.0,1.0,85.0,84210035.0,0.0,0.8193277,0.0,0,0,0,1,0,0,0,0,0,0,0,0,0,0,0,0,0,1,0,0,0,0
22.0,0.0,1.0,390.0,0.0,20.0,50.0,1.0,1.0,11.0,0.18181818181818188,0.0,1.0,0.3815,0.0,0.6666666666666666,0.42016806722689076,1.0,1.0,0,1.0,1.0,1.0,85.0,63220025.0,0.0,0.8193277,0.0,0,0,0,1,0,0,0,0,0,0,0,0,0,0,0,0,0,1,0,0,0,0
20.0,0.0,1.0,381.5,0.0,20.0,40.0,1.0,1.0,11.0,0.0,1.0,1.0,0.0,0.1111111111111111,1.0,0.5042016806722689,0.0,0.0,1,1.0,0.0,1.0,85.0,63240050.0,1.0,0.8193277,1.0,0,0,0,1,0,0,0,0,0,0,0,0,0,0,0,0,0,1,0,0,0,0
21.0,0.0,0.0,0.0,0.0,0.0,0.0,0.0,0.0,11.0,0.18181818181818188,0.0,0.0,0.0,0.0,0.0,0.0,0.0,0.0,0,0.0,0.0,1.0,85.0,13210005.0,0.0,0.8193277,0.0,0,0,0,1,0,0,0,0,0,0,0,0,0,0,0,0,0,1,0,0,0,0
23.0,0.0,1.0,450.0,0.0,24.0,72.0,0.0,0.0,10.0,0.36363636363636354,0.0,1.0,0.24,0.0,0.8,0.36974789915966383,0.0,0.0,0,1.0,1.0,1.0,85.0,63720030.0,1.0,0.8193277,0.0,0,0,0,1,0,0,0,0,0,0,0,0,0,0,0,0,0,1,0,0,0,0
22.0,1.0,0.0,0.0,0.0,0.0,0.0,0.0,0.0,7.0,0.18181818181818188,0.0,0.0,0.0,0.0,0.0,0.0,0.0,0.0,1,0.0,0.0,1.0,85.0,63220025.0,0.0,0.8193277,0.0,0,0,0,1,0,0,0,0,0,0,0,0,0,1,0,0,0,0,0,0,0,0
27.0,0.0,1.0,408.0,0.0,28.0,54.0,1.0,1.0,11.0,0.6363636363636365,0.0,0.0,0.0,0.0,0.0,0.0,0.0,0.0,1,1.0,0.0,1.0,85.0,84210035.0,1.0,0.8193277,1.0,0,0,0,1,0,0,0,0,0,0,0,0,0,0,0,0,0,1,0,0,0,0
21.0,0.0,1.0,171.0,0.0,26.0,56.0,0.0,1.0,11.0,0.18181818181818188,0.0,0.0,0.0,0.0,0.0,0.0,0.0,0.0,1,1.0,0.0,1.0,85.0,63720030.0,1.0,0.8193277,1.0,0,0,0,1,0,0,0,0,0,0,0,0,0,0,0,0,0,1,0,0,0,0
23.0,0.0,1.0,0.0,100000.0,20.0,30.0,0.0,0.0,11.0,0.36363636363636354,0.0,0.0,0.0,0.0,0.0,0.0,0.0,0.0,0,0.0,0.0,1.0,85.0,13210005.0,0.0,0.8193277,0.0,0,0,0,1,0,0,0,0,0,0,0,0,0,0,0,0,0,1,0,0,0,0
23.0,1.0,1.0,381.5,0.0,28.0,56.0,1.0,1.0,8.0,0.2727272727272727,1.0,1.0,0.358,0.0,0.8,0.49579831932773105,0.0,1.0,1,1.0,1.0,1.0,85.0,33130005.0,1.0,0.8193277,1.0,0,0,0,1,0,0,0,0,0,0,0,0,0,1,0,0,0,0,0,0,0,0
21.0,0.0,1.0,568.0,0.0,30.0,63.0,1.0,1.0,11.0,0.09090909090909083,0.0,0.0,0.0,0.0,0.0,0.0,0.0,0.0,1,1.0,0.0,1.0,85.0,66110010.0,1.0,0.8193277,1.0,0,0,0,1,0,0,0,0,0,0,0,0,0,0,0,0,0,1,0,0,0,0
20.0,0.0,1.0,380.0,0.0,26.0,66.0,1.0,1.0,11.0,0.09090909090909083,0.0,1.0,0.12,0.0,0.7,0.3025210084033613,0.0,0.0,0,1.0,1.0,1.0,85.0,63240050.0,1.0,0.8193277,0.0,0,0,0,1,0,0,0,0,0,0,0,0,0,0,0,0,0,1,0,0,0,0
20.0,0.0,1.0,650.0,0.0,29.0,74.0,0.0,1.0,9.0,0.09090909090909083,0.0,1.0,0.27999999999999997,0.0,0.6666666666666666,0.42016806722689076,1.0,0.0,1,1.0,1.0,1.0,85.0,13210005.0,0.0,0.8193277,0.0,0,0,0,1,0,0,0,0,0,0,0,0,0,0,1,0,0,0,0,0,0,0
23.0,1.0,1.0,240.0,0.0,20.0,40.0,0.0,0.0,9.0,0.36363636363636354,1.0,0.0,0.0,0.0,0.0,0.0,0.0,0.0,1,1.0,0.0,1.0,85.0,63340010.0,1.0,0.8193277,1.0,0,0,0,1,0,0,0,0,0,0,0,0,0,0,0,1,0,0,0,0,0,0
19.0,0.0,1.0,0.0,0.0,22.0,84.0,0.0,0.0,5.0,0.0,0.0,1.0,0.0,0.0,0.8,0.20168067226890757,0.0,0.0,1,0.0,0.0,1.0,85.0,63340010.0,0.0,0.8193277,0.0,0,0,0,1,0,0,0,0,0,0,0,0,0,0,0,0,0,1,0,0,0,0
22.0,0.0,1.0,300.0,0.0,30.0,63.0,0.0,1.0,11.0,0.18181818181818188,0.0,1.0,0.39999999999999997,0.0,0.8,0.5462184873949579,0.0,1.0,1,1.0,1.0,1.0,85.0,63220025.0,0.0,0.8193277,0.0,0,0,0,1,0,0,0,0,0,0,0,0,0,0,0,0,0,1,0,0,0,0
21.0,0.0,1.0,80.0,0.0,26.0,54.0,0.0,0.0,8.0,0.18181818181818188,0.0,1.0,0.24,0.0,0.6666666666666666,0.40336134453781514,0.0,0.0,1,1.0,1.0,1.0,85.0,84210035.0,0.0,0.8193277,0.0,0,0,0,1,0,0,0,0,0,0,0,0,0,0,0,0,0,1,0,0,0,0
21.0,0.0,1.0,130.0,0.0,20.0,20.0,0.0,0.0,11.0,0.09090909090909083,0.0,1.0,0.09999999999999999,0.0,0.6666666666666666,0.1680672268907563,0.0,0.0,1,1.0,1.0,1.0,85.0,63720030.0,1.0,0.8193277,1.0,0,0,0,1,0,0,0,0,0,0,0,1,0,0,0,0,0,0,0,0,0,0
26.0,1.0,0.0,0.0,0.0,0.0,0.0,0.0,0.0,11.0,0.5454545454545452,0.0,0.0,0.0,0.0,0.0,0.0,0.0,0.0,1,0.0,0.0,1.0,85.0,33140020.0,1.0,0.8193277,1.0,0,0,0,1,0,0,0,0,0,0,0,0,0,0,0,0,0,1,0,0,0,0
21.0,1.0,1.0,620.0,0.0,26.0,54.0,1.0,0.0,11.0,0.09090909090909083,1.0,1.0,0.19,0.0,0.8,0.5042016806722689,0.0,0.0,1,1.0,1.0,1.0,85.0,13410130.0,1.0,0.8193277,1.0,0,0,0,1,0,0,0,0,0,0,0,0,0,0,0,0,0,1,0,0,0,0
20.0,0.0,1.0,0.0,150000.0,15.0,16.0,0.0,0.0,11.0,0.0,0.0,0.0,0.0,0.0,0.0,0.0,0.0,0.0,1,0.0,0.0,1.0,85.0,33130005.0,0.0,0.8193277,0.0,0,0,0,1,0,0,0,0,0,0,0,0,0,0,0,0,0,1,0,0,0,0
26.0,0.0,1.0,0.0,105000.0,8.0,12.0,0.0,0.0,11.0,0.6363636363636365,0.0,0.0,0.0,0.0,0.0,0.0,0.0,0.0,1,0.0,0.0,1.0,85.0,33140020.0,1.0,0.8193277,1.0,0,0,0,1,0,0,0,0,0,0,0,0,0,0,0,0,0,1,0,0,0,0
20.0,1.0,1.0,500.0,0.0,24.0,66.0,0.0,0.0,11.0,0.0,0.0,0.0,0.0,0.0,0.0,0.0,0.0,0.0,1,1.0,0.0,1.0,85.0,33140020.0,1.0,0.8193277,1.0,0,0,0,1,0,0,0,0,0,0,0,0,0,0,0,0,0,1,0,0,0,0
19.0,0.0,1.0,0.0,240000.0,24.0,48.0,0.0,0.0,11.0,0.0,0.0,1.0,0.0,0.2111111111111111,0.8,0.36974789915966383,0.0,0.0,1,0.0,0.0,1.0,85.0,63720030.0,1.0,0.8193277,1.0,0,0,0,1,0,0,0,0,0,0,0,0,0,0,0,0,0,1,0,0,0,0
21.0,1.0,1.0,408.0,0.0,26.0,48.0,1.0,1.0,11.0,0.18181818181818188,1.0,0.0,0.0,0.0,0.0,0.0,0.0,0.0,0,1.0,0.0,1.0,85.0,63240050.0,1.0,0.8193277,0.0,0,0,0,1,0,0,0,0,0,0,0,0,0,0,0,1,0,0,0,0,0,0
21.0,1.0,1.0,408.0,0.0,24.0,42.0,1.0,1.0,6.0,0.18181818181818188,1.0,1.0,0.0,0.0,0.6666666666666666,0.42016806722689076,0.0,0.0,0,1.0,0.0,1.0,85.0,13210005.0,0.0,0.8193277,0.0,0,0,0,1,0,0,0,0,0,0,0,0,0,0,0,0,1,0,0,0,0,0
21.0,0.0,0.0,0.0,0.0,0.0,0.0,0.0,0.0,11.0,0.18181818181818188,0.0,0.0,0.0,0.0,0.0,0.0,0.0,0.0,0,0.0,0.0,1.0,85.0,33130005.0,1.0,0.8193277,0.0,0,0,0,1,0,0,0,0,0,0,0,0,0,0,0,0,1,0,0,0,0,0
21.0,1.0,1.0,570.0,0.0,28.0,48.0,0.0,0.0,11.0,0.18181818181818188,0.0,1.0,0.26999999999999996,0.0,0.8,0.4117647058823529,0.0,0.0,1,1.0,1.0,1.0,85.0,63340010.0,0.0,0.8193277,0.0,0,0,0,1,0,0,0,0,0,0,0,0,0,0,0,0,0,1,0,0,0,0
26.0,0.0,1.0,400.0,0.0,26.0,48.0,1.0,1.0,11.0,0.5454545454545452,0.0,0.0,0.0,0.0,0.0,0.0,0.0,0.0,0,1.0,0.0,1.0,85.0,63720030.0,1.0,0.8193277,0.0,0,0,0,1,0,0,0,0,0,0,0,0,0,0,0,0,0,1,0,0,0,0
22.0,0.0,1.0,381.5,0.0,26.0,48.0,0.0,0.0,11.0,0.18181818181818188,0.0,0.0,0.0,0.0,0.0,0.0,0.0,0.0,0,1.0,0.0,1.0,85.0,13210005.0,1.0,0.8193277,0.0,0,0,0,1,0,0,0,0,0,0,0,0,0,0,0,0,0,1,0,0,0,0
19.0,0.0,1.0,0.0,80000.0,5.0,10.0,0.0,0.0,11.0,0.0,0.0,0.0,0.0,0.0,0.0,0.0,0.0,0.0,0,0.0,0.0,1.0,85.0,63720030.0,1.0,0.8193277,0.0,0,0,0,1,0,0,0,0,0,0,0,0,0,0,0,0,0,1,0,0,0,0
21.0,0.0,1.0,80.0,0.0,16.0,16.0,0.0,0.0,11.0,0.18181818181818188,0.0,0.0,0.0,0.0,0.0,0.0,0.0,0.0,1,1.0,0.0,1.0,85.0,33130005.0,1.0,0.8193277,1.0,0,0,0,1,0,0,0,0,0,0,0,0,0,0,0,0,0,1,0,0,0,0
21.0,0.0,1.0,500.0,0.0,24.0,70.0,0.0,0.0,11.0,0.09090909090909083,0.0,0.0,0.0,0.0,0.0,0.0,0.0,0.0,1,1.0,0.0,1.0,85.0,63220025.0,0.0,0.8193277,0.0,0,0,0,1,0,0,0,0,0,0,0,0,0,0,0,0,0,1,0,0,0,0
22.0,0.0,1.0,350.0,0.0,26.0,66.0,0.0,0.0,11.0,0.18181818181818188,1.0,0.0,0.0,0.0,0.0,0.0,0.0,0.0,1,1.0,0.0,1.0,85.0,63220025.0,1.0,0.8193277,1.0,0,0,0,1,0,0,0,0,0,0,0,0,0,0,1,0,0,0,0,0,0,0
22.0,0.0,0.0,0.0,0.0,0.0,0.0,0.0,0.0,7.0,0.18181818181818188,0.0,0.0,0.0,0.0,0.0,0.0,0.0,0.0,1,0.0,0.0,1.0,85.0,66110010.0,0.0,0.8193277,0.0,0,0,0,1,0,0,0,0,0,0,0,1,0,0,0,0,0,0,0,0,0,0
22.0,0.0,1.0,80.0,0.0,22.0,60.0,0.0,0.0,11.0,0.2727272727272727,0.0,0.0,0.0,0.0,0.0,0.0,0.0,0.0,1,1.0,0.0,1.0,85.0,63240050.0,1.0,0.8193277,1.0,0,0,0,1,0,0,0,0,0,0,0,0,0,0,0,0,0,1,0,0,0,0
20.0,0.0,1.0,686.636,0.0,22.0,42.0,1.0,0.0,9.0,0.09090909090909083,0.0,1.0,0.384,0.0,0.23333333333333334,0.6386554621848739,0.0,0.0,1,1.0,1.0,1.0,85.0,13410130.0,1.0,0.8193277,1.0,0,0,0,1,0,0,0,0,0,0,0,0,0,1,0,0,0,0,0,0,0,0
23.0,1.0,1.0,440.0,0.0,28.0,56.0,1.0,1.0,11.0,0.2727272727272727,1.0,1.0,0.3815,0.0,0.8,0.40336134453781514,0.0,0.0,1,1.0,1.0,1.0,85.0,33140005.0,0.0,0.8193277,0.0,0,0,0,1,0,0,0,0,0,0,0,0,0,0,0,0,0,1,0,0,0,0
20.0,0.0,1.0,213.0,0.0,20.0,85.0,0.0,0.0,9.0,0.09090909090909083,0.0,0.0,0.0,0.0,0.0,0.0,0.0,0.0,1,1.0,0.0,1.0,85.0,33140020.0,1.0,0.8193277,1.0,0,0,0,1,0,0,0,0,0,0,0,0,0,0,0,1,0,0,0,0,0,0
22.0,0.0,1.0,0.0,200000.0,26.0,72.0,0.0,0.0,11.0,0.2727272727272727,0.0,0.0,0.0,0.0,0.0,0.0,0.0,0.0,1,0.0,0.0,1.0,85.0,13410130.0,1.0,0.8193277,1.0,0,0,0,1,0,0,0,0,0,0,0,0,0,0,0,0,0,1,0,0,0,0
21.0,0.0,1.0,120.0,0.0,22.0,30.0,0.0,1.0,11.0,0.18181818181818188,0.0,0.0,0.0,0.0,0.0,0.0,0.0,0.0,1,1.0,0.0,1.0,85.0,13410130.0,1.0,0.8193277,1.0,0,0,0,1,0,0,0,0,0,0,0,0,0,0,0,1,0,0,0,0,0,0
22.0,0.0,1.0,430.0,0.0,26.0,60.0,0.0,1.0,11.0,0.2727272727272727,0.0,0.0,0.0,0.0,0.0,0.0,0.0,0.0,0,1.0,0.0,1.0,85.0,13210005.0,1.0,0.8193277,0.0,0,0,0,1,0,0,0,0,0,0,0,0,0,0,0,0,0,1,0,0,0,0
20.0,1.0,0.0,0.0,0.0,0.0,0.0,0.0,0.0,11.0,0.0,0.0,0.0,0.0,0.0,0.0,0.0,0.0,0.0,1,0.0,0.0,1.0,85.0,63220025.0,1.0,0.8193277,1.0,0,0,0,1,0,0,0,0,0,0,0,0,0,0,0,0,0,1,0,0,0,0
23.0,1.0,1.0,435.0,0.0,26.0,48.0,0.0,1.0,11.0,0.36363636363636354,0.0,0.0,0.0,0.0,0.0,0.0,0.0,0.0,0,1.0,0.0,1.0,85.0,13410130.0,1.0,0.8193277,0.0,0,0,0,1,0,0,0,0,0,0,0,0,0,0,0,0,0,1,0,0,0,0
22.0,0.0,1.0,120.0,0.0,20.0,56.0,0.0,0.0,11.0,0.2727272727272727,0.0,1.0,0.358,0.0,1.0,0.5882352941176471,1.0,1.0,1,1.0,1.0,1.0,85.0,63240050.0,1.0,0.8193277,1.0,0,0,0,1,0,0,0,0,0,0,0,0,0,0,0,0,0,1,0,0,0,0
21.0,0.0,1.0,240.0,0.0,20.0,30.0,0.0,0.0,11.0,0.09090909090909083,0.0,1.0,0.21,0.0,0.8666666666666667,0.5042016806722689,0.0,1.0,0,1.0,1.0,1.0,85.0,63220025.0,1.0,0.8193277,0.0,0,0,0,1,0,0,0,0,0,0,0,0,0,0,0,0,0,1,0,0,0,0
22.0,0.0,1.0,426.0,0.0,26.0,61.0,1.0,1.0,11.0,0.09090909090909083,0.0,0.0,0.0,0.0,0.0,0.0,0.0,0.0,0,1.0,0.0,1.0,85.0,33140005.0,1.0,0.8193277,0.0,0,0,0,1,0,0,0,0,0,0,0,0,0,0,0,1,0,0,0,0,0,0
25.0,1.0,1.0,600.0,0.0,26.0,66.0,0.0,0.0,11.0,0.5454545454545452,1.0,0.0,0.0,0.0,0.0,0.0,0.0,0.0,1,1.0,0.0,1.0,85.0,33140020.0,1.0,0.8193277,1.0,0,0,0,1,0,0,0,0,0,0,0,0,0,0,0,0,0,1,0,0,0,0
21.0,0.0,1.0,408.0,0.0,30.0,70.0,0.0,0.0,10.0,0.18181818181818188,0.0,1.0,0.358,0.0,1.0,0.7058823529411764,0.0,0.0,0,1.0,1.0,1.0,85.0,33140020.0,1.0,0.8193277,0.0,0,0,0,1,0,0,0,0,0,0,0,0,0,0,0,0,1,0,0,0,0,0
19.0,0.0,0.0,0.0,0.0,0.0,0.0,0.0,0.0,10.0,0.0,0.0,0.0,0.0,0.0,0.0,0.0,0.0,0.0,1,0.0,0.0,1.0,85.0,13210005.0,0.0,0.8193277,0.0,0,0,0,1,0,0,0,0,0,0,0,0,0,0,0,1,0,0,0,0,0,0
19.0,1.0,1.0,408.0,0.0,26.0,48.0,1.0,1.0,11.0,0.0,1.0,1.0,0.18,0.0,0.8,0.37815126050420167,0.0,0.0,1,1.0,1.0,1.0,85.0,63340010.0,1.0,0.8193277,1.0,0,0,0,1,0,0,0,0,0,0,0,0,0,0,0,0,0,1,0,0,0,0
24.0,0.0,1.0,520.0,0.0,28.0,56.0,1.0,1.0,11.0,0.45454545454545436,0.0,1.0,0.358,0.0,1.0,0.47058823529411764,1.0,1.0,1,1.0,1.0,1.0,85.0,63340010.0,1.0,0.8193277,1.0,0,0,0,1,0,0,0,0,0,0,0,0,0,0,0,0,0,1,0,0,0,0
20.0,0.0,0.0,0.0,0.0,0.0,0.0,0.0,0.0,11.0,0.0,0.0,0.0,0.0,0.0,0.0,0.0,0.0,0.0,1,0.0,0.0,1.0,85.0,63240050.0,1.0,0.8193277,1.0,0,0,0,1,0,0,0,0,0,0,0,0,0,0,0,0,0,1,0,0,0,0
20.0,0.0,1.0,381.5,0.0,24.0,48.0,1.0,0.0,11.0,0.0,0.0,0.0,0.0,0.0,0.0,0.0,0.0,0.0,1,1.0,0.0,1.0,85.0,84210035.0,0.0,0.8193277,0.0,0,0,0,1,0,0,0,0,0,0,0,0,0,0,0,0,0,1,0,0,0,0
20.0,0.0,1.0,80.0,0.0,6.0,48.0,1.0,1.0,11.0,0.0,0.0,0.0,0.0,0.0,0.0,0.0,0.0,0.0,0,1.0,0.0,1.0,85.0,33140005.0,1.0,0.8193277,0.0,0,0,0,1,0,0,0,0,0,0,0,0,0,0,0,0,0,1,0,0,0,0
21.0,1.0,1.0,200.0,0.0,26.0,30.0,0.0,0.0,11.0,0.18181818181818188,0.0,0.0,0.0,0.0,0.0,0.0,0.0,0.0,1,1.0,0.0,1.0,85.0,13210005.0,1.0,0.8193277,1.0,0,0,0,1,0,0,0,0,0,0,0,0,0,0,0,0,0,1,0,0,0,0
23.0,0.0,1.0,408.0,0.0,26.0,63.0,0.0,0.0,11.0,0.2727272727272727,0.0,0.0,0.0,0.0,0.0,0.0,0.0,0.0,1,1.0,0.0,1.0,85.0,33130005.0,1.0,0.8193277,1.0,0,0,0,1,0,0,0,0,0,0,0,0,0,0,0,0,1,0,0,0,0,0
22.0,0.0,1.0,408.0,0.0,30.0,56.0,1.0,1.0,11.0,0.2727272727272727,0.0,1.0,0.0,0.0,0.8666666666666667,0.453781512605042,0.0,0.0,1,1.0,0.0,1.0,85.0,13210005.0,0.0,0.8193277,0.0,0,0,0,1,0,0,0,0,0,0,0,0,0,0,0,0,0,1,0,0,0,0
20.0,0.0,1.0,248.0,0.0,22.0,20.0,0.0,0.0,11.0,0.0,0.0,0.0,0.0,0.0,0.0,0.0,0.0,0.0,0,1.0,0.0,1.0,85.0,13410130.0,1.0,0.8193277,0.0,0,0,0,1,0,0,0,0,0,0,0,0,0,0,0,0,0,1,0,0,0,0
26.0,0.0,1.0,200.0,0.0,20.0,36.0,0.0,0.0,11.0,0.5454545454545452,0.0,0.0,0.0,0.0,0.0,0.0,0.0,0.0,1,1.0,0.0,1.0,85.0,13210005.0,1.0,0.8193277,1.0,0,0,0,1,0,0,0,0,0,0,0,0,0,0,0,0,0,1,0,0,0,0
22.0,0.0,1.0,350.0,0.0,20.0,20.0,0.0,0.0,11.0,0.18181818181818188,0.0,0.0,0.0,0.0,0.0,0.0,0.0,0.0,0,1.0,0.0,1.0,85.0,33140020.0,1.0,0.8193277,0.0,0,0,0,1,0,0,0,0,0,0,0,0,0,0,0,0,1,0,0,0,0,0
24.0,1.0,1.0,210.0,0.0,30.0,56.0,0.0,0.0,11.0,0.36363636363636354,1.0,0.0,0.0,0.0,0.0,0.0,0.0,0.0,1,1.0,0.0,1.0,85.0,63220025.0,1.0,0.8193277,1.0,0,0,0,1,0,0,0,0,0,0,0,0,0,0,0,0,0,1,0,0,0,0
25.0,0.0,1.0,408.0,0.0,30.0,36.0,1.0,1.0,11.0,0.45454545454545436,0.0,1.0,0.33199999999999996,0.0,0.8,0.4117647058823529,0.0,0.0,1,1.0,1.0,1.0,85.0,33130005.0,0.0,0.8193277,0.0,0,0,0,1,0,0,0,0,0,0,0,0,0,0,0,0,0,1,0,0,0,0
21.0,0.0,1.0,520.0,0.0,26.0,48.0,1.0,1.0,10.0,0.18181818181818188,0.0,0.0,0.0,0.0,0.0,0.0,0.0,0.0,1,1.0,0.0,1.0,85.0,63340010.0,0.0,0.8193277,0.0,0,0,0,1,0,0,0,0,0,0,0,0,0,0,0,0,1,0,0,0,0,0
20.0,1.0,0.0,0.0,0.0,0.0,0.0,0.0,0.0,11.0,0.0,1.0,0.0,0.0,0.0,0.0,0.0,0.0,0.0,0,0.0,0.0,1.0,85.0,63240050.0,1.0,0.8193277,0.0,0,0,0,1,0,0,0,0,0,0,0,0,0,0,0,0,0,1,0,0,0,0
20.0,0.0,1.0,100.0,0.0,20.0,44.0,0.0,0.0,11.0,0.0,0.0,1.0,0.11,0.0,0.8666666666666667,0.40336134453781514,0.0,0.0,0,1.0,1.0,1.0,85.0,63220025.0,0.0,0.8193277,0.0,0,0,0,1,0,0,0,0,0,0,0,0,0,0,0,0,0,1,0,0,0,0
23.0,0.0,1.0,0.0,30000.0,30.0,7.0,0.0,0.0,11.0,0.36363636363636354,0.0,1.0,0.358,0.0,0.8666666666666667,0.40336134453781514,1.0,1.0,0,0.0,1.0,1.0,85.0,63720030.0,1.0,0.8193277,0.0,0,0,0,1,0,0,0,0,0,0,0,0,0,0,0,0,0,1,0,0,0,0
22.0,0.0,1.0,0.0,0.0,16.0,27.0,0.0,0.0,11.0,0.18181818181818188,0.0,1.0,0.36,0.0,0.8,0.36974789915966383,0.0,0.0,0,0.0,1.0,1.0,86.0,53520005.0,0.0,0.7352941,0.0,0,0,0,1,0,0,0,0,0,0,0,0,0,0,0,0,0,1,0,0,0,0
20.0,0.0,1.0,0.0,0.0,12.0,13.0,0.0,0.0,6.0,0.0,0.0,0.0,0.0,0.0,0.0,0.0,0.0,0.0,1,0.0,0.0,1.0,86.0,53520005.0,1.0,0.7352941,1.0,0,0,0,1,0,0,0,0,0,0,0,0,1,0,0,0,0,0,0,0,0,0
23.0,0.0,1.0,400.0,0.0,26.0,56.0,0.0,0.0,10.0,0.36363636363636354,0.0,1.0,0.22,0.0,0.6666666666666666,0.40336134453781514,0.0,0.0,0,1.0,1.0,1.0,86.0,53520005.0,0.0,0.7352941,0.0,0,0,0,1,0,0,0,0,0,0,0,0,0,0,0,0,1,0,0,0,0,0
46.0,0.0,1.0,408.0,0.0,26.0,48.0,1.0,1.0,11.0,0.5454545454545452,0.0,1.0,0.09999999999999999,0.0,0.8666666666666667,0.25210084033613445,0.0,0.0,1,1.0,1.0,1.0,86.0,53520005.0,0.0,0.7352941,0.0,0,0,0,1,0,0,0,0,0,0,0,0,0,0,0,0,0,1,0,0,0,0
20.0,0.0,1.0,320.0,0.0,26.0,60.0,0.0,0.0,9.0,0.0,0.0,1.0,0.18,0.0,1.0,0.47058823529411764,0.0,0.0,1,1.0,1.0,1.0,86.0,53520005.0,0.0,0.7352941,0.0,0,0,0,1,0,0,0,0,0,0,0,0,0,0,1,0,0,0,0,0,0,0
25.0,1.0,1.0,497.0,0.0,24.0,48.0,1.0,1.0,11.0,0.5454545454545452,0.0,1.0,0.36,0.0,0.8,0.5042016806722689,0.0,0.0,0,1.0,1.0,1.0,87.0,53240005.0,0.0,0.75,0.0,0,0,0,1,0,0,0,0,0,0,0,0,0,0,0,1,0,0,0,0,0,0
22.0,0.0,1.0,128.0,0.0,8.0,28.0,0.0,0.0,6.0,0.2727272727272727,0.0,0.0,0.0,0.0,0.0,0.0,0.0,0.0,1,1.0,0.0,1.0,87.0,83510125.0,1.0,0.75,1.0,0,0,0,1,0,0,0,0,0,0,0,1,0,0,0,0,0,0,0,0,0,0
26.0,1.0,1.0,0.0,200000.0,15.0,55.0,0.0,0.0,11.0,0.6363636363636365,1.0,1.0,0.0,0.0,0.8666666666666667,0.40336134453781514,0.0,0.0,0,0.0,0.0,1.0,87.0,53240005.0,0.0,0.75,0.0,0,0,0,1,0,0,0,0,0,0,0,0,0,0,0,0,0,1,0,0,0,0
27.0,0.0,1.0,0.0,80000.0,7.0,54.0,0.0,0.0,6.0,0.6363636363636365,0.0,0.0,0.0,0.0,0.0,0.0,0.0,0.0,0,0.0,0.0,1.0,87.0,83510125.0,0.0,0.75,0.0,0,0,0,1,0,0,0,0,0,0,0,0,1,0,0,0,0,0,0,0,0,0
20.0,1.0,0.0,0.0,0.0,0.0,0.0,0.0,0.0,11.0,0.09090909090909083,1.0,0.0,0.0,0.0,0.0,0.0,0.0,0.0,0,0.0,0.0,1.0,87.0,53240005.0,1.0,0.75,0.0,0,0,0,1,0,0,0,0,0,0,0,0,0,0,0,0,0,1,0,0,0,0
22.0,0.0,1.0,384.0,0.0,30.0,56.0,1.0,1.0,11.0,0.2727272727272727,0.0,0.0,0.0,0.0,0.0,0.0,0.0,0.0,1,1.0,0.0,1.0,87.0,53240005.0,1.0,0.75,1.0,0,0,0,1,0,0,0,0,0,0,0,0,0,0,0,0,0,1,0,0,0,0
22.0,0.0,1.0,381.5,0.0,26.0,60.0,0.0,0.0,11.0,0.2727272727272727,0.0,1.0,0.36,0.0,0.8,0.36974789915966383,0.0,0.0,0,1.0,1.0,1.0,87.0,53240005.0,0.0,0.75,0.0,0,0,0,1,0,0,0,0,0,0,0,0,0,0,0,0,0,1,0,0,0,0
27.0,1.0,1.0,450.0,0.0,30.0,84.0,0.0,0.0,5.0,0.6363636363636365,0.0,1.0,0.358,0.0,0.8,0.40336134453781514,1.0,1.0,1,1.0,1.0,1.0,87.0,53240005.0,1.0,0.75,1.0,0,0,0,1,0,0,0,0,0,0,0,0,0,0,0,0,0,1,0,0,0,0
26.0,1.0,1.0,0.0,30000.0,15.0,20.0,0.0,0.0,11.0,0.6363636363636365,1.0,1.0,0.0,0.05555555555555555,0.6666666666666666,0.13445378151260504,0.0,0.0,0,0.0,0.0,1.0,87.0,83510125.0,1.0,0.75,0.0,0,0,0,1,0,0,0,0,0,0,0,0,0,0,0,0,0,1,0,0,0,0
22.0,1.0,1.0,180.0,0.0,28.0,70.0,0.0,0.0,11.0,0.2727272727272727,0.0,1.0,0.06999999999999999,0.0,0.8666666666666667,0.3025210084033613,0.0,0.0,0,1.0,1.0,1.0,87.0,83510125.0,1.0,0.75,0.0,0,0,0,1,0,0,0,0,0,0,0,0,0,0,0,0,0,1,0,0,0,0
25.0,0.0,1.0,0.0,150000.0,30.0,84.0,0.0,0.0,11.0,0.45454545454545436,0.0,1.0,0.0,0.0,0.8666666666666667,0.40336134453781514,0.0,0.0,0,0.0,0.0,1.0,87.0,83510125.0,0.0,0.75,0.0,0,0,0,1,0,0,0,0,0,0,0,0,0,0,0,0,0,1,0,0,0,0
26.0,0.0,1.0,134.0,0.0,24.0,42.0,0.0,0.0,11.0,0.5454545454545452,0.0,0.0,0.0,0.0,0.0,0.0,0.0,0.0,1,1.0,0.0,1.0,87.0,83510125.0,1.0,0.75,1.0,0,0,0,1,0,0,0,0,0,0,0,0,0,0,0,0,0,1,0,0,0,0
21.0,0.0,1.0,0.0,400000.0,29.0,49.0,0.0,0.0,11.0,0.09090909090909083,0.0,0.0,0.0,0.0,0.0,0.0,0.0,0.0,0,0.0,0.0,1.0,87.0,83510125.0,0.0,0.75,0.0,0,0,0,1,0,0,0,0,0,0,0,0,0,0,0,0,0,1,0,0,0,0
23.0,0.0,1.0,610.0,0.0,30.0,98.0,0.0,1.0,11.0,0.2727272727272727,0.0,1.0,0.32,0.0,0.8666666666666667,0.40336134453781514,0.0,0.0,0,1.0,1.0,1.0,87.0,53240005.0,0.0,0.75,0.0,0,0,0,1,0,0,0,0,0,0,0,0,0,0,0,0,1,0,0,0,0,0
20.0,0.0,1.0,0.0,400000.0,12.0,15.0,0.0,0.0,11.0,0.09090909090909083,0.0,1.0,0.32,0.0,0.8666666666666667,0.40336134453781514,0.0,0.0,1,0.0,1.0,1.0,87.0,53240005.0,0.0,0.75,0.0,0,0,0,1,0,0,0,0,0,0,0,0,0,0,0,0,0,1,0,0,0,0
25.0,0.0,1.0,400.0,0.0,26.0,51.0,0.0,0.0,11.0,0.5454545454545452,0.0,1.0,0.0,0.17777777777777776,0.6666666666666666,0.40336134453781514,0.0,0.0,0,1.0,0.0,1.0,87.0,83510125.0,1.0,0.75,0.0,0,0,0,1,0,0,0,0,0,0,0,0,0,0,0,0,0,1,0,0,0,0
23.0,0.0,1.0,408.0,0.0,30.0,84.0,0.0,0.0,11.0,0.2727272727272727,0.0,0.0,0.0,0.0,0.0,0.0,0.0,0.0,0,1.0,0.0,1.0,87.0,53240005.0,0.0,0.75,0.0,0,0,0,1,0,0,0,0,0,0,0,0,0,0,0,0,0,1,0,0,0,0
21.0,0.0,1.0,340.0,0.0,12.0,27.0,0.0,0.0,11.0,0.18181818181818188,0.0,1.0,0.19999999999999998,0.0,0.6666666666666666,0.42016806722689076,0.0,0.0,1,1.0,1.0,1.0,87.0,53240005.0,0.0,0.75,0.0,0,0,0,1,0,0,0,0,0,0,0,0,0,0,0,0,0,1,0,0,0,0
25.0,1.0,1.0,408.0,0.0,26.0,48.0,1.0,1.0,11.0,0.45454545454545436,1.0,1.0,0.24,0.0,0.7333333333333333,0.29411764705882354,0.0,0.0,1,1.0,1.0,1.0,87.0,83510125.0,1.0,0.75,1.0,0,0,0,1,0,0,0,0,0,0,0,0,0,0,0,0,0,1,0,0,0,0
24.0,1.0,1.0,0.0,280000.0,22.0,25.0,0.0,0.0,11.0,0.36363636363636354,0.0,1.0,0.62,0.0,0.8666666666666667,0.6050420168067226,1.0,0.0,1,0.0,1.0,1.0,87.0,83510125.0,0.0,0.75,0.0,0,0,0,1,0,0,0,0,0,0,0,0,0,0,0,0,0,1,0,0,0,0
20.0,0.0,1.0,500.0,0.0,26.0,60.0,0.0,0.0,11.0,0.09090909090909083,0.0,0.0,0.0,0.0,0.0,0.0,0.0,0.0,0,1.0,0.0,1.0,87.0,53240005.0,1.0,0.75,0.0,0,0,0,1,0,0,0,0,0,0,0,0,0,0,0,0,0,1,0,0,0,0
21.0,0.0,0.0,0.0,0.0,0.0,0.0,0.0,0.0,11.0,0.09090909090909083,0.0,1.0,0.24,0.0,0.8,0.4789915966386554,0.0,0.0,1,0.0,1.0,1.0,87.0,53240005.0,0.0,0.75,0.0,0,0,0,1,0,0,0,0,0,0,0,0,0,0,0,0,0,1,0,0,0,0
23.0,0.0,1.0,408.0,0.0,26.0,48.0,1.0,0.0,11.0,0.2727272727272727,0.0,1.0,0.0,0.3555555555555555,0.8666666666666667,0.40336134453781514,0.0,0.0,0,1.0,0.0,1.0,87.0,83510125.0,0.0,0.75,0.0,0,0,0,1,0,0,0,0,0,0,0,0,0,0,0,0,0,1,0,0,0,0
25.0,0.0,1.0,426.0,0.0,26.0,48.0,1.0,1.0,11.0,0.5454545454545452,0.0,1.0,0.358,0.0,1.0,0.40336134453781514,0.0,0.0,1,1.0,1.0,1.0,88.0,63550005.0,0.0,0.6683761,0.0,0,0,0,0,1,0,0,0,0,0,0,0,0,0,0,0,0,1,0,0,0,0
21.0,0.0,1.0,0.0,260000.0,26.0,66.0,0.0,0.0,11.0,0.18181818181818188,0.0,0.0,0.0,0.0,0.0,0.0,0.0,0.0,0,0.0,0.0,1.0,88.0,83220005.0,0.0,0.6683761,0.0,0,0,0,0,1,0,0,0,0,0,0,0,0,0,0,0,0,1,0,0,0,0
23.0,0.0,1.0,0.0,140000.0,26.0,60.0,0.0,0.0,11.0,0.2727272727272727,0.0,1.0,0.0,0.14444444444444443,0.8666666666666667,0.5042016806722689,0.0,0.0,1,0.0,0.0,1.0,88.0,83220005.0,0.0,0.6683761,0.0,0,0,0,0,1,0,0,0,0,0,0,0,0,0,0,0,0,1,0,0,0,0
25.0,1.0,1.0,408.0,0.0,26.0,48.0,1.0,1.0,11.0,0.5454545454545452,1.0,1.0,0.0,0.0,0.8,0.2689075630252101,0.0,0.0,1,1.0,0.0,1.0,88.0,63550005.0,0.0,0.6683761,0.0,0,0,0,0,1,0,0,0,0,0,0,0,0,0,0,0,0,1,0,0,0,0
24.0,0.0,1.0,408.0,0.0,26.0,48.0,1.0,1.0,11.0,0.45454545454545436,0.0,1.0,0.3,0.0,0.8666666666666667,0.453781512605042,0.0,0.0,1,1.0,1.0,1.0,88.0,13410005.0,1.0,0.6683761,1.0,0,0,0,0,1,0,0,0,0,0,0,0,0,0,0,0,0,1,0,0,0,0
22.0,0.0,1.0,360.0,0.0,30.0,54.0,0.0,0.0,11.0,0.18181818181818188,0.0,0.0,0.0,0.0,0.0,0.0,0.0,0.0,1,1.0,0.0,1.0,88.0,84136520.0,0.0,0.6683761,0.0,0,0,0,0,1,0,0,0,0,0,0,0,0,0,0,0,0,1,0,0,0,0
22.0,0.0,0.0,0.0,0.0,0.0,0.0,0.0,0.0,11.0,0.18181818181818188,0.0,0.0,0.0,0.0,0.0,0.0,0.0,0.0,0,0.0,0.0,1.0,88.0,13410005.0,1.0,0.6683761,0.0,0,0,0,0,1,0,0,0,0,0,0,0,0,0,0,0,0,1,0,0,0,0
22.0,0.0,1.0,60.0,0.0,30.0,36.0,0.0,0.0,11.0,0.18181818181818188,0.0,0.0,0.0,0.0,0.0,0.0,0.0,0.0,0,1.0,0.0,1.0,88.0,63220235.0,1.0,0.6683761,0.0,0,0,0,0,1,0,0,0,0,0,0,0,0,0,0,0,0,1,0,0,0,0
26.0,0.0,1.0,0.0,370000.0,26.0,48.0,0.0,0.0,11.0,0.5454545454545452,0.0,1.0,0.3815,0.0,0.8,0.36974789915966383,0.0,0.0,0,0.0,1.0,1.0,88.0,83210005.0,0.0,0.6683761,0.0,0,0,0,0,1,0,0,0,0,0,0,0,0,0,0,0,0,1,0,0,0,0
24.0,0.0,1.0,650.0,0.0,30.0,48.0,0.0,1.0,11.0,0.45454545454545436,0.0,0.0,0.0,0.0,0.0,0.0,0.0,0.0,0,1.0,0.0,1.0,88.0,83210005.0,0.0,0.6683761,0.0,0,0,0,0,1,0,0,0,0,0,0,0,0,0,0,0,0,1,0,0,0,0
22.0,1.0,0.0,0.0,0.0,0.0,0.0,0.0,0.0,11.0,0.2727272727272727,0.0,0.0,0.0,0.0,0.0,0.0,0.0,0.0,0,0.0,0.0,1.0,88.0,63720005.0,1.0,0.6683761,0.0,0,0,0,0,1,0,0,0,0,0,0,0,0,0,0,0,0,1,0,0,0,0
25.0,0.0,1.0,100.0,0.0,22.0,50.0,0.0,1.0,11.0,0.5454545454545452,0.0,0.0,0.0,0.0,0.0,0.0,0.0,0.0,1,1.0,0.0,1.0,88.0,13310040.0,1.0,0.6683761,1.0,0,0,0,0,1,0,0,0,0,0,0,0,0,0,0,0,0,1,0,0,0,0
23.0,0.0,0.0,0.0,0.0,0.0,0.0,0.0,0.0,11.0,0.18181818181818188,0.0,0.0,0.0,0.0,0.0,0.0,0.0,0.0,1,0.0,0.0,1.0,88.0,63110005.0,1.0,0.6683761,1.0,0,0,0,0,1,0,0,0,0,0,0,0,0,0,0,0,0,1,0,0,0,0
20.0,0.0,0.0,0.0,0.0,0.0,0.0,0.0,0.0,11.0,0.09090909090909083,0.0,1.0,0.39999999999999997,0.0,0.8666666666666667,0.453781512605042,0.0,0.0,1,0.0,1.0,1.0,88.0,13540015.0,0.0,0.6683761,0.0,0,0,0,0,1,0,0,0,0,0,0,0,0,0,0,0,0,1,0,0,0,0
24.0,0.0,1.0,350.0,0.0,30.0,15.0,0.0,0.0,11.0,0.36363636363636354,0.0,0.0,0.0,0.0,0.0,0.0,0.0,0.0,1,1.0,0.0,1.0,88.0,83220005.0,0.0,0.6683761,0.0,0,0,0,0,1,0,0,0,0,0,0,0,0,0,0,0,0,1,0,0,0,0
21.0,0.0,1.0,150.0,0.0,30.0,42.0,0.0,0.0,11.0,0.09090909090909083,0.0,1.0,0.0,0.2222222222222222,0.6666666666666666,0.21008403361344538,0.0,0.0,0,1.0,0.0,1.0,88.0,13540015.0,0.0,0.6683761,0.0,0,0,0,0,1,0,0,0,0,0,0,0,0,0,0,0,0,1,0,0,0,0
25.0,0.0,0.0,0.0,0.0,0.0,0.0,0.0,0.0,11.0,0.45454545454545436,0.0,1.0,0.08,0.0,0.8,0.3529411764705882,0.0,0.0,1,0.0,1.0,1.0,88.0,13540015.0,1.0,0.6683761,1.0,0,0,0,0,1,0,0,0,0,0,0,0,0,0,0,0,0,1,0,0,0,0
21.0,0.0,0.0,0.0,0.0,0.0,0.0,0.0,0.0,11.0,0.18181818181818188,0.0,0.0,0.0,0.0,0.0,0.0,0.0,0.0,0,0.0,0.0,1.0,88.0,63220235.0,1.0,0.6683761,0.0,0,0,0,0,1,0,0,0,0,0,0,0,0,0,0,0,0,1,0,0,0,0
27.0,1.0,1.0,100.0,0.0,15.0,10.0,0.0,0.0,11.0,0.6363636363636365,1.0,0.0,0.0,0.0,0.0,0.0,0.0,0.0,1,1.0,0.0,1.0,88.0,63720005.0,1.0,0.6683761,1.0,0,0,0,0,1,0,0,0,0,0,0,0,0,0,0,0,0,1,0,0,0,0
23.0,0.0,1.0,350.0,0.0,30.0,48.0,0.0,0.0,11.0,0.2727272727272727,0.0,0.0,0.0,0.0,0.0,0.0,0.0,0.0,0,1.0,0.0,1.0,88.0,13410005.0,0.0,0.6683761,0.0,0,0,0,0,1,0,0,0,0,0,0,0,0,0,0,0,0,1,0,0,0,0
21.0,1.0,0.0,0.0,0.0,0.0,0.0,0.0,0.0,11.0,0.18181818181818188,0.0,1.0,0.15,0.0,0.8666666666666667,0.6050420168067226,0.0,1.0,1,0.0,1.0,1.0,88.0,33130010.0,1.0,0.6683761,1.0,0,0,0,0,1,0,0,0,0,0,0,0,0,0,0,0,0,1,0,0,0,0
21.0,0.0,0.0,0.0,0.0,0.0,0.0,0.0,0.0,11.0,0.09090909090909083,0.0,0.0,0.0,0.0,0.0,0.0,0.0,0.0,0,0.0,0.0,1.0,88.0,63220235.0,1.0,0.6683761,0.0,0,0,0,0,1,0,0,0,0,0,0,0,0,0,0,0,0,1,0,0,0,0
25.0,1.0,1.0,650.0,0.0,20.0,40.0,1.0,1.0,11.0,0.5454545454545452,0.0,0.0,0.0,0.0,0.0,0.0,0.0,0.0,0,1.0,0.0,1.0,88.0,63720005.0,0.0,0.6683761,0.0,0,0,0,0,1,0,0,0,0,0,0,0,0,0,0,0,0,1,0,0,0,0
20.0,0.0,1.0,210.0,0.0,30.0,48.0,0.0,0.0,11.0,0.09090909090909083,0.0,0.0,0.0,0.0,0.0,0.0,0.0,0.0,0,1.0,0.0,1.0,88.0,63550005.0,1.0,0.6683761,0.0,0,0,0,0,1,0,0,0,0,0,0,0,0,0,0,0,0,1,0,0,0,0
26.0,0.0,1.0,0.0,150000.0,30.0,14.0,0.0,0.0,11.0,0.5454545454545452,0.0,1.0,0.0,0.1111111111111111,1.0,0.23529411764705882,0.0,0.0,1,0.0,0.0,1.0,88.0,83220005.0,0.0,0.6683761,0.0,0,0,0,0,1,0,0,0,0,0,0,0,0,0,0,0,0,1,0,0,0,0
24.0,1.0,1.0,160.0,0.0,26.0,13.0,0.0,0.0,9.0,0.45454545454545436,1.0,1.0,0.15,0.0,0.8666666666666667,0.5546218487394958,0.0,0.0,0,1.0,1.0,1.0,88.0,13540015.0,1.0,0.6683761,0.0,0,0,0,0,1,0,0,0,0,0,0,0,0,0,1,0,0,0,0,0,0,0
24.0,1.0,1.0,408.0,0.0,28.0,72.0,0.0,0.0,11.0,0.45454545454545436,1.0,0.0,0.0,0.0,0.0,0.0,0.0,0.0,0,1.0,0.0,1.0,88.0,63550005.0,0.0,0.6683761,0.0,0,0,0,0,1,0,0,0,0,0,0,0,0,0,0,0,0,1,0,0,0,0
20.0,0.0,1.0,408.0,0.0,30.0,63.0,1.0,1.0,11.0,0.0,0.0,0.0,0.0,0.0,0.0,0.0,0.0,0.0,0,1.0,0.0,1.0,88.0,13720015.0,0.0,0.6683761,0.0,0,0,0,0,1,0,0,0,0,0,0,0,0,0,0,0,0,1,0,0,0,0
22.0,1.0,1.0,408.0,0.0,22.0,40.0,1.0,0.0,11.0,0.2727272727272727,1.0,1.0,0.0,0.06666666666666667,1.0,0.1764705882352941,0.0,0.0,1,1.0,0.0,1.0,88.0,63720005.0,1.0,0.6683761,1.0,0,0,0,0,1,0,0,0,0,0,0,0,0,0,0,0,0,1,0,0,0,0
20.0,0.0,1.0,100.0,0.0,12.0,24.0,0.0,0.0,11.0,0.18181818181818188,0.0,0.0,0.0,0.0,0.0,0.0,0.0,0.0,0,1.0,0.0,1.0,88.0,33130010.0,0.0,0.6683761,0.0,0,0,0,0,1,0,0,0,0,0,0,0,0,0,0,0,0,1,0,0,0,0
25.0,1.0,1.0,0.0,780000.0,26.0,48.0,0.0,0.0,11.0,0.5454545454545452,1.0,0.0,0.0,0.0,0.0,0.0,0.0,0.0,1,0.0,0.0,1.0,88.0,84136520.0,0.0,0.6683761,0.0,0,0,0,0,1,0,0,0,0,0,0,0,0,0,0,0,0,1,0,0,0,0
22.0,1.0,1.0,0.0,250000.0,3.0,24.0,0.0,0.0,11.0,0.2727272727272727,0.0,1.0,0.0,0.5333333333333333,0.4,0.3025210084033613,0.0,0.0,0,0.0,0.0,1.0,88.0,84136520.0,0.0,0.6683761,0.0,0,0,0,0,1,0,0,0,0,0,0,0,0,0,0,0,0,1,0,0,0,0
22.0,1.0,1.0,408.0,0.0,26.0,60.0,1.0,1.0,5.0,0.2727272727272727,0.0,1.0,0.358,0.0,0.8,0.5546218487394958,0.0,0.0,0,1.0,1.0,1.0,88.0,84136520.0,0.0,0.6683761,0.0,0,0,0,0,1,0,0,0,0,0,0,0,0,0,0,0,0,1,0,0,0,0
20.0,1.0,0.0,0.0,0.0,0.0,0.0,0.0,0.0,11.0,0.09090909090909083,0.0,0.0,0.0,0.0,0.0,0.0,0.0,0.0,1,0.0,0.0,1.0,88.0,13720015.0,1.0,0.6683761,1.0,0,0,0,0,1,0,0,0,0,0,0,0,0,0,0,0,0,1,0,0,0,0
22.0,0.0,1.0,338.0,0.0,26.0,48.0,0.0,0.0,11.0,0.2727272727272727,0.0,1.0,0.39999999999999997,0.0,0.8,0.40336134453781514,0.0,0.0,1,1.0,1.0,1.0,88.0,13540015.0,0.0,0.6683761,0.0,0,0,0,0,1,0,0,0,0,0,0,0,0,0,0,0,0,1,0,0,0,0
25.0,0.0,1.0,408.0,0.0,30.0,94.0,1.0,0.0,11.0,0.5454545454545452,0.0,0.0,0.0,0.0,0.0,0.0,0.0,0.0,0,1.0,0.0,1.0,88.0,13310040.0,0.0,0.6683761,0.0,0,0,0,0,1,0,0,0,0,0,0,0,0,0,0,0,0,1,0,0,0,0
21.0,0.0,1.0,390.0,0.0,26.0,40.0,0.0,1.0,11.0,0.18181818181818188,0.0,0.0,0.0,0.0,0.0,0.0,0.0,0.0,0,1.0,0.0,1.0,88.0,63110005.0,0.0,0.6683761,0.0,0,0,0,0,1,0,0,0,0,0,0,0,0,0,0,0,0,1,0,0,0,0
22.0,0.0,1.0,0.0,170000.0,10.0,24.0,0.0,0.0,11.0,0.18181818181818188,0.0,1.0,0.3,0.0,1.0,0.6470588235294117,0.0,0.0,0,0.0,1.0,1.0,88.0,13310040.0,0.0,0.6683761,0.0,0,0,0,0,1,0,0,0,0,0,0,0,0,0,0,0,0,1,0,0,0,0
25.0,1.0,1.0,220.0,0.0,26.0,48.0,0.0,1.0,11.0,0.5454545454545452,1.0,1.0,0.09,0.0,0.8,0.37815126050420167,0.0,0.0,1,1.0,1.0,1.0,88.0,84136520.0,0.0,0.6683761,0.0,0,0,0,0,1,0,0,0,0,0,0,0,0,0,0,0,0,1,0,0,0,0
24.0,0.0,1.0,90.0,0.0,22.0,45.0,0.0,0.0,11.0,0.45454545454545436,0.0,0.0,0.0,0.0,0.0,0.0,0.0,0.0,0,1.0,0.0,1.0,88.0,13310040.0,1.0,0.6683761,0.0,0,0,0,0,1,0,0,0,0,0,0,0,0,0,0,0,0,1,0,0,0,0
21.0,1.0,0.0,0.0,0.0,0.0,0.0,0.0,0.0,11.0,0.18181818181818188,0.0,0.0,0.0,0.0,0.0,0.0,0.0,0.0,0,0.0,0.0,1.0,88.0,13720015.0,1.0,0.6683761,0.0,0,0,0,0,1,0,0,0,0,0,0,0,0,0,0,0,0,1,0,0,0,0
24.0,1.0,1.0,260.0,0.0,26.0,60.0,0.0,0.0,11.0,0.45454545454545436,0.0,0.0,0.0,0.0,0.0,0.0,0.0,0.0,0,1.0,0.0,1.0,88.0,84136520.0,0.0,0.6683761,0.0,0,0,0,0,1,0,0,0,0,0,0,0,0,0,0,0,0,1,0,0,0,0
22.0,1.0,1.0,420.0,0.0,20.0,56.0,1.0,1.0,11.0,0.2727272727272727,1.0,1.0,0.0,0.0,1.0,0.47058823529411764,0.0,0.0,1,1.0,0.0,1.0,88.0,13310040.0,0.0,0.6683761,0.0,0,0,0,0,1,0,0,0,0,0,0,0,0,0,0,0,0,1,0,0,0,0
23.0,0.0,0.0,0.0,0.0,0.0,0.0,0.0,0.0,11.0,0.2727272727272727,0.0,1.0,0.358,0.0,0.8,0.7563025210084033,1.0,0.0,0,0.0,1.0,1.0,88.0,63220235.0,1.0,0.6683761,0.0,0,0,0,0,1,0,0,0,0,0,0,0,0,0,0,0,0,1,0,0,0,0
23.0,0.0,1.0,400.0,0.0,30.0,84.0,0.0,0.0,11.0,0.2727272727272727,0.0,0.0,0.0,0.0,0.0,0.0,0.0,0.0,1,1.0,0.0,1.0,88.0,13720015.0,0.0,0.6683761,0.0,0,0,0,0,1,0,0,0,0,0,0,0,0,0,0,0,0,1,0,0,0,0
24.0,1.0,1.0,572.0,0.0,7.0,84.0,1.0,1.0,11.0,0.45454545454545436,1.0,1.0,0.35,0.0,0.8,0.40336134453781514,0.0,0.0,0,1.0,1.0,1.0,88.0,63550005.0,0.0,0.6683761,0.0,0,0,0,0,1,0,0,0,0,0,0,0,0,0,0,0,0,1,0,0,0,0
20.0,0.0,0.0,0.0,0.0,0.0,0.0,0.0,0.0,11.0,0.09090909090909083,0.0,0.0,0.0,0.0,0.0,0.0,0.0,0.0,1,0.0,0.0,1.0,88.0,33130010.0,0.0,0.6683761,0.0,0,0,0,0,1,0,0,0,0,0,0,0,0,0,0,0,0,1,0,0,0,0
20.0,0.0,1.0,420.0,0.0,30.0,91.0,0.0,0.0,11.0,0.09090909090909083,0.0,1.0,0.15,0.0,1.0,0.47058823529411764,0.0,0.0,1,1.0,1.0,1.0,88.0,83210005.0,0.0,0.6683761,0.0,0,0,0,0,1,0,0,0,0,0,0,0,0,0,0,0,0,1,0,0,0,0
20.0,0.0,0.0,0.0,0.0,0.0,0.0,0.0,0.0,11.0,0.0,0.0,0.0,0.0,0.0,0.0,0.0,0.0,0.0,1,0.0,0.0,1.0,88.0,84136520.0,1.0,0.6683761,1.0,0,0,0,0,1,0,0,0,0,0,0,0,0,0,0,0,0,1,0,0,0,0
21.0,0.0,1.0,408.0,0.0,26.0,48.0,0.0,0.0,11.0,0.09090909090909083,0.0,0.0,0.0,0.0,0.0,0.0,0.0,0.0,0,1.0,0.0,1.0,88.0,84136520.0,0.0,0.6683761,0.0,0,0,0,0,1,0,0,0,0,0,0,0,0,0,0,0,0,1,0,0,0,0
22.0,0.0,0.0,0.0,0.0,0.0,0.0,0.0,0.0,11.0,0.2727272727272727,0.0,0.0,0.0,0.0,0.0,0.0,0.0,0.0,0,0.0,0.0,1.0,88.0,13540015.0,1.0,0.6683761,0.0,0,0,0,0,1,0,0,0,0,0,0,0,0,0,0,0,0,1,0,0,0,0
21.0,0.0,0.0,0.0,0.0,0.0,0.0,0.0,0.0,12.0,0.18181818181818188,0.0,0.0,0.0,0.0,0.0,0.0,0.0,0.0,1,0.0,0.0,1.0,88.0,83210005.0,0.0,0.6683761,0.0,0,0,0,0,1,0,0,0,0,0,0,0,0,0,0,0,0,1,0,0,0,0
24.0,0.0,1.0,100.0,0.0,30.0,42.0,0.0,0.0,11.0,0.36363636363636354,0.0,1.0,0.09999999999999999,0.0,0.9666666666666667,0.7899159663865546,0.0,0.0,1,1.0,1.0,1.0,88.0,63110005.0,1.0,0.6683761,1.0,0,0,0,0,1,0,0,0,0,0,0,0,0,0,0,0,0,1,0,0,0,0
26.0,0.0,0.0,0.0,0.0,0.0,0.0,0.0,0.0,11.0,0.6363636363636365,0.0,0.0,0.0,0.0,0.0,0.0,0.0,0.0,1,0.0,0.0,1.0,88.0,13310040.0,1.0,0.6683761,1.0,0,0,0,0,1,0,0,0,0,0,0,0,0,0,0,0,0,1,0,0,0,0
22.0,0.0,1.0,408.0,0.0,26.0,60.0,0.0,0.0,11.0,0.18181818181818188,0.0,0.0,0.0,0.0,0.0,0.0,0.0,0.0,0,1.0,0.0,1.0,88.0,84136520.0,0.0,0.6683761,0.0,0,0,0,0,1,0,0,0,0,0,0,0,0,0,0,0,0,1,0,0,0,0
23.0,0.0,0.0,0.0,0.0,0.0,0.0,0.0,0.0,11.0,0.2727272727272727,0.0,0.0,0.0,0.0,0.0,0.0,0.0,0.0,1,0.0,0.0,1.0,88.0,63110005.0,1.0,0.6683761,1.0,0,0,0,0,1,0,0,0,0,0,0,0,0,0,0,0,0,1,0,0,0,0
21.0,0.0,0.0,0.0,0.0,0.0,0.0,0.0,0.0,11.0,0.18181818181818188,0.0,1.0,0.3,0.0,0.8666666666666667,0.40336134453781514,0.0,0.0,1,0.0,1.0,1.0,88.0,63220235.0,0.0,0.6683761,0.0,0,0,0,0,1,0,0,0,0,0,0,0,0,0,0,0,0,1,0,0,0,0
24.0,0.0,1.0,300.0,0.0,30.0,56.0,0.0,0.0,11.0,0.45454545454545436,0.0,0.0,0.0,0.0,0.0,0.0,0.0,0.0,1,1.0,0.0,1.0,88.0,63550005.0,1.0,0.6683761,1.0,0,0,0,0,1,0,0,0,0,0,0,0,0,0,0,0,0,1,0,0,0,0
26.0,0.0,0.0,0.0,0.0,0.0,0.0,0.0,0.0,11.0,0.5454545454545452,0.0,0.0,0.0,0.0,0.0,0.0,0.0,0.0,1,0.0,0.0,1.0,88.0,83210005.0,0.0,0.6683761,0.0,0,0,0,0,1,0,0,0,0,0,0,0,0,0,0,0,0,1,0,0,0,0
25.0,0.0,0.0,0.0,0.0,0.0,0.0,0.0,0.0,11.0,0.45454545454545436,0.0,1.0,0.09999999999999999,0.0,0.8666666666666667,0.3025210084033613,0.0,0.0,0,0.0,1.0,1.0,88.0,63110005.0,1.0,0.6683761,0.0,0,0,0,0,1,0,0,0,0,0,0,0,0,0,0,0,0,1,0,0,0,0
20.0,0.0,0.0,0.0,0.0,0.0,0.0,0.0,0.0,11.0,0.0,0.0,0.0,0.0,0.0,0.0,0.0,0.0,0.0,1,0.0,0.0,1.0,88.0,83210005.0,0.0,0.6683761,0.0,0,0,0,0,1,0,0,0,0,0,0,0,0,0,0,0,0,1,0,0,0,0
20.0,0.0,1.0,210.0,0.0,26.0,91.0,0.0,0.0,11.0,0.09090909090909083,0.0,1.0,0.0,0.0,1.0,0.1764705882352941,0.0,0.0,0,1.0,0.0,1.0,88.0,83210005.0,0.0,0.6683761,0.0,0,0,0,0,1,0,0,0,0,0,0,0,0,0,0,0,0,1,0,0,0,0
21.0,0.0,1.0,350.0,0.0,28.0,56.0,0.0,1.0,11.0,0.18181818181818188,0.0,0.0,0.0,0.0,0.0,0.0,0.0,0.0,0,1.0,0.0,1.0,88.0,83220005.0,0.0,0.6683761,0.0,0,0,0,0,1,0,0,0,0,0,0,0,0,0,0,0,0,1,0,0,0,0
20.0,0.0,1.0,48.0,0.0,16.0,28.0,0.0,0.0,11.0,0.09090909090909083,0.0,1.0,0.0,0.0,0.8,0.15126050420168066,0.0,0.0,0,1.0,0.0,1.0,88.0,63220235.0,0.0,0.6683761,0.0,0,0,0,0,1,0,0,0,0,0,0,0,0,0,0,0,0,1,0,0,0,0
22.0,0.0,1.0,200.0,0.0,30.0,66.0,0.0,0.0,11.0,0.2727272727272727,0.0,0.0,0.0,0.0,0.0,0.0,0.0,0.0,0,1.0,0.0,1.0,88.0,63550005.0,1.0,0.6683761,0.0,0,0,0,0,1,0,0,0,0,0,0,0,0,0,0,0,0,1,0,0,0,0
25.0,0.0,1.0,408.0,0.0,30.0,56.0,1.0,1.0,11.0,0.5454545454545452,0.0,0.0,0.0,0.0,0.0,0.0,0.0,0.0,1,1.0,0.0,1.0,88.0,83210005.0,0.0,0.6683761,0.0,0,0,0,0,1,0,0,0,0,0,0,0,0,0,0,0,0,1,0,0,0,0
23.0,1.0,0.0,0.0,0.0,0.0,0.0,0.0,0.0,11.0,0.2727272727272727,1.0,1.0,0.0,0.16666666666666666,1.0,0.2689075630252101,0.0,0.0,0,0.0,0.0,1.0,88.0,63720005.0,1.0,0.6683761,0.0,0,0,0,0,1,0,0,0,0,0,0,0,0,0,0,0,0,1,0,0,0,0
25.0,0.0,1.0,408.0,0.0,30.0,48.0,0.0,0.0,11.0,0.5454545454545452,0.0,1.0,0.0,0.0,0.9333333333333333,0.2689075630252101,0.0,0.0,1,1.0,0.0,1.0,88.0,13410005.0,1.0,0.6683761,1.0,0,0,0,0,1,0,0,0,0,0,0,0,0,0,0,0,0,1,0,0,0,0
23.0,0.0,1.0,408.0,0.0,30.0,56.0,1.0,1.0,11.0,0.36363636363636354,0.0,1.0,0.132,0.0,1.0,0.3361344537815126,1.0,1.0,0,1.0,1.0,1.0,88.0,13720015.0,0.0,0.6683761,0.0,0,0,0,0,1,0,0,0,0,0,0,0,0,0,0,0,0,1,0,0,0,0
24.0,1.0,0.0,0.0,0.0,0.0,0.0,0.0,0.0,9.0,0.45454545454545436,1.0,1.0,0.09999999999999999,0.0,0.8,0.5378151260504201,0.0,0.0,1,0.0,1.0,1.0,88.0,13540015.0,1.0,0.6683761,1.0,0,0,0,0,1,0,0,0,0,0,0,0,0,0,0,0,0,1,0,0,0,0
20.0,0.0,0.0,0.0,0.0,0.0,0.0,0.0,0.0,11.0,0.09090909090909083,0.0,0.0,0.0,0.0,0.0,0.0,0.0,0.0,1,0.0,0.0,1.0,88.0,63720005.0,1.0,0.6683761,1.0,0,0,0,0,1,0,0,0,0,0,0,0,0,0,0,0,0,1,0,0,0,0
20.0,0.0,1.0,560.0,0.0,30.0,91.0,1.0,1.0,12.0,0.0,0.0,1.0,0.27999999999999997,0.0,0.9333333333333333,0.3025210084033613,0.0,0.0,1,1.0,1.0,1.0,88.0,63550005.0,1.0,0.6683761,1.0,0,0,0,0,1,0,0,0,0,0,0,0,0,0,0,0,0,1,0,0,0,0
23.0,0.0,1.0,0.0,180000.0,16.0,48.0,0.0,0.0,11.0,0.2727272727272727,0.0,0.0,0.0,0.0,0.0,0.0,0.0,0.0,0,0.0,0.0,1.0,88.0,63550005.0,0.0,0.6683761,0.0,0,0,0,0,1,0,0,0,0,0,0,0,0,0,0,0,0,1,0,0,0,0
26.0,0.0,0.0,0.0,0.0,0.0,0.0,0.0,0.0,11.0,0.5454545454545452,0.0,0.0,0.0,0.0,0.0,0.0,0.0,0.0,0,0.0,0.0,1.0,88.0,63110005.0,0.0,0.6683761,0.0,0,0,0,0,1,0,0,0,0,0,0,0,0,0,0,0,0,1,0,0,0,0
21.0,0.0,1.0,0.0,20000.0,20.0,45.0,0.0,0.0,11.0,0.09090909090909083,0.0,0.0,0.0,0.0,0.0,0.0,0.0,0.0,0,0.0,0.0,1.0,88.0,84136520.0,0.0,0.6683761,0.0,0,0,0,0,1,0,0,0,0,0,0,0,0,0,0,0,0,1,0,0,0,0
24.0,0.0,1.0,408.0,0.0,26.0,48.0,1.0,1.0,11.0,0.36363636363636354,0.0,1.0,0.18,0.0,0.6666666666666666,0.3361344537815126,0.0,0.0,0,1.0,1.0,1.0,88.0,13410005.0,0.0,0.6683761,0.0,0,0,0,0,1,0,0,0,0,0,0,0,0,0,0,0,0,1,0,0,0,0
25.0,0.0,1.0,150.0,0.0,21.0,40.0,0.0,0.0,11.0,0.45454545454545436,0.0,1.0,0.358,0.0,0.6666666666666666,0.12605042016806722,0.0,0.0,1,1.0,1.0,1.0,88.0,63550005.0,0.0,0.6683761,0.0,0,0,0,0,1,0,0,0,0,0,0,0,0,0,0,0,0,1,0,0,0,0
26.0,0.0,1.0,450.0,0.0,26.0,72.0,0.0,1.0,11.0,0.6363636363636365,0.0,1.0,0.18,0.0,0.8666666666666667,0.20168067226890757,0.0,0.0,1,1.0,1.0,1.0,88.0,13720015.0,0.0,0.6683761,0.0,0,0,0,0,1,0,0,0,0,0,0,0,0,0,0,0,0,1,0,0,0,0
22.0,0.0,1.0,250.0,0.0,30.0,72.0,0.0,0.0,11.0,0.18181818181818188,0.0,0.0,0.0,0.0,0.0,0.0,0.0,0.0,0,1.0,0.0,1.0,88.0,83220005.0,0.0,0.6683761,0.0,0,0,0,0,1,0,0,0,0,0,0,0,0,0,0,0,0,1,0,0,0,0
20.0,0.0,0.0,0.0,0.0,0.0,0.0,0.0,0.0,11.0,0.09090909090909083,0.0,0.0,0.0,0.0,0.0,0.0,0.0,0.0,0,0.0,0.0,1.0,88.0,13310040.0,1.0,0.6683761,0.0,0,0,0,0,1,0,0,0,0,0,0,0,0,0,0,0,0,1,0,0,0,0
25.0,0.0,1.0,400.0,0.0,26.0,56.0,0.0,0.0,11.0,0.45454545454545436,0.0,1.0,0.24,0.0,0.4,0.20168067226890757,0.0,0.0,1,1.0,1.0,1.0,88.0,63110005.0,0.0,0.6683761,0.0,0,0,0,0,1,0,0,0,0,0,0,0,0,0,0,0,0,1,0,0,0,0
23.0,0.0,1.0,260.0,0.0,30.0,28.0,0.0,1.0,11.0,0.2727272727272727,0.0,1.0,0.358,0.0,1.0,0.47058823529411764,1.0,1.0,0,1.0,1.0,1.0,88.0,13410005.0,1.0,0.6683761,0.0,0,0,0,0,1,0,0,0,0,0,0,0,0,0,0,0,0,1,0,0,0,0
21.0,1.0,0.0,0.0,0.0,0.0,0.0,0.0,0.0,11.0,0.09090909090909083,1.0,0.0,0.0,0.0,0.0,0.0,0.0,0.0,0,0.0,0.0,1.0,88.0,13410005.0,1.0,0.6683761,0.0,0,0,0,0,1,0,0,0,0,0,0,0,0,0,0,0,0,1,0,0,0,0
27.0,0.0,0.0,0.0,0.0,0.0,0.0,0.0,0.0,11.0,0.6363636363636365,0.0,1.0,0.13,0.0,0.6666666666666666,0.29411764705882354,0.0,0.0,0,0.0,1.0,1.0,88.0,33130010.0,1.0,0.6683761,0.0,0,0,0,0,1,0,0,0,0,0,0,1,0,0,0,0,0,0,0,0,0,0
22.0,0.0,1.0,300.0,0.0,26.0,54.0,1.0,1.0,11.0,0.18181818181818188,0.0,1.0,0.0,0.1111111111111111,1.0,0.7647058823529411,0.0,0.0,1,1.0,0.0,1.0,88.0,63220235.0,1.0,0.6683761,1.0,0,0,0,0,1,0,0,0,0,0,0,0,0,0,0,0,0,1,0,0,0,0
21.0,0.0,1.0,300.0,0.0,26.0,64.0,0.0,0.0,11.0,0.18181818181818188,0.0,0.0,0.0,0.0,0.0,0.0,0.0,0.0,1,1.0,0.0,1.0,88.0,13540015.0,1.0,0.6683761,1.0,0,0,0,0,1,0,0,0,0,0,0,0,0,0,0,0,0,1,0,0,0,0
23.0,1.0,1.0,200.0,0.0,26.0,48.0,0.0,0.0,11.0,0.36363636363636354,0.0,1.0,0.15,0.0,0.5,0.47058823529411764,0.0,1.0,0,1.0,1.0,1.0,88.0,83220005.0,0.0,0.6683761,0.0,0,0,0,0,1,0,0,0,0,0,0,0,0,0,0,0,0,1,0,0,0,0
21.0,0.0,0.0,0.0,0.0,0.0,0.0,0.0,0.0,14.0,0.18181818181818188,0.0,0.0,0.0,0.0,0.0,0.0,0.0,0.0,0,0.0,0.0,1.0,88.0,13720015.0,0.0,0.6683761,0.0,0,0,0,0,1,0,0,0,0,0,0,0,0,0,0,0,0,0,0,0,1,0
24.0,1.0,1.0,540.0,0.0,30.0,63.0,0.0,1.0,10.0,0.36363636363636354,1.0,0.0,0.0,0.0,0.0,0.0,0.0,0.0,1,1.0,0.0,1.0,88.0,84136520.0,0.0,0.6683761,0.0,0,0,0,0,1,0,0,0,0,0,0,0,0,0,0,0,1,0,0,0,0,0
27.0,1.0,0.0,0.0,0.0,0.0,0.0,0.0,0.0,11.0,0.6363636363636365,1.0,1.0,0.358,0.0,0.7333333333333333,0.6722689075630252,1.0,1.0,0,0.0,1.0,1.0,88.0,63220235.0,1.0,0.6683761,0.0,0,0,0,0,1,0,0,0,0,0,0,0,0,0,0,0,0,1,0,0,0,0
22.0,0.0,0.0,0.0,0.0,0.0,0.0,0.0,0.0,11.0,0.2727272727272727,0.0,0.0,0.0,0.0,0.0,0.0,0.0,0.0,0,0.0,0.0,1.0,88.0,63220235.0,1.0,0.6683761,0.0,0,0,0,0,1,0,0,0,0,0,0,0,0,0,0,0,0,1,0,0,0,0
24.0,0.0,1.0,0.0,400000.0,15.0,48.0,0.0,0.0,11.0,0.45454545454545436,0.0,1.0,0.0,0.03888888888888889,0.13333333333333333,0.06722689075630252,0.0,0.0,0,0.0,0.0,1.0,88.0,83220005.0,0.0,0.6683761,0.0,0,0,0,0,1,0,0,0,0,0,0,0,0,0,0,0,0,1,0,0,0,0
22.0,1.0,1.0,400.0,0.0,30.0,63.0,0.0,0.0,11.0,0.18181818181818188,1.0,0.0,0.0,0.0,0.0,0.0,0.0,0.0,1,1.0,0.0,1.0,88.0,63720005.0,1.0,0.6683761,1.0,0,0,0,0,1,0,0,0,0,0,0,0,0,0,0,0,0,1,0,0,0,0
20.0,0.0,1.0,0.0,80000.0,8.0,48.0,0.0,0.0,11.0,0.0,0.0,1.0,0.0,0.38888888888888884,0.6666666666666666,0.3361344537815126,0.0,0.0,1,0.0,0.0,1.0,88.0,13410005.0,0.0,0.6683761,0.0,0,0,0,0,1,0,0,0,0,0,0,0,0,0,0,0,0,1,0,0,0,0
20.0,0.0,0.0,0.0,0.0,0.0,0.0,0.0,0.0,11.0,0.09090909090909083,0.0,0.0,0.0,0.0,0.0,0.0,0.0,0.0,1,0.0,0.0,1.0,88.0,83220005.0,0.0,0.6683761,0.0,0,0,0,0,1,0,0,0,0,0,0,0,0,0,0,0,0,1,0,0,0,0
24.0,0.0,0.0,0.0,0.0,0.0,0.0,0.0,0.0,11.0,0.45454545454545436,0.0,1.0,0.048,0.0,0.8,0.6050420168067226,0.0,0.0,0,0.0,1.0,1.0,88.0,33130010.0,1.0,0.6683761,0.0,0,0,0,0,1,0,0,0,0,0,0,0,0,0,0,0,0,1,0,0,0,0
21.0,0.0,0.0,0.0,0.0,0.0,0.0,0.0,0.0,11.0,0.18181818181818188,0.0,1.0,0.358,0.0,0.8,0.4117647058823529,0.0,0.0,1,0.0,1.0,1.0,88.0,63220235.0,1.0,0.6683761,1.0,0,0,0,0,1,0,0,0,0,0,0,0,0,0,0,0,0,1,0,0,0,0
22.0,1.0,1.0,600.0,0.0,30.0,72.0,0.0,0.0,11.0,0.18181818181818188,1.0,0.0,0.0,0.0,0.0,0.0,0.0,0.0,1,1.0,0.0,1.0,89.0,63220205.0,1.0,0.6666667,1.0,0,0,0,0,1,0,0,0,0,0,0,0,0,0,0,0,0,1,0,0,0,0
20.0,1.0,1.0,180.0,0.0,16.0,48.0,0.0,0.0,9.0,0.09090909090909083,0.0,1.0,0.0,0.1111111111111111,1.0,0.7647058823529411,0.0,0.0,1,1.0,0.0,1.0,89.0,63110005.0,0.0,0.6666667,0.0,0,0,0,0,1,0,0,0,0,0,0,0,0,0,0,1,0,0,0,0,0,0
24.0,1.0,0.0,0.0,0.0,0.0,0.0,0.0,0.0,11.0,0.36363636363636354,1.0,1.0,0.0,0.0,0.6666666666666666,0.08403361344537814,0.0,0.0,1,0.0,0.0,1.0,89.0,13310040.0,1.0,0.6666667,1.0,0,0,0,0,1,0,0,0,0,0,0,0,0,0,0,0,0,1,0,0,0,0
24.0,1.0,1.0,50.0,0.0,20.0,25.0,0.0,0.0,11.0,0.36363636363636354,1.0,0.0,0.0,0.0,0.0,0.0,0.0,0.0,0,1.0,0.0,1.0,89.0,63110005.0,1.0,0.6666667,0.0,0,0,0,0,1,0,0,0,0,0,0,0,0,0,0,0,0,1,0,0,0,0
26.0,0.0,1.0,75.0,0.0,26.0,39.0,0.0,1.0,11.0,0.5454545454545452,0.0,1.0,0.186,0.0,0.4,0.3277310924369748,0.0,1.0,1,1.0,1.0,1.0,89.0,63110005.0,1.0,0.6666667,1.0,0,0,0,0,1,0,0,0,0,0,0,0,0,0,0,0,0,1,0,0,0,0
25.0,0.0,1.0,408.0,0.0,28.0,56.0,1.0,1.0,11.0,0.5454545454545452,0.0,1.0,0.3,0.0,0.8,0.3361344537815126,0.0,0.0,0,1.0,1.0,1.0,89.0,63110005.0,0.0,0.6666667,0.0,0,0,0,0,1,0,0,0,0,0,0,0,0,0,0,0,0,1,0,0,0,0
22.0,0.0,1.0,408.0,0.0,26.0,60.0,0.0,0.0,11.0,0.18181818181818188,0.0,1.0,0.16499999999999998,0.0,0.6666666666666666,0.2689075630252101,0.0,0.0,0,1.0,1.0,1.0,89.0,63220205.0,0.0,0.6666667,0.0,0,0,0,0,1,0,0,0,0,0,0,0,0,0,0,0,0,1,0,0,0,0
25.0,1.0,1.0,0.0,400000.0,30.0,48.0,0.0,0.0,11.0,0.45454545454545436,1.0,1.0,0.0,0.4222222222222222,0.6666666666666666,0.23529411764705882,0.0,0.0,1,0.0,0.0,1.0,89.0,13310040.0,0.0,0.6666667,0.0,0,0,0,0,1,0,0,0,0,0,0,0,0,0,0,0,0,1,0,0,0,0
23.0,0.0,0.0,0.0,0.0,0.0,0.0,0.0,0.0,11.0,0.36363636363636354,1.0,0.0,0.0,0.0,0.0,0.0,0.0,0.0,0,0.0,0.0,1.0,89.0,63110005.0,1.0,0.6666667,0.0,0,0,0,0,1,0,0,0,0,0,0,0,0,0,0,0,0,1,0,0,0,0
25.0,0.0,1.0,450.0,0.0,30.0,70.0,0.0,0.0,11.0,0.45454545454545436,0.0,0.0,0.0,0.0,0.0,0.0,0.0,0.0,1,1.0,0.0,1.0,89.0,13540015.0,0.0,0.6666667,0.0,0,0,0,0,1,0,0,0,0,0,0,0,0,0,0,0,0,1,0,0,0,0
25.0,1.0,0.0,0.0,0.0,0.0,0.0,0.0,0.0,11.0,0.5454545454545452,0.0,1.0,0.0,0.0,1.0,0.29411764705882354,0.0,0.0,0,0.0,0.0,1.0,89.0,13310040.0,1.0,0.6666667,0.0,0,0,0,0,1,0,0,0,0,0,0,0,0,0,0,0,0,1,0,0,0,0
27.0,0.0,0.0,0.0,0.0,0.0,0.0,0.0,0.0,11.0,0.6363636363636365,1.0,1.0,0.09999999999999999,0.0,0.7333333333333333,0.40336134453781514,0.0,0.0,0,0.0,1.0,1.0,89.0,63110005.0,1.0,0.6666667,0.0,0,0,0,0,1,0,0,0,0,0,0,0,0,0,0,0,0,1,0,0,0,0
21.0,1.0,1.0,0.0,50000.0,30.0,26.0,0.0,0.0,11.0,0.18181818181818188,0.0,1.0,0.0,0.3555555555555555,0.6666666666666666,0.37815126050420167,0.0,0.0,1,0.0,0.0,1.0,89.0,63110005.0,1.0,0.6666667,1.0,0,0,0,0,1,0,0,0,0,0,0,0,0,0,0,0,0,1,0,0,0,0
25.0,1.0,0.0,0.0,0.0,0.0,0.0,0.0,0.0,11.0,0.45454545454545436,0.0,0.0,0.0,0.0,0.0,0.0,0.0,0.0,0,0.0,0.0,1.0,89.0,13310040.0,1.0,0.6666667,0.0,0,0,0,0,1,0,0,0,0,0,0,0,0,0,0,0,0,1,0,0,0,0
24.0,1.0,1.0,250.0,0.0,30.0,70.0,0.0,0.0,11.0,0.36363636363636354,0.0,1.0,0.38,0.0,0.8,0.3025210084033613,0.0,0.0,1,1.0,1.0,1.0,89.0,63220205.0,0.0,0.6666667,0.0,0,0,0,0,1,0,0,0,0,0,0,0,0,0,0,0,0,1,0,0,0,0
24.0,1.0,0.0,0.0,0.0,0.0,0.0,0.0,0.0,11.0,0.45454545454545436,1.0,0.0,0.0,0.0,0.0,0.0,0.0,0.0,1,0.0,0.0,1.0,89.0,13540015.0,1.0,0.6666667,1.0,0,0,0,0,1,0,0,0,0,0,0,0,0,0,0,0,0,1,0,0,0,0
23.0,1.0,1.0,408.0,0.0,26.0,40.0,1.0,1.0,11.0,0.36363636363636354,0.0,0.0,0.0,0.0,0.0,0.0,0.0,0.0,0,1.0,0.0,1.0,89.0,13310040.0,0.0,0.6666667,0.0,0,0,0,0,1,0,0,0,0,0,0,0,0,0,0,0,0,1,0,0,0,0
22.0,1.0,1.0,0.0,300000.0,30.0,48.0,0.0,0.0,11.0,0.2727272727272727,0.0,1.0,0.39999999999999997,0.0,0.8,0.36974789915966383,0.0,0.0,1,0.0,1.0,1.0,89.0,63110005.0,0.0,0.6666667,0.0,0,0,0,0,1,0,0,0,0,0,0,0,0,0,0,0,0,1,0,0,0,0
20.0,0.0,0.0,0.0,0.0,0.0,0.0,0.0,0.0,11.0,0.0,0.0,0.0,0.0,0.0,0.0,0.0,0.0,0.0,1,0.0,0.0,1.0,89.0,63220205.0,1.0,0.6666667,1.0,0,0,0,0,1,0,0,0,0,0,0,0,0,0,0,0,0,1,0,0,0,0
23.0,0.0,1.0,250.0,0.0,15.0,45.0,0.0,0.0,11.0,0.36363636363636354,0.0,0.0,0.0,0.0,0.0,0.0,0.0,0.0,1,1.0,0.0,1.0,89.0,13540015.0,0.0,0.6666667,0.0,0,0,0,0,1,0,0,0,0,0,0,0,0,0,0,0,0,1,0,0,0,0
23.0,0.0,1.0,400.0,0.0,30.0,32.0,0.0,0.0,11.0,0.2727272727272727,0.0,0.0,0.0,0.0,0.0,0.0,0.0,0.0,1,1.0,0.0,1.0,89.0,63110005.0,0.0,0.6666667,0.0,0,0,0,0,1,0,0,0,0,0,0,0,0,0,0,0,0,1,0,0,0,0
22.0,0.0,1.0,0.0,90000.0,10.0,63.0,0.0,0.0,11.0,0.18181818181818188,0.0,0.0,0.0,0.0,0.0,0.0,0.0,0.0,0,0.0,0.0,1.0,89.0,63220205.0,0.0,0.6666667,0.0,0,0,0,0,1,0,0,0,0,0,0,0,0,0,0,0,0,1,0,0,0,0
20.0,0.0,1.0,408.0,0.0,26.0,48.0,0.0,0.0,11.0,0.09090909090909083,0.0,0.0,0.0,0.0,0.0,0.0,0.0,0.0,0,1.0,0.0,1.0,89.0,63220205.0,0.0,0.6666667,0.0,0,0,0,0,1,0,0,0,0,0,0,0,0,0,0,0,0,1,0,0,0,0
26.0,1.0,1.0,0.0,550000.0,30.0,56.0,0.0,0.0,11.0,0.5454545454545452,0.0,1.0,0.0,0.24444444444444444,1.0,0.47058823529411764,0.0,0.0,0,0.0,0.0,1.0,89.0,63220205.0,0.0,0.6666667,0.0,0,0,0,0,1,0,0,0,0,0,0,0,0,0,0,0,0,1,0,0,0,0
25.0,1.0,1.0,0.0,150000.0,30.0,49.0,0.0,0.0,11.0,0.45454545454545436,1.0,1.0,0.0,0.27777777777777773,1.0,0.3529411764705882,0.0,0.0,0,0.0,0.0,1.0,89.0,13310040.0,0.0,0.6666667,0.0,0,0,0,0,1,0,0,0,0,0,0,0,0,0,0,0,0,1,0,0,0,0
20.0,1.0,0.0,0.0,0.0,0.0,0.0,0.0,0.0,11.0,0.0,1.0,0.0,0.0,0.0,0.0,0.0,0.0,0.0,1,0.0,0.0,1.0,89.0,63110005.0,1.0,0.6666667,1.0,0,0,0,0,1,0,0,0,0,0,0,0,0,0,0,0,0,1,0,0,0,0
22.0,1.0,1.0,120.0,0.0,30.0,56.0,0.0,0.0,10.0,0.2727272727272727,1.0,1.0,0.0,0.01111111111111111,0.4,0.15126050420168066,0.0,0.0,1,1.0,0.0,1.0,89.0,13540015.0,1.0,0.6666667,1.0,0,0,0,0,1,0,0,0,0,0,0,0,0,0,0,1,0,0,0,0,0,0
21.0,0.0,0.0,0.0,0.0,0.0,0.0,0.0,0.0,11.0,0.09090909090909083,0.0,0.0,0.0,0.0,0.0,0.0,0.0,0.0,1,0.0,0.0,1.0,89.0,13540015.0,1.0,0.6666667,1.0,0,0,0,0,1,0,0,0,0,0,0,0,0,0,0,0,0,1,0,0,0,0
22.0,0.0,1.0,381.5,0.0,26.0,74.0,0.0,0.0,11.0,0.18181818181818188,0.0,0.0,0.0,0.0,0.0,0.0,0.0,0.0,1,1.0,0.0,1.0,89.0,63220205.0,1.0,0.6666667,1.0,0,0,0,0,1,0,0,0,0,0,0,0,0,0,0,0,0,1,0,0,0,0
26.0,0.0,0.0,0.0,0.0,0.0,0.0,0.0,0.0,11.0,0.6363636363636365,0.0,0.0,0.0,0.0,0.0,0.0,0.0,0.0,1,0.0,0.0,1.0,89.0,13310040.0,1.0,0.6666667,1.0,0,0,0,0,1,0,0,0,0,0,0,0,0,0,0,0,0,1,0,0,0,0
23.0,0.0,0.0,0.0,0.0,0.0,0.0,0.0,0.0,11.0,0.36363636363636354,0.0,0.0,0.0,0.0,0.0,0.0,0.0,0.0,0,0.0,0.0,1.0,89.0,13540015.0,1.0,0.6666667,0.0,0,0,0,0,1,0,0,0,0,0,0,0,0,0,0,0,0,1,0,0,0,0
22.0,0.0,0.0,0.0,0.0,0.0,0.0,0.0,0.0,11.0,0.18181818181818188,0.0,1.0,0.19999999999999998,0.0,1.0,0.47058823529411764,0.0,0.0,0,0.0,1.0,1.0,89.0,13310040.0,0.0,0.6666667,0.0,0,0,0,0,1,0,0,0,0,0,0,0,0,0,0,0,0,1,0,0,0,0
25.0,0.0,1.0,315.0,0.0,21.0,54.0,0.0,0.0,10.0,0.45454545454545436,0.0,1.0,0.09,0.0,0.7333333333333333,0.453781512605042,0.0,0.0,0,1.0,1.0,1.0,90.0,63530020.0,0.0,0.6681319,0.0,0,0,0,0,1,0,0,0,0,0,0,0,0,0,0,1,0,0,0,0,0,0
21.0,1.0,1.0,120.0,0.0,26.0,36.0,0.0,0.0,11.0,0.18181818181818188,0.0,0.0,0.0,0.0,0.0,0.0,0.0,0.0,1,1.0,0.0,1.0,90.0,66420010.0,1.0,0.6681319,1.0,0,0,0,0,1,0,0,0,0,0,0,0,0,0,0,0,0,1,0,0,0,0
24.0,0.0,1.0,0.0,350000.0,30.0,72.0,0.0,0.0,11.0,0.45454545454545436,0.0,0.0,0.0,0.0,0.0,0.0,0.0,0.0,0,0.0,0.0,1.0,90.0,66410105.0,1.0,0.6681319,0.0,0,0,0,0,1,0,0,0,0,0,0,0,0,0,0,0,0,1,0,0,0,0
23.0,1.0,1.0,420.0,0.0,30.0,54.0,0.0,0.0,11.0,0.2727272727272727,1.0,0.0,0.0,0.0,0.0,0.0,0.0,0.0,1,1.0,0.0,1.0,90.0,63530020.0,1.0,0.6681319,1.0,0,0,0,0,1,0,0,0,0,0,0,0,0,0,0,0,0,1,0,0,0,0
23.0,0.0,1.0,280.0,0.0,30.0,52.0,1.0,1.0,11.0,0.2727272727272727,0.0,0.0,0.0,0.0,0.0,0.0,0.0,0.0,0,1.0,0.0,1.0,90.0,63530020.0,0.0,0.6681319,0.0,0,0,0,0,1,0,0,0,0,0,0,0,0,0,0,0,0,1,0,0,0,0
21.0,0.0,1.0,800.0,0.0,15.0,70.0,0.0,0.0,10.0,0.09090909090909083,0.0,0.0,0.0,0.0,0.0,0.0,0.0,0.0,1,1.0,0.0,1.0,90.0,63530020.0,0.0,0.6681319,0.0,0,0,0,0,1,0,0,0,0,0,0,0,0,0,0,0,0,1,0,0,0,0
24.0,0.0,1.0,280.0,0.0,15.0,72.0,0.0,0.0,11.0,0.36363636363636354,0.0,1.0,0.0,0.16666666666666666,0.26666666666666666,0.11764705882352941,0.0,0.0,0,1.0,0.0,1.0,90.0,63550005.0,0.0,0.6681319,0.0,0,0,0,0,1,0,0,0,0,0,0,0,0,0,0,0,0,1,0,0,0,0
22.0,0.0,1.0,195.0,0.0,15.0,24.0,0.0,0.0,11.0,0.18181818181818188,0.0,0.0,0.0,0.0,0.0,0.0,0.0,0.0,1,1.0,0.0,1.0,90.0,63530020.0,0.0,0.6681319,0.0,0,0,0,0,1,0,0,0,0,0,0,0,0,0,0,0,0,1,0,0,0,0
24.0,1.0,1.0,0.0,450000.0,30.0,56.0,0.0,0.0,11.0,0.45454545454545436,0.0,0.0,0.0,0.0,0.0,0.0,0.0,0.0,0,0.0,0.0,1.0,90.0,63530020.0,0.0,0.6681319,0.0,0,0,0,0,1,0,0,0,0,0,0,0,0,0,0,0,0,0,1,0,0,0
22.0,0.0,1.0,180.0,0.0,15.0,32.0,0.0,0.0,11.0,0.36363636363636354,0.0,1.0,0.19999999999999998,0.0,0.6666666666666666,0.5378151260504201,0.0,0.0,1,1.0,1.0,1.0,90.0,66420010.0,0.0,0.6681319,0.0,0,0,0,0,1,0,0,0,0,0,0,0,0,0,0,0,0,1,0,0,0,0
21.0,1.0,0.0,0.0,0.0,0.0,0.0,0.0,0.0,8.0,0.18181818181818188,1.0,1.0,0.0,0.04444444444444444,0.26666666666666666,0.03361344537815126,0.0,0.0,1,0.0,0.0,1.0,90.0,63550005.0,1.0,0.6681319,1.0,0,0,0,0,1,0,0,0,0,0,0,0,0,0,1,0,0,0,0,0,0,0
24.0,0.0,0.0,0.0,0.0,0.0,0.0,0.0,0.0,11.0,0.45454545454545436,0.0,0.0,0.0,0.0,0.0,0.0,0.0,0.0,1,0.0,0.0,1.0,90.0,66420010.0,1.0,0.6681319,1.0,0,0,0,0,1,0,0,0,0,0,0,0,0,0,0,0,0,1,0,0,0,0
26.0,0.0,0.0,0.0,0.0,0.0,0.0,0.0,0.0,11.0,0.6363636363636365,0.0,0.0,0.0,0.0,0.0,0.0,0.0,0.0,1,0.0,0.0,1.0,90.0,66410105.0,1.0,0.6681319,1.0,0,0,0,0,1,0,0,0,0,0,0,0,0,0,0,0,0,1,0,0,0,0
25.0,1.0,1.0,408.0,0.0,20.0,60.0,1.0,1.0,11.0,0.45454545454545436,1.0,1.0,0.19999999999999998,0.0,1.0,0.47058823529411764,1.0,1.0,0,1.0,1.0,1.0,90.0,66410105.0,1.0,0.6681319,0.0,0,0,0,0,1,0,0,0,0,0,0,0,0,0,0,0,0,1,0,0,0,0
23.0,1.0,1.0,0.0,200000.0,12.0,70.0,0.0,0.0,11.0,0.36363636363636354,1.0,0.0,0.0,0.0,0.0,0.0,0.0,0.0,1,0.0,0.0,1.0,90.0,66410105.0,1.0,0.6681319,1.0,0,0,0,0,1,0,0,0,0,0,0,0,0,0,0,0,0,1,0,0,0,0
20.0,0.0,0.0,0.0,0.0,0.0,0.0,0.0,0.0,10.0,0.09090909090909083,0.0,0.0,0.0,0.0,0.0,0.0,0.0,0.0,0,0.0,0.0,1.0,90.0,66420010.0,0.0,0.6681319,0.0,0,0,0,0,1,0,0,0,0,0,0,0,0,0,0,1,0,0,0,0,0,0
25.0,1.0,0.0,0.0,0.0,0.0,0.0,0.0,0.0,9.0,0.45454545454545436,1.0,0.0,0.0,0.0,0.0,0.0,0.0,0.0,1,0.0,0.0,1.0,90.0,63550005.0,1.0,0.6681319,1.0,0,0,0,0,1,0,0,0,0,0,0,0,0,0,0,1,0,0,0,0,0,0
25.0,0.0,1.0,408.0,0.0,30.0,48.0,1.0,1.0,11.0,0.5454545454545452,0.0,1.0,0.09999999999999999,0.0,0.8,0.3529411764705882,0.0,0.0,1,1.0,1.0,1.0,90.0,66410105.0,1.0,0.6681319,1.0,0,0,0,0,1,0,0,0,0,0,0,0,0,0,0,0,0,1,0,0,0,0
24.0,0.0,1.0,381.5,0.0,28.0,56.0,1.0,1.0,11.0,0.45454545454545436,0.0,0.0,0.0,0.0,0.0,0.0,0.0,0.0,0,1.0,0.0,1.0,90.0,66410105.0,1.0,0.6681319,0.0,0,0,0,0,1,0,0,0,0,0,0,0,0,0,0,0,0,1,0,0,0,0
23.0,1.0,0.0,0.0,0.0,0.0,0.0,0.0,0.0,11.0,0.2727272727272727,1.0,1.0,0.06999999999999999,0.0,1.0,0.47058823529411764,0.0,0.0,0,0.0,1.0,1.0,90.0,63550005.0,1.0,0.6681319,0.0,0,0,0,0,1,0,0,0,0,0,0,0,0,0,0,0,0,1,0,0,0,0
22.0,0.0,0.0,0.0,0.0,0.0,0.0,0.0,0.0,11.0,0.18181818181818188,0.0,1.0,0.0,0.13333333333333333,0.23333333333333334,0.11764705882352941,0.0,0.0,0,0.0,0.0,1.0,90.0,63550005.0,0.0,0.6681319,0.0,0,0,0,0,1,0,0,0,0,0,0,0,0,0,0,0,0,1,0,0,0,0
25.0,1.0,0.0,0.0,0.0,0.0,0.0,0.0,0.0,11.0,0.45454545454545436,1.0,0.0,0.0,0.0,0.0,0.0,0.0,0.0,1,0.0,0.0,1.0,90.0,66420010.0,1.0,0.6681319,1.0,0,0,0,0,1,0,0,0,0,0,0,0,0,0,0,0,0,1,0,0,0,0
22.0,0.0,1.0,408.0,0.0,30.0,48.0,1.0,1.0,11.0,0.18181818181818188,0.0,0.0,0.0,0.0,0.0,0.0,0.0,0.0,1,1.0,0.0,1.0,90.0,63550005.0,0.0,0.6681319,0.0,0,0,0,0,1,0,0,0,0,0,0,0,0,0,0,0,0,1,0,0,0,0
26.0,1.0,1.0,408.0,0.0,15.0,40.0,1.0,1.0,11.0,0.5454545454545452,1.0,0.0,0.0,0.0,0.0,0.0,0.0,0.0,1,1.0,0.0,1.0,90.0,63530020.0,1.0,0.6681319,1.0,0,0,0,0,1,0,0,0,0,0,0,0,0,0,0,0,0,1,0,0,0,0
24.0,0.0,1.0,0.0,30000.0,2.0,18.0,0.0,0.0,11.0,0.45454545454545436,0.0,1.0,0.0,0.0,0.9333333333333333,0.1680672268907563,0.0,0.0,1,0.0,0.0,1.0,90.0,63530020.0,0.0,0.6681319,0.0,0,0,0,0,1,0,0,0,0,0,0,0,0,0,0,0,0,1,0,0,0,0
23.0,1.0,0.0,0.0,0.0,0.0,0.0,0.0,0.0,11.0,0.2727272727272727,0.0,1.0,0.32,0.0,0.4,0.1764705882352941,0.0,0.0,0,0.0,1.0,1.0,90.0,66410105.0,1.0,0.6681319,0.0,0,0,0,0,1,0,0,0,0,0,0,0,0,0,0,0,0,1,0,0,0,0
23.0,0.0,1.0,600.0,0.0,30.0,70.0,0.0,0.0,11.0,0.36363636363636354,0.0,1.0,0.13999999999999999,0.0,0.8,0.40336134453781514,0.0,0.0,1,1.0,1.0,1.0,90.0,63550005.0,0.0,0.6681319,0.0,0,0,0,0,1,0,0,0,0,0,0,0,0,0,0,1,0,0,0,0,0,0
26.0,0.0,1.0,0.0,200000.0,30.0,44.0,0.0,0.0,11.0,0.6363636363636365,0.0,1.0,0.24,0.0,0.8,0.40336134453781514,0.0,0.0,0,0.0,1.0,1.0,90.0,66420010.0,0.0,0.6681319,0.0,0,0,0,0,1,0,0,0,0,0,0,0,0,0,0,0,0,1,0,0,0,0
24.0,1.0,1.0,490.0,0.0,30.0,48.0,0.0,0.0,11.0,0.45454545454545436,1.0,0.0,0.0,0.0,0.0,0.0,0.0,0.0,0,1.0,0.0,1.0,90.0,66410105.0,1.0,0.6681319,0.0,0,0,0,0,1,0,0,0,0,0,0,0,0,0,0,0,0,1,0,0,0,0
24.0,0.0,1.0,190.0,0.0,8.0,48.0,0.0,1.0,10.0,0.45454545454545436,1.0,1.0,0.03,0.0,0.4,0.36974789915966383,0.0,0.0,1,1.0,1.0,1.0,90.0,63550005.0,0.0,0.6681319,0.0,0,0,0,0,1,0,0,0,0,0,0,0,0,0,0,0,0,1,0,0,0,0
20.0,0.0,0.0,0.0,0.0,0.0,0.0,0.0,0.0,11.0,0.09090909090909083,0.0,0.0,0.0,0.0,0.0,0.0,0.0,0.0,0,0.0,0.0,1.0,90.0,63530020.0,0.0,0.6681319,0.0,0,0,0,0,1,0,0,0,0,0,0,0,0,0,0,0,0,1,0,0,0,0
24.0,1.0,0.0,0.0,0.0,0.0,0.0,0.0,0.0,8.0,0.45454545454545436,1.0,1.0,0.0,0.14444444444444443,1.0,0.23529411764705882,0.0,0.0,0,0.0,0.0,1.0,90.0,66420010.0,1.0,0.6681319,0.0,0,0,0,0,1,0,0,0,0,0,0,0,1,0,0,0,0,0,0,0,0,0
20.0,0.0,1.0,408.0,0.0,30.0,60.0,0.0,1.0,11.0,0.09090909090909083,0.0,0.0,0.0,0.0,0.0,0.0,0.0,0.0,1,1.0,0.0,1.0,90.0,66410105.0,1.0,0.6681319,1.0,0,0,0,0,1,0,0,0,0,0,0,0,0,0,0,0,0,1,0,0,0,0
26.0,1.0,1.0,408.0,0.0,26.0,48.0,1.0,1.0,9.0,0.5454545454545452,0.0,1.0,0.288,0.0,0.8,0.40336134453781514,0.0,0.0,0,1.0,1.0,1.0,90.0,66420010.0,0.0,0.6681319,0.0,0,0,0,0,1,0,0,0,0,0,0,0,0,0,0,1,0,0,0,0,0,0
21.0,0.0,0.0,0.0,0.0,0.0,0.0,0.0,0.0,11.0,0.18181818181818188,0.0,0.0,0.0,0.0,0.0,0.0,0.0,0.0,0,0.0,0.0,1.0,90.0,66420010.0,0.0,0.6681319,0.0,0,0,0,0,1,0,0,0,0,0,0,0,0,0,0,0,0,1,0,0,0,0
23.0,1.0,1.0,0.0,450000.0,30.0,72.0,0.0,0.0,7.0,0.36363636363636354,0.0,1.0,0.0,0.13333333333333333,0.5,0.6050420168067226,0.0,0.0,0,0.0,0.0,1.0,90.0,63550005.0,0.0,0.6681319,0.0,0,0,0,0,1,0,0,0,0,0,0,0,0,1,0,0,0,0,0,0,0,0
25.0,1.0,1.0,424.0,0.0,26.0,90.0,1.0,1.0,11.0,0.45454545454545436,1.0,0.0,0.0,0.0,0.0,0.0,0.0,0.0,1,1.0,0.0,1.0,90.0,63530020.0,1.0,0.6681319,1.0,0,0,0,0,1,0,0,0,0,0,0,0,0,0,0,0,1,0,0,0,0,0
20.0,0.0,1.0,130.0,0.0,15.0,56.0,0.0,0.0,11.0,0.09090909090909083,0.0,0.0,0.0,0.0,0.0,0.0,0.0,0.0,1,1.0,0.0,1.0,91.0,66210010.0,0.0,0.6764706,0.0,0,0,0,0,1,0,0,0,0,0,0,0,0,0,0,0,0,1,0,0,0,0
22.0,0.0,1.0,830.0,0.0,17.0,40.0,1.0,0.0,13.0,0.18181818181818188,0.0,0.0,0.0,0.0,0.0,0.0,0.0,0.0,1,1.0,0.0,1.0,91.0,66210010.0,0.0,0.6764706,0.0,0,0,0,0,1,0,0,0,0,0,0,0,0,0,0,0,0,1,0,0,0,0
24.0,1.0,1.0,100.0,0.0,26.0,42.0,0.0,0.0,11.0,0.45454545454545436,1.0,0.0,0.0,0.0,0.0,0.0,0.0,0.0,0,1.0,0.0,1.0,91.0,66210010.0,1.0,0.6764706,0.0,0,0,0,0,1,0,0,0,0,0,0,0,0,0,0,0,0,1,0,0,0,0
23.0,0.0,0.0,0.0,0.0,0.0,0.0,0.0,0.0,11.0,0.36363636363636354,0.0,0.0,0.0,0.0,0.0,0.0,0.0,0.0,0,0.0,0.0,1.0,91.0,66210010.0,1.0,0.6764706,0.0,0,0,0,0,1,0,0,0,0,0,0,0,0,0,0,0,0,1,0,0,0,0
20.0,0.0,1.0,220.0,0.0,22.0,72.0,0.0,0.0,11.0,0.09090909090909083,0.0,0.0,0.0,0.0,0.0,0.0,0.0,0.0,0,1.0,0.0,1.0,91.0,66210010.0,1.0,0.6764706,0.0,0,0,0,0,1,0,0,0,0,0,0,0,0,0,0,0,0,1,0,0,0,0
25.0,0.0,1.0,150.0,0.0,30.0,60.0,0.0,0.0,9.0,0.5454545454545452,0.0,0.0,0.0,0.0,0.0,0.0,0.0,0.0,1,1.0,0.0,1.0,91.0,66210010.0,1.0,0.6764706,1.0,0,0,0,0,1,0,0,0,0,0,0,0,0,0,0,1,0,0,0,0,0,0
20.0,0.0,1.0,408.0,0.0,15.0,56.0,1.0,1.0,11.0,0.09090909090909083,0.0,0.0,0.0,0.0,0.0,0.0,0.0,0.0,1,1.0,0.0,1.0,91.0,66210010.0,0.0,0.6764706,0.0,0,0,0,0,1,0,0,0,0,0,0,0,0,0,0,0,0,1,0,0,0,0
24.0,1.0,0.0,0.0,0.0,0.0,0.0,0.0,0.0,11.0,0.45454545454545436,0.0,0.0,0.0,0.0,0.0,0.0,0.0,0.0,0,0.0,0.0,1.0,91.0,66210010.0,1.0,0.6764706,0.0,0,0,0,0,1,0,0,0,0,0,0,0,0,0,0,0,0,1,0,0,0,0
23.0,1.0,0.0,0.0,0.0,0.0,0.0,0.0,0.0,11.0,0.2727272727272727,0.0,1.0,0.09999999999999999,0.0,0.8666666666666667,0.453781512605042,0.0,0.0,0,0.0,1.0,1.0,91.0,66210010.0,1.0,0.6764706,0.0,0,0,0,0,1,0,0,0,0,0,0,0,0,0,0,0,0,1,0,0,0,0
22.0,0.0,0.0,0.0,0.0,0.0,0.0,0.0,0.0,11.0,0.2727272727272727,0.0,0.0,0.0,0.0,0.0,0.0,0.0,0.0,0,0.0,0.0,1.0,91.0,66210010.0,1.0,0.6764706,0.0,0,0,0,0,1,0,0,0,0,0,0,0,0,0,0,0,0,1,0,0,0,0
23.0,1.0,1.0,0.0,100000.0,7.0,48.0,0.0,0.0,11.0,0.2727272727272727,1.0,0.0,0.0,0.0,0.0,0.0,0.0,0.0,0,0.0,0.0,1.0,92.0,63240050.0,1.0,0.6666667,0.0,0,0,0,0,1,0,0,0,0,0,0,0,0,0,0,0,0,1,0,0,0,0
22.0,1.0,1.0,144.0,0.0,20.0,40.0,0.0,1.0,11.0,0.18181818181818188,1.0,0.0,0.0,0.0,0.0,0.0,0.0,0.0,1,1.0,0.0,1.0,92.0,63240050.0,1.0,0.6666667,1.0,0,0,0,0,1,0,0,0,0,0,0,0,0,0,0,0,0,1,0,0,0,0
25.0,1.0,1.0,381.5,0.0,30.0,56.0,1.0,1.0,11.0,0.45454545454545436,1.0,1.0,0.0,0.14444444444444443,0.8,0.40336134453781514,0.0,0.0,1,1.0,0.0,1.0,92.0,13710005.0,0.0,0.6666667,0.0,0,0,0,0,1,0,0,0,0,0,0,0,0,0,0,0,0,1,0,0,0,0
24.0,1.0,0.0,0.0,0.0,0.0,0.0,0.0,0.0,11.0,0.36363636363636354,1.0,0.0,0.0,0.0,0.0,0.0,0.0,0.0,0,0.0,0.0,1.0,92.0,96170050.0,1.0,0.6666667,0.0,0,0,0,0,1,0,0,0,0,0,0,0,0,0,0,0,0,1,0,0,0,0
21.0,1.0,1.0,250.0,0.0,30.0,40.0,0.0,0.0,11.0,0.09090909090909083,0.0,1.0,0.19999999999999998,0.0,1.0,0.47058823529411764,1.0,1.0,0,1.0,1.0,1.0,92.0,13710005.0,1.0,0.6666667,0.0,0,0,0,0,1,0,0,0,0,0,0,0,0,0,1,0,0,0,0,0,0,0
24.0,1.0,1.0,408.0,0.0,30.0,63.0,0.0,1.0,12.0,0.45454545454545436,0.0,1.0,0.36,0.0,0.8666666666666667,0.40336134453781514,0.0,0.0,1,1.0,1.0,1.0,92.0,13420120.0,0.0,0.6666667,0.0,0,0,0,0,1,0,0,0,0,0,0,0,0,0,0,0,0,1,0,0,0,0
26.0,1.0,0.0,0.0,0.0,0.0,0.0,0.0,0.0,11.0,0.5454545454545452,0.0,0.0,0.0,0.0,0.0,0.0,0.0,0.0,1,0.0,0.0,1.0,92.0,13710005.0,1.0,0.6666667,1.0,0,0,0,0,1,0,0,0,0,0,0,0,0,0,0,0,0,1,0,0,0,0
22.0,1.0,1.0,392.0,0.0,30.0,63.0,0.0,1.0,11.0,0.2727272727272727,0.0,0.0,0.0,0.0,0.0,0.0,0.0,0.0,1,1.0,0.0,1.0,92.0,13420120.0,0.0,0.6666667,0.0,0,0,0,0,1,0,0,0,0,0,0,0,0,0,1,0,0,0,0,0,0,0
25.0,1.0,1.0,408.0,0.0,30.0,56.0,1.0,1.0,5.0,0.5454545454545452,1.0,1.0,0.0,0.5555555555555555,0.8666666666666667,0.7058823529411764,0.0,0.0,0,1.0,0.0,1.0,92.0,13710005.0,0.0,0.6666667,0.0,0,0,0,0,1,0,0,0,0,0,0,0,1,0,0,0,0,0,0,0,0,0
21.0,0.0,0.0,0.0,0.0,0.0,0.0,0.0,0.0,11.0,0.18181818181818188,0.0,1.0,0.19999999999999998,0.0,1.0,0.5882352941176471,0.0,0.0,1,0.0,1.0,1.0,92.0,96170050.0,1.0,0.6666667,1.0,0,0,0,0,1,0,0,0,0,0,0,0,0,0,0,0,0,1,0,0,0,0
22.0,0.0,1.0,160.0,0.0,30.0,48.0,0.0,0.0,11.0,0.2727272727272727,0.0,1.0,0.5,0.0,0.8,0.3361344537815126,0.0,0.0,0,1.0,1.0,1.0,92.0,13710005.0,0.0,0.6666667,0.0,0,0,0,0,1,0,0,0,0,0,0,0,0,0,0,0,0,1,0,0,0,0
21.0,1.0,1.0,0.0,80000.0,16.0,28.0,0.0,0.0,11.0,0.09090909090909083,1.0,0.0,0.0,0.0,0.0,0.0,0.0,0.0,0,0.0,0.0,1.0,92.0,96170050.0,1.0,0.6666667,0.0,0,0,0,0,1,0,0,0,0,0,0,0,0,0,0,0,0,1,0,0,0,0
25.0,0.0,1.0,200.0,0.0,30.0,48.0,0.0,0.0,11.0,0.5454545454545452,0.0,0.0,0.0,0.0,0.0,0.0,0.0,0.0,0,1.0,0.0,1.0,92.0,13420120.0,1.0,0.6666667,0.0,0,0,0,0,1,0,0,0,0,0,0,0,0,0,0,0,0,1,0,0,0,0
22.0,0.0,1.0,312.0,0.0,26.0,60.0,0.0,0.0,11.0,0.18181818181818188,0.0,0.0,0.0,0.0,0.0,0.0,0.0,0.0,0,1.0,0.0,1.0,92.0,13420120.0,0.0,0.6666667,0.0,0,0,0,0,1,0,0,0,0,0,0,0,0,0,0,0,0,1,0,0,0,0
24.0,1.0,0.0,0.0,0.0,0.0,0.0,0.0,0.0,11.0,0.36363636363636354,0.0,0.0,0.0,0.0,0.0,0.0,0.0,0.0,0,0.0,0.0,1.0,92.0,13710005.0,1.0,0.6666667,0.0,0,0,0,0,1,0,0,0,0,0,0,0,0,0,0,0,0,1,0,0,0,0
25.0,0.0,1.0,450.0,0.0,30.0,84.0,1.0,1.0,11.0,0.45454545454545436,0.0,0.0,0.0,0.0,0.0,0.0,0.0,0.0,1,1.0,0.0,1.0,92.0,96170050.0,0.0,0.6666667,0.0,0,0,0,0,1,0,0,0,0,0,0,0,0,0,0,0,0,1,0,0,0,0
23.0,1.0,1.0,0.0,80000.0,30.0,48.0,0.0,0.0,9.0,0.36363636363636354,1.0,0.0,0.0,0.0,0.0,0.0,0.0,0.0,0,0.0,0.0,1.0,92.0,96170050.0,1.0,0.6666667,0.0,0,0,0,0,1,0,0,0,0,0,0,0,0,1,0,0,0,0,0,0,0,0
23.0,1.0,0.0,0.0,0.0,0.0,0.0,0.0,0.0,11.0,0.2727272727272727,1.0,0.0,0.0,0.0,0.0,0.0,0.0,0.0,1,0.0,0.0,1.0,92.0,13710005.0,1.0,0.6666667,1.0,0,0,0,0,1,0,0,0,0,0,0,0,0,0,0,0,0,1,0,0,0,0
25.0,0.0,1.0,500.0,0.0,26.0,48.0,1.0,1.0,11.0,0.45454545454545436,0.0,1.0,0.358,0.0,0.8,0.40336134453781514,0.0,0.0,0,1.0,1.0,1.0,92.0,13420120.0,0.0,0.6666667,0.0,0,0,0,0,1,0,0,0,0,0,0,0,0,0,0,0,0,1,0,0,0,0
26.0,1.0,1.0,0.0,200000.0,18.0,28.0,0.0,0.0,11.0,0.6363636363636365,0.0,1.0,0.0,0.2222222222222222,0.5,0.3361344537815126,0.0,0.0,0,0.0,0.0,1.0,92.0,13420120.0,0.0,0.6666667,0.0,0,0,0,0,1,0,0,0,0,0,0,0,0,0,0,0,0,1,0,0,0,0
21.0,0.0,0.0,0.0,0.0,0.0,0.0,0.0,0.0,11.0,0.18181818181818188,0.0,1.0,0.0,0.0,0.8,0.6050420168067226,0.0,0.0,0,0.0,0.0,1.0,92.0,13420120.0,0.0,0.6666667,0.0,0,0,0,0,1,0,0,0,0,0,0,0,0,0,1,0,0,0,0,0,0,0
26.0,1.0,1.0,0.0,300000.0,15.0,33.0,0.0,0.0,11.0,0.6363636363636365,1.0,1.0,0.0,0.13333333333333333,1.0,0.7058823529411764,0.0,0.0,0,0.0,0.0,1.0,92.0,13420120.0,0.0,0.6666667,0.0,0,0,0,0,1,0,0,0,0,0,0,0,0,0,0,0,0,1,0,0,0,0
21.0,1.0,0.0,0.0,0.0,0.0,0.0,0.0,0.0,11.0,0.09090909090909083,1.0,0.0,0.0,0.0,0.0,0.0,0.0,0.0,0,0.0,0.0,1.0,92.0,13710005.0,1.0,0.6666667,0.0,0,0,0,0,1,0,0,0,0,0,0,0,0,0,0,0,0,1,0,0,0,0
24.0,0.0,1.0,408.0,0.0,26.0,54.0,1.0,1.0,11.0,0.36363636363636354,0.0,0.0,0.0,0.0,0.0,0.0,0.0,0.0,1,1.0,0.0,1.0,92.0,13420120.0,1.0,0.6666667,1.0,0,0,0,0,1,0,0,0,0,0,0,0,0,0,0,0,0,1,0,0,0,0
21.0,0.0,1.0,150.0,0.0,22.0,45.0,0.0,0.0,11.0,0.18181818181818188,0.0,1.0,0.358,0.0,0.8,0.40336134453781514,0.0,0.0,0,1.0,1.0,1.0,92.0,63240050.0,1.0,0.6666667,0.0,0,0,0,0,1,0,0,0,0,0,0,0,0,0,0,0,0,1,0,0,0,0
21.0,0.0,1.0,450.0,0.0,30.0,77.0,0.0,0.0,11.0,0.09090909090909083,0.0,1.0,0.19999999999999998,0.0,1.0,0.47058823529411764,0.0,0.0,1,1.0,1.0,1.0,92.0,13420120.0,0.0,0.6666667,0.0,0,0,0,0,1,0,0,0,0,0,0,0,0,0,0,0,1,0,0,0,0,0
27.0,0.0,1.0,300.0,0.0,25.0,48.0,0.0,0.0,8.0,0.6363636363636365,0.0,1.0,0.0,0.13333333333333333,1.0,0.5882352941176471,0.0,0.0,0,1.0,0.0,1.0,92.0,13420120.0,1.0,0.6666667,0.0,0,0,0,0,1,0,0,0,0,0,0,0,0,0,0,1,0,0,0,0,0,0
22.0,0.0,1.0,0.0,0.0,22.0,36.0,0.0,0.0,11.0,0.18181818181818188,0.0,0.0,0.0,0.0,0.0,0.0,0.0,0.0,0,0.0,0.0,1.0,92.0,96170050.0,0.0,0.6666667,0.0,0,0,0,0,1,0,0,0,0,0,0,0,0,0,0,0,0,1,0,0,0,0
22.0,1.0,1.0,130.0,0.0,26.0,66.0,0.0,0.0,11.0,0.18181818181818188,0.0,0.0,0.0,0.0,0.0,0.0,0.0,0.0,1,1.0,0.0,1.0,92.0,13420120.0,0.0,0.6666667,0.0,0,0,0,0,1,0,0,0,0,0,0,0,0,0,0,0,0,1,0,0,0,0
24.0,1.0,1.0,408.0,0.0,30.0,70.0,1.0,0.0,11.0,0.45454545454545436,1.0,1.0,0.358,0.0,0.9333333333333333,0.5882352941176471,1.0,0.0,1,1.0,1.0,1.0,92.0,13710005.0,1.0,0.6666667,1.0,0,0,0,0,1,0,0,0,0,0,0,0,0,0,0,0,0,1,0,0,0,0
23.0,0.0,1.0,40.0,0.0,16.0,24.0,0.0,0.0,11.0,0.36363636363636354,0.0,1.0,0.16999999999999998,0.0,0.5,0.20168067226890757,0.0,0.0,0,1.0,1.0,1.0,92.0,63240050.0,1.0,0.6666667,0.0,0,0,0,0,1,0,0,0,0,0,0,0,0,0,0,0,0,1,0,0,0,0
22.0,0.0,1.0,0.0,90000.0,7.0,48.0,0.0,0.0,11.0,0.18181818181818188,0.0,0.0,0.0,0.0,0.0,0.0,0.0,0.0,0,0.0,0.0,1.0,92.0,96170050.0,1.0,0.6666667,0.0,0,0,0,0,1,0,0,0,0,0,0,0,0,0,0,0,0,1,0,0,0,0
26.0,0.0,1.0,430.0,0.0,12.0,18.0,1.0,1.0,11.0,0.6363636363636365,0.0,1.0,0.12,0.0,0.26666666666666666,0.13445378151260504,0.0,0.0,1,1.0,1.0,1.0,92.0,13710005.0,0.0,0.6666667,0.0,0,0,0,0,1,0,0,0,0,0,0,0,0,0,1,0,0,0,0,0,0,0
24.0,0.0,1.0,60.0,0.0,22.0,40.0,0.0,0.0,11.0,0.45454545454545436,0.0,1.0,0.0,0.03333333333333333,1.0,0.3361344537815126,0.0,0.0,1,1.0,0.0,1.0,92.0,96170050.0,1.0,0.6666667,1.0,0,0,0,0,1,0,0,0,0,0,0,0,0,0,0,0,0,1,0,0,0,0
25.0,0.0,1.0,408.0,0.0,26.0,60.0,1.0,1.0,11.0,0.45454545454545436,0.0,1.0,0.09999999999999999,0.0,0.4,0.3277310924369748,0.0,0.0,1,1.0,1.0,1.0,92.0,13420120.0,0.0,0.6666667,0.0,0,0,0,0,1,0,0,0,0,0,0,0,0,0,0,0,0,1,0,0,0,0
20.0,0.0,0.0,0.0,0.0,0.0,0.0,0.0,0.0,11.0,0.09090909090909083,0.0,0.0,0.0,0.0,0.0,0.0,0.0,0.0,0,0.0,0.0,1.0,92.0,13710005.0,1.0,0.6666667,0.0,0,0,0,0,1,0,0,0,0,0,0,0,0,0,0,0,0,1,0,0,0,0
24.0,0.0,1.0,0.0,70000.0,15.0,36.0,0.0,0.0,11.0,0.45454545454545436,0.0,0.0,0.0,0.0,0.0,0.0,0.0,0.0,1,0.0,0.0,1.0,92.0,63240050.0,1.0,0.6666667,1.0,0,0,0,0,1,0,0,0,0,0,0,0,0,0,0,0,0,1,0,0,0,0
25.0,0.0,1.0,0.0,80000.0,8.0,20.0,0.0,0.0,11.0,0.5454545454545452,0.0,1.0,0.15,0.0,0.4,0.05042016806722689,0.0,0.0,0,0.0,1.0,1.0,92.0,13420120.0,1.0,0.6666667,0.0,0,0,0,0,1,0,0,0,0,0,0,0,0,0,0,0,0,1,0,0,0,0
23.0,0.0,1.0,408.0,0.0,30.0,72.0,0.0,0.0,11.0,0.2727272727272727,0.0,1.0,0.0,0.15555555555555556,1.0,0.40336134453781514,0.0,0.0,1,1.0,0.0,1.0,92.0,63240050.0,1.0,0.6666667,1.0,0,0,0,0,1,0,0,0,0,0,0,0,0,0,0,0,0,1,0,0,0,0
25.0,1.0,1.0,0.0,150000.0,15.0,48.0,0.0,0.0,11.0,0.45454545454545436,1.0,0.0,0.0,0.0,0.0,0.0,0.0,0.0,0,0.0,0.0,1.0,92.0,13710005.0,0.0,0.6666667,0.0,0,0,0,0,1,0,0,0,0,0,0,0,0,0,0,0,0,1,0,0,0,0
24.0,1.0,1.0,0.0,70000.0,30.0,63.0,0.0,0.0,11.0,0.45454545454545436,1.0,1.0,0.0,0.26666666666666666,0.3333333333333333,0.11764705882352941,0.0,0.0,1,0.0,0.0,1.0,92.0,13710005.0,0.0,0.6666667,0.0,0,0,0,0,1,0,0,0,0,0,0,0,0,0,0,0,0,1,0,0,0,0
21.0,0.0,1.0,408.0,0.0,26.0,72.0,1.0,1.0,11.0,0.09090909090909083,0.0,0.0,0.0,0.0,0.0,0.0,0.0,0.0,1,1.0,0.0,1.0,92.0,96170050.0,1.0,0.6666667,1.0,0,0,0,0,1,0,0,0,0,0,0,0,0,0,0,0,0,1,0,0,0,0
24.0,0.0,1.0,0.0,120000.0,26.0,21.0,0.0,0.0,11.0,0.36363636363636354,0.0,1.0,0.0,0.16666666666666666,0.8,0.13445378151260504,0.0,0.0,0,0.0,0.0,1.0,92.0,96170050.0,1.0,0.6666667,0.0,0,0,0,0,1,0,0,0,0,0,0,0,0,0,0,0,0,1,0,0,0,0
25.0,0.0,1.0,0.0,0.0,4.0,32.0,0.0,0.0,11.0,0.45454545454545436,0.0,1.0,0.08,0.0,1.0,0.5882352941176471,0.0,0.0,1,0.0,1.0,1.0,92.0,63240050.0,1.0,0.6666667,1.0,0,0,0,0,1,0,0,0,0,0,0,0,0,0,0,0,0,1,0,0,0,0
20.0,0.0,1.0,500.0,0.0,26.0,84.0,1.0,1.0,11.0,0.09090909090909083,0.0,1.0,0.19999999999999998,0.0,0.8666666666666667,0.3529411764705882,0.0,1.0,0,1.0,1.0,1.0,92.0,13420120.0,0.0,0.6666667,0.0,0,0,0,0,1,0,0,0,0,0,0,0,0,0,0,0,0,1,0,0,0,0
25.0,0.0,0.0,0.0,0.0,0.0,0.0,0.0,0.0,7.0,0.5454545454545452,0.0,0.0,0.0,0.0,0.0,0.0,0.0,0.0,1,0.0,0.0,1.0,93.0,63720005.0,1.0,0.6666667,1.0,0,0,0,0,0,1,0,0,0,0,0,0,0,0,0,1,0,0,0,0,0,0
24.0,0.0,0.0,0.0,0.0,0.0,0.0,0.0,0.0,11.0,0.45454545454545436,0.0,0.0,0.0,0.0,0.0,0.0,0.0,0.0,1,0.0,0.0,1.0,93.0,13610005.0,0.0,0.6666667,0.0,0,0,0,0,0,1,0,0,0,0,0,0,0,0,0,0,0,1,0,0,0,0
23.0,0.0,1.0,408.0,0.0,26.0,48.0,1.0,1.0,11.0,0.36363636363636354,0.0,1.0,0.0,0.26666666666666666,1.0,0.3529411764705882,0.0,0.0,0,1.0,0.0,1.0,93.0,13610005.0,0.0,0.6666667,0.0,0,0,0,0,0,1,0,0,0,0,0,0,0,0,0,0,0,1,0,0,0,0
23.0,0.0,0.0,0.0,0.0,0.0,0.0,0.0,0.0,11.0,0.36363636363636354,0.0,0.0,0.0,0.0,0.0,0.0,0.0,0.0,1,0.0,0.0,1.0,93.0,13120005.0,0.0,0.6666667,0.0,0,0,0,0,0,1,0,0,0,0,0,0,0,0,0,0,0,1,0,0,0,0
23.0,1.0,0.0,0.0,0.0,0.0,0.0,0.0,0.0,5.0,0.36363636363636354,1.0,1.0,0.19999999999999998,0.0,0.8,0.4369747899159664,0.0,0.0,1,0.0,1.0,1.0,93.0,63240035.0,1.0,0.6666667,1.0,0,0,0,0,0,1,0,0,0,0,0,1,0,0,0,0,0,0,0,0,0,0
24.0,1.0,1.0,442.0,0.0,26.0,60.0,0.0,0.0,11.0,0.45454545454545436,0.0,0.0,0.0,0.0,0.0,0.0,0.0,0.0,1,1.0,0.0,1.0,93.0,63720005.0,1.0,0.6666667,1.0,0,0,0,0,0,1,0,0,0,0,0,0,0,0,0,0,0,1,0,0,0,0
24.0,0.0,1.0,215.0,0.0,15.0,24.0,0.0,0.0,11.0,0.36363636363636354,0.0,0.0,0.0,0.0,0.0,0.0,0.0,0.0,1,1.0,0.0,1.0,93.0,63530020.0,0.0,0.6666667,0.0,0,0,0,0,0,1,0,0,0,0,0,0,0,0,0,0,0,1,0,0,0,0
25.0,1.0,1.0,260.0,0.0,13.0,13.0,0.0,0.0,9.0,0.5454545454545452,1.0,0.0,0.0,0.0,0.0,0.0,0.0,0.0,1,1.0,0.0,1.0,93.0,13120005.0,1.0,0.6666667,1.0,0,0,0,0,0,1,0,0,0,0,0,0,0,0,0,1,0,0,0,0,0,0
20.0,0.0,1.0,180.0,0.0,22.0,25.0,0.0,0.0,10.0,0.09090909090909083,0.0,0.0,0.0,0.0,0.0,0.0,0.0,0.0,1,1.0,0.0,1.0,93.0,13120005.0,0.0,0.6666667,0.0,0,0,0,0,0,1,0,0,0,0,0,0,0,0,0,1,0,0,0,0,0,0
21.0,0.0,1.0,200.0,0.0,27.0,54.0,0.0,1.0,11.0,0.18181818181818188,0.0,0.0,0.0,0.0,0.0,0.0,0.0,0.0,1,1.0,0.0,1.0,93.0,63530020.0,0.0,0.6666667,0.0,0,0,0,0,0,1,0,0,0,0,0,0,0,0,0,0,0,1,0,0,0,0
21.0,0.0,0.0,0.0,0.0,0.0,0.0,0.0,0.0,11.0,0.09090909090909083,0.0,0.0,0.0,0.0,0.0,0.0,0.0,0.0,1,0.0,0.0,1.0,93.0,13120005.0,1.0,0.6666667,1.0,0,0,0,0,0,1,0,0,0,0,0,0,0,0,0,0,0,1,0,0,0,0
23.0,1.0,1.0,0.0,150000.0,15.0,24.0,0.0,0.0,11.0,0.36363636363636354,0.0,1.0,0.0,0.06666666666666667,0.6666666666666666,0.3361344537815126,0.0,0.0,1,0.0,0.0,1.0,93.0,63530020.0,0.0,0.6666667,0.0,0,0,0,0,0,1,0,0,0,0,0,0,0,0,0,0,0,1,0,0,0,0
22.0,0.0,1.0,408.0,0.0,30.0,60.0,1.0,1.0,11.0,0.18181818181818188,0.0,0.0,0.0,0.0,0.0,0.0,0.0,0.0,0,1.0,0.0,1.0,93.0,13120005.0,0.0,0.6666667,0.0,0,0,0,0,0,1,0,0,0,0,0,0,0,0,0,0,0,1,0,0,0,0
23.0,0.0,1.0,280.0,0.0,15.0,40.0,0.0,0.0,9.0,0.2727272727272727,0.0,0.0,0.0,0.0,0.0,0.0,0.0,0.0,0,1.0,0.0,1.0,93.0,63530020.0,0.0,0.6666667,0.0,0,0,0,0,0,1,0,0,0,0,0,0,0,0,0,1,0,0,0,0,0,0
20.0,0.0,1.0,480.0,0.0,28.0,72.0,0.0,0.0,11.0,0.09090909090909083,0.0,1.0,0.3,0.0,1.0,0.7058823529411764,0.0,0.0,0,1.0,1.0,1.0,93.0,63240035.0,1.0,0.6666667,0.0,0,0,0,0,0,1,0,0,0,0,0,0,0,0,0,0,0,1,0,0,0,0
21.0,0.0,0.0,0.0,0.0,0.0,0.0,0.0,0.0,11.0,0.18181818181818188,0.0,1.0,0.13999999999999999,0.0,0.6666666666666666,0.3361344537815126,0.0,0.0,1,0.0,1.0,1.0,93.0,13610005.0,0.0,0.6666667,0.0,0,0,0,0,0,1,0,0,0,0,0,0,0,0,0,0,0,1,0,0,0,0
23.0,0.0,1.0,100.0,0.0,12.0,77.0,0.0,0.0,11.0,0.36363636363636354,0.0,0.0,0.0,0.0,0.0,0.0,0.0,0.0,1,1.0,0.0,1.0,93.0,13120005.0,1.0,0.6666667,1.0,0,0,0,0,0,1,0,0,0,0,0,0,0,0,0,0,0,1,0,0,0,0
22.0,0.0,1.0,197.0,0.0,20.0,36.0,0.0,0.0,11.0,0.18181818181818188,0.0,0.0,0.0,0.0,0.0,0.0,0.0,0.0,0,1.0,0.0,1.0,93.0,63720005.0,1.0,0.6666667,0.0,0,0,0,0,0,1,0,0,0,0,0,0,0,0,0,0,0,1,0,0,0,0
22.0,1.0,1.0,250.0,0.0,10.0,20.0,0.0,0.0,11.0,0.2727272727272727,0.0,1.0,0.16999999999999998,0.0,0.8,0.6050420168067226,0.0,1.0,1,1.0,1.0,1.0,93.0,63530020.0,1.0,0.6666667,1.0,0,0,0,0,0,1,0,0,0,0,0,0,0,0,0,0,0,1,0,0,0,0
21.0,0.0,1.0,408.0,0.0,26.0,84.0,0.0,1.0,11.0,0.18181818181818188,0.0,0.0,0.0,0.0,0.0,0.0,0.0,0.0,0,1.0,0.0,1.0,93.0,63530020.0,1.0,0.6666667,0.0,0,0,0,0,0,1,0,0,0,0,0,0,0,0,0,0,0,1,0,0,0,0
26.0,1.0,0.0,0.0,0.0,0.0,0.0,0.0,0.0,6.0,0.5454545454545452,1.0,0.0,0.0,0.0,0.0,0.0,0.0,0.0,0,0.0,0.0,1.0,93.0,63720005.0,1.0,0.6666667,0.0,0,0,0,0,0,1,0,0,0,0,0,0,0,1,0,0,0,0,0,0,0,0
23.0,0.0,1.0,0.0,200000.0,22.0,30.0,0.0,0.0,11.0,0.2727272727272727,0.0,1.0,0.358,0.0,0.8,0.40336134453781514,1.0,1.0,0,0.0,1.0,1.0,93.0,63720005.0,0.0,0.6666667,0.0,0,0,0,0,0,1,0,0,0,0,0,0,0,0,0,0,0,1,0,0,0,0
27.0,0.0,1.0,240.0,0.0,25.0,70.0,0.0,0.0,11.0,0.6363636363636365,0.0,0.0,0.0,0.0,0.0,0.0,0.0,0.0,1,1.0,0.0,1.0,93.0,13120005.0,1.0,0.6666667,1.0,0,0,0,0,0,1,0,0,0,0,0,0,0,0,0,0,0,1,0,0,0,0
21.0,1.0,1.0,400.0,0.0,26.0,55.0,0.0,0.0,11.0,0.09090909090909083,1.0,0.0,0.0,0.0,0.0,0.0,0.0,0.0,0,1.0,0.0,1.0,93.0,63240035.0,1.0,0.6666667,0.0,0,0,0,0,0,1,0,0,0,0,0,0,0,0,0,0,0,1,0,0,0,0
22.0,0.0,1.0,300.0,0.0,29.0,84.0,0.0,0.0,11.0,0.18181818181818188,0.0,1.0,0.12,0.0,0.8,0.5042016806722689,0.0,0.0,1,1.0,1.0,1.0,93.0,63720005.0,1.0,0.6666667,1.0,0,0,0,0,0,1,0,0,0,0,0,0,0,0,0,0,0,1,0,0,0,0
22.0,0.0,1.0,328.0,0.0,26.0,46.0,0.0,1.0,11.0,0.2727272727272727,0.0,0.0,0.0,0.0,0.0,0.0,0.0,0.0,1,1.0,0.0,1.0,93.0,63720005.0,1.0,0.6666667,1.0,0,0,0,0,0,1,0,0,0,0,0,0,0,0,0,0,0,1,0,0,0,0
23.0,0.0,1.0,180.0,0.0,26.0,37.0,0.0,0.0,11.0,0.2727272727272727,0.0,1.0,0.24,0.0,1.0,0.7058823529411764,0.0,0.0,1,1.0,1.0,1.0,93.0,13610005.0,1.0,0.6666667,1.0,0,0,0,0,0,1,0,0,0,0,0,0,0,0,0,0,0,1,0,0,0,0
26.0,0.0,1.0,408.0,0.0,6.0,48.0,1.0,1.0,11.0,0.6363636363636365,0.0,0.0,0.0,0.0,0.0,0.0,0.0,0.0,0,1.0,0.0,1.0,93.0,63530020.0,0.0,0.6666667,0.0,0,0,0,0,0,1,0,0,0,0,0,0,0,0,0,0,0,1,0,0,0,0
22.0,0.0,1.0,0.0,200000.0,12.0,40.0,0.0,0.0,11.0,0.2727272727272727,0.0,0.0,0.0,0.0,0.0,0.0,0.0,0.0,1,0.0,0.0,1.0,93.0,63530020.0,1.0,0.6666667,1.0,0,0,0,0,0,1,0,0,0,0,0,0,0,0,0,0,0,1,0,0,0,0
22.0,0.0,0.0,0.0,0.0,0.0,0.0,0.0,0.0,11.0,0.18181818181818188,0.0,0.0,0.0,0.0,0.0,0.0,0.0,0.0,0,0.0,0.0,1.0,93.0,13610005.0,1.0,0.6666667,0.0,0,0,0,0,0,1,0,0,0,0,0,0,0,0,0,0,0,1,0,0,0,0
24.0,1.0,1.0,0.0,100000.0,12.0,21.0,0.0,0.0,7.0,0.45454545454545436,1.0,0.0,0.0,0.0,0.0,0.0,0.0,0.0,1,0.0,0.0,1.0,93.0,63240035.0,1.0,0.6666667,1.0,0,0,0,0,0,1,0,0,0,0,0,0,0,0,1,0,0,0,0,0,0,0
22.0,0.0,0.0,0.0,0.0,0.0,0.0,0.0,0.0,11.0,0.18181818181818188,0.0,0.0,0.0,0.0,0.0,0.0,0.0,0.0,1,0.0,0.0,1.0,93.0,13610005.0,1.0,0.6666667,1.0,0,0,0,0,0,1,0,0,0,0,0,0,0,0,0,0,0,1,0,0,0,0
27.0,1.0,1.0,560.0,0.0,24.0,48.0,1.0,1.0,9.0,0.6363636363636365,1.0,0.0,0.0,0.0,0.0,0.0,0.0,0.0,0,1.0,0.0,1.0,93.0,13610005.0,0.0,0.6666667,0.0,0,0,0,0,0,1,0,0,0,0,0,1,0,0,0,0,0,0,0,0,0,0
20.0,0.0,1.0,400.0,0.0,26.0,54.0,0.0,0.0,11.0,0.09090909090909083,0.0,0.0,0.0,0.0,0.0,0.0,0.0,0.0,0,1.0,0.0,1.0,93.0,13610005.0,0.0,0.6666667,0.0,0,0,0,0,0,1,0,0,0,0,0,0,0,0,0,1,0,0,0,0,0,0
24.0,0.0,1.0,400.0,0.0,24.0,60.0,0.0,0.0,11.0,0.45454545454545436,0.0,1.0,0.19999999999999998,0.0,0.5,0.3529411764705882,0.0,0.0,1,1.0,1.0,1.0,93.0,63240035.0,1.0,0.6666667,1.0,0,0,0,0,0,1,0,0,0,0,0,0,0,0,0,0,1,0,0,0,0,0
23.0,0.0,1.0,220.0,0.0,30.0,84.0,1.0,0.0,11.0,0.36363636363636354,0.0,0.0,0.0,0.0,0.0,0.0,0.0,0.0,0,1.0,0.0,1.0,93.0,63240035.0,1.0,0.6666667,0.0,0,0,0,0,0,1,0,0,0,0,0,0,0,0,0,0,0,1,0,0,0,0
25.0,0.0,0.0,0.0,0.0,0.0,0.0,0.0,0.0,11.0,0.45454545454545436,0.0,0.0,0.0,0.0,0.0,0.0,0.0,0.0,0,0.0,0.0,1.0,93.0,13610005.0,0.0,0.6666667,0.0,0,0,0,0,0,1,0,0,0,0,0,0,0,0,0,0,0,1,0,0,0,0
20.0,0.0,1.0,408.0,0.0,24.0,48.0,1.0,1.0,11.0,0.09090909090909083,0.0,0.0,0.0,0.0,0.0,0.0,0.0,0.0,0,1.0,0.0,1.0,93.0,63530020.0,0.0,0.6666667,0.0,0,0,0,0,0,1,0,0,0,0,0,0,0,0,0,0,0,1,0,0,0,0
24.0,0.0,0.0,0.0,0.0,0.0,0.0,0.0,0.0,11.0,0.36363636363636354,0.0,0.0,0.0,0.0,0.0,0.0,0.0,0.0,0,0.0,0.0,1.0,93.0,13120005.0,1.0,0.6666667,0.0,0,0,0,0,0,1,0,0,0,0,0,0,0,0,0,0,0,1,0,0,0,0
22.0,0.0,1.0,180.0,0.0,12.0,18.0,0.0,0.0,8.0,0.2727272727272727,0.0,1.0,0.12,0.0,1.0,0.29411764705882354,0.0,0.0,0,1.0,1.0,1.0,93.0,13610005.0,1.0,0.6666667,0.0,0,0,0,0,0,1,0,0,0,0,0,0,0,0,1,0,0,0,0,0,0,0
21.0,0.0,1.0,640.0,0.0,26.0,48.0,1.0,1.0,11.0,0.09090909090909083,0.0,0.0,0.0,0.0,0.0,0.0,0.0,0.0,0,1.0,0.0,1.0,93.0,63530020.0,0.0,0.6666667,0.0,0,0,0,0,0,1,0,0,0,0,0,0,0,0,0,0,0,1,0,0,0,0
26.0,0.0,1.0,800.0,0.0,20.0,60.0,1.0,1.0,14.0,0.5454545454545452,0.0,1.0,0.52,0.0,0.9666666666666667,0.7058823529411764,1.0,1.0,1,1.0,1.0,1.0,93.0,63240035.0,1.0,0.6666667,1.0,0,0,0,0,0,1,0,0,0,0,0,0,0,0,0,0,0,1,0,0,0,0
23.0,0.0,1.0,120.0,0.0,3.0,24.0,0.0,0.0,11.0,0.2727272727272727,0.0,0.0,0.0,0.0,0.0,0.0,0.0,0.0,1,1.0,0.0,1.0,93.0,63720005.0,1.0,0.6666667,1.0,0,0,0,0,0,1,0,0,0,0,0,0,0,0,0,0,0,1,0,0,0,0
23.0,0.0,1.0,408.0,0.0,26.0,60.0,1.0,1.0,11.0,0.2727272727272727,0.0,1.0,0.04,0.0,0.13333333333333333,0.13445378151260504,0.0,0.0,1,1.0,1.0,1.0,93.0,63530020.0,1.0,0.6666667,1.0,0,0,0,0,0,1,0,0,0,0,0,0,0,0,0,0,0,1,0,0,0,0
23.0,0.0,1.0,408.0,0.0,26.0,48.0,1.0,1.0,12.0,0.45454545454545436,0.0,1.0,0.0,0.0,0.8,0.20168067226890757,0.0,0.0,0,1.0,0.0,1.0,93.0,13610005.0,0.0,0.6666667,0.0,0,0,0,0,0,1,0,0,0,0,0,0,0,0,0,0,0,1,0,0,0,0
23.0,0.0,0.0,0.0,0.0,0.0,0.0,0.0,0.0,11.0,0.2727272727272727,0.0,0.0,0.0,0.0,0.0,0.0,0.0,0.0,1,0.0,0.0,1.0,93.0,13610005.0,0.0,0.6666667,0.0,0,0,0,0,0,1,0,0,0,0,0,0,0,0,0,0,0,1,0,0,0,0
20.0,0.0,1.0,60.0,0.0,4.0,8.0,0.0,0.0,11.0,0.0,0.0,0.0,0.0,0.0,0.0,0.0,0.0,0.0,1,1.0,0.0,1.0,93.0,63240035.0,0.0,0.6666667,0.0,0,0,0,0,0,1,0,0,0,0,0,0,0,0,0,0,0,1,0,0,0,0
23.0,0.0,1.0,408.0,0.0,26.0,49.0,0.0,0.0,11.0,0.2727272727272727,0.0,1.0,0.358,0.0,1.0,0.47058823529411764,1.0,1.0,0,1.0,1.0,1.0,93.0,13610005.0,0.0,0.6666667,0.0,0,0,0,0,0,1,0,0,0,0,0,0,0,0,0,0,0,1,0,0,0,0
23.0,0.0,1.0,500.0,0.0,29.0,63.0,1.0,1.0,11.0,0.36363636363636354,0.0,0.0,0.0,0.0,0.0,0.0,0.0,0.0,1,1.0,0.0,1.0,93.0,63240035.0,0.0,0.6666667,0.0,0,0,0,0,0,1,0,0,0,0,0,0,0,0,0,0,0,1,0,0,0,0
23.0,0.0,1.0,200.0,0.0,12.0,24.0,1.0,0.0,11.0,0.2727272727272727,0.0,1.0,0.18,0.0,0.6666666666666666,0.15126050420168066,0.0,0.0,1,1.0,1.0,1.0,93.0,63530020.0,0.0,0.6666667,0.0,0,0,0,0,0,1,0,0,0,0,0,0,0,0,0,0,0,1,0,0,0,0
21.0,0.0,0.0,0.0,0.0,0.0,0.0,0.0,0.0,11.0,0.09090909090909083,0.0,0.0,0.0,0.0,0.0,0.0,0.0,0.0,0,0.0,0.0,1.0,93.0,13120005.0,1.0,0.6666667,0.0,0,0,0,0,0,1,0,0,0,0,0,0,0,0,0,0,0,1,0,0,0,0
19.0,0.0,0.0,0.0,0.0,0.0,0.0,0.0,0.0,11.0,0.0,0.0,1.0,0.027999999999999997,0.0,0.13333333333333333,0.10084033613445378,0.0,0.0,0,0.0,1.0,1.0,94.0,93510310.0,1.0,0.6597222,0.0,0,0,0,0,0,1,0,0,0,0,0,0,0,0,0,0,0,1,0,0,0,0
25.0,1.0,1.0,300.0,0.0,26.0,45.0,0.0,1.0,11.0,0.5454545454545452,1.0,0.0,0.0,0.0,0.0,0.0,0.0,0.0,0,1.0,0.0,1.0,94.0,93510310.0,1.0,0.6597222,0.0,0,0,0,0,0,1,0,0,0,0,0,0,0,0,0,0,0,1,0,0,0,0
20.0,0.0,1.0,200.0,0.0,20.0,40.0,0.0,1.0,11.0,0.09090909090909083,0.0,1.0,0.5,0.0,0.8,0.453781512605042,1.0,1.0,0,1.0,1.0,1.0,94.0,93510310.0,1.0,0.6597222,0.0,0,0,0,0,0,1,0,0,0,0,0,0,0,0,0,0,0,1,0,0,0,0
23.0,0.0,1.0,0.0,300000.0,7.0,14.0,0.0,0.0,11.0,0.36363636363636354,0.0,0.0,0.0,0.0,0.0,0.0,0.0,0.0,0,0.0,0.0,1.0,94.0,93510310.0,1.0,0.6597222,0.0,0,0,0,0,0,1,0,0,0,0,0,0,0,0,0,0,0,1,0,0,0,0
23.0,0.0,1.0,408.0,0.0,28.0,60.0,1.0,1.0,11.0,0.36363636363636354,0.0,1.0,0.24,0.0,1.0,0.5882352941176471,0.0,0.0,1,1.0,1.0,1.0,94.0,63110005.0,0.0,0.6597222,0.0,0,0,0,0,0,1,0,0,0,0,0,0,0,0,0,0,0,1,0,0,0,0
25.0,0.0,1.0,408.0,0.0,29.0,72.0,1.0,1.0,11.0,0.45454545454545436,0.0,1.0,0.358,0.0,0.8,0.6134453781512604,0.0,1.0,0,1.0,1.0,1.0,94.0,63110005.0,0.0,0.6597222,0.0,0,0,0,0,0,1,0,0,0,0,0,0,0,0,0,0,0,1,0,0,0,0
21.0,0.0,0.0,0.0,0.0,0.0,0.0,0.0,0.0,11.0,0.18181818181818188,0.0,0.0,0.0,0.0,0.0,0.0,0.0,0.0,1,0.0,0.0,1.0,94.0,63220250.0,1.0,0.6597222,1.0,0,0,0,0,0,1,0,0,0,0,0,0,0,0,0,0,0,1,0,0,0,0
23.0,0.0,1.0,381.5,0.0,30.0,84.0,0.0,0.0,11.0,0.36363636363636354,0.0,1.0,0.3,0.0,1.0,0.4117647058823529,0.0,0.0,0,1.0,1.0,1.0,94.0,63220250.0,1.0,0.6597222,0.0,0,0,0,0,0,1,0,0,0,0,0,0,0,0,0,0,0,1,0,0,0,0
25.0,0.0,1.0,408.0,0.0,26.0,48.0,1.0,1.0,11.0,0.45454545454545436,0.0,1.0,0.358,0.0,1.0,0.47058823529411764,1.0,1.0,1,1.0,1.0,1.0,94.0,63110005.0,0.0,0.6597222,0.0,0,0,0,0,0,1,0,0,0,0,0,0,0,0,0,0,0,1,0,0,0,0
22.0,0.0,0.0,0.0,0.0,0.0,0.0,0.0,0.0,11.0,0.2727272727272727,0.0,1.0,0.12,0.0,0.8,0.20168067226890757,0.0,0.0,0,0.0,1.0,1.0,94.0,63110005.0,1.0,0.6597222,0.0,0,0,0,0,0,1,0,0,0,0,0,0,0,0,0,0,0,1,0,0,0,0
25.0,1.0,1.0,0.0,100000.0,15.0,6.0,0.0,0.0,11.0,0.45454545454545436,1.0,1.0,0.3815,0.0,1.0,0.5882352941176471,1.0,1.0,1,0.0,1.0,1.0,94.0,93510310.0,1.0,0.6597222,1.0,0,0,0,0,0,1,0,0,0,0,0,0,0,0,0,0,0,1,0,0,0,0
26.0,0.0,0.0,0.0,0.0,0.0,0.0,0.0,0.0,11.0,0.5454545454545452,0.0,0.0,0.0,0.0,0.0,0.0,0.0,0.0,1,0.0,0.0,1.0,94.0,93510310.0,1.0,0.6597222,1.0,0,0,0,0,0,1,0,0,0,0,0,0,0,0,0,0,0,1,0,0,0,0
24.0,1.0,1.0,360.0,0.0,29.0,81.0,1.0,1.0,11.0,0.45454545454545436,0.0,1.0,0.358,0.0,0.8666666666666667,0.5042016806722689,0.0,0.0,1,1.0,1.0,1.0,94.0,93510310.0,0.0,0.6597222,0.0,0,0,0,0,0,1,0,0,0,0,0,0,0,0,0,0,0,1,0,0,0,0
27.0,0.0,1.0,200.0,0.0,20.0,42.0,0.0,0.0,10.0,0.6363636363636365,0.0,1.0,0.0,0.0,0.8,0.40336134453781514,0.0,0.0,1,1.0,0.0,1.0,94.0,63220250.0,0.0,0.6597222,0.0,0,0,0,0,0,1,0,0,0,0,0,0,0,0,0,0,0,1,0,0,0,0
21.0,1.0,1.0,408.0,0.0,26.0,72.0,1.0,1.0,11.0,0.18181818181818188,0.0,0.0,0.0,0.0,0.0,0.0,0.0,0.0,1,1.0,0.0,1.0,94.0,63110005.0,1.0,0.6597222,1.0,0,0,0,0,0,1,0,0,0,0,0,0,0,0,0,0,0,1,0,0,0,0
22.0,0.0,0.0,0.0,0.0,0.0,0.0,0.0,0.0,11.0,0.18181818181818188,0.0,0.0,0.0,0.0,0.0,0.0,0.0,0.0,1,0.0,0.0,1.0,94.0,63220250.0,0.0,0.6597222,0.0,0,0,0,0,0,1,0,0,0,0,0,0,0,0,0,0,0,1,0,0,0,0
21.0,0.0,1.0,408.0,0.0,30.0,84.0,1.0,1.0,11.0,0.18181818181818188,0.0,1.0,0.19999999999999998,0.0,1.0,0.6050420168067226,0.0,0.0,0,1.0,1.0,1.0,94.0,63110005.0,0.0,0.6597222,0.0,0,0,0,0,0,1,0,0,0,0,0,0,0,0,0,0,0,1,0,0,0,0
21.0,0.0,1.0,408.0,0.0,24.0,54.0,1.0,1.0,11.0,0.18181818181818188,0.0,0.0,0.0,0.0,0.0,0.0,0.0,0.0,1,1.0,0.0,1.0,94.0,63110005.0,0.0,0.6597222,0.0,0,0,0,0,0,1,0,0,0,0,0,1,0,0,0,0,0,0,0,0,0,0
22.0,0.0,1.0,408.0,0.0,24.0,60.0,1.0,1.0,11.0,0.2727272727272727,0.0,1.0,0.204,0.0,0.9333333333333333,0.47058823529411764,0.0,0.0,1,1.0,1.0,1.0,94.0,63220250.0,1.0,0.6597222,1.0,0,0,0,0,0,1,0,0,0,0,0,0,0,0,0,0,1,0,0,0,0,0
21.0,0.0,1.0,408.0,0.0,26.0,48.0,1.0,1.0,11.0,0.09090909090909083,0.0,0.0,0.0,0.0,0.0,0.0,0.0,0.0,1,1.0,0.0,1.0,94.0,93510310.0,1.0,0.6597222,1.0,0,0,0,0,0,1,0,0,0,0,0,0,0,0,0,0,0,1,0,0,0,0
26.0,0.0,1.0,300.0,0.0,26.0,72.0,0.0,0.0,11.0,0.5454545454545452,0.0,1.0,0.15,0.0,0.8,0.5042016806722689,0.0,0.0,1,1.0,1.0,1.0,94.0,63220250.0,1.0,0.6597222,1.0,0,0,0,0,0,1,0,0,0,0,0,0,0,0,0,0,0,1,0,0,0,0
25.0,0.0,0.0,0.0,0.0,0.0,0.0,0.0,0.0,11.0,0.45454545454545436,0.0,0.0,0.0,0.0,0.0,0.0,0.0,0.0,0,0.0,0.0,1.0,94.0,63110005.0,0.0,0.6597222,0.0,0,0,0,0,0,1,0,0,0,0,0,0,0,0,0,0,0,1,0,0,0,0
23.0,1.0,1.0,408.0,0.0,7.0,65.0,1.0,1.0,11.0,0.2727272727272727,0.0,1.0,0.358,0.0,0.8,0.40336134453781514,1.0,1.0,1,1.0,1.0,1.0,94.0,63110005.0,0.0,0.6597222,0.0,0,0,0,0,0,1,0,0,0,0,0,0,0,0,0,0,0,1,0,0,0,0
25.0,0.0,1.0,381.5,0.0,26.0,48.0,1.0,1.0,11.0,0.45454545454545436,0.0,1.0,0.5399999999999999,0.0,0.5,0.7058823529411764,1.0,1.0,1,1.0,1.0,1.0,95.0,63530020.0,0.0,0.6666667,0.0,0,0,0,0,0,1,0,0,0,0,0,0,0,0,0,0,0,1,0,0,0,0
21.0,1.0,1.0,408.0,0.0,26.0,54.0,1.0,1.0,9.0,0.09090909090909083,0.0,1.0,0.19999999999999998,0.0,1.0,0.29411764705882354,0.0,0.0,1,1.0,1.0,1.0,95.0,63530020.0,0.0,0.6666667,0.0,0,0,0,0,0,1,0,0,0,0,0,0,0,0,0,1,0,0,0,0,0,0
23.0,0.0,1.0,156.0,0.0,26.0,54.0,0.0,0.0,11.0,0.2727272727272727,0.0,0.0,0.0,0.0,0.0,0.0,0.0,0.0,0,1.0,0.0,1.0,95.0,63530020.0,1.0,0.6666667,0.0,0,0,0,0,0,1,0,0,0,0,0,0,0,0,0,0,1,0,0,0,0,0
21.0,0.0,1.0,82.0,0.0,6.0,48.0,0.0,0.0,11.0,0.09090909090909083,0.0,0.0,0.0,0.0,0.0,0.0,0.0,0.0,0,1.0,0.0,1.0,95.0,63530020.0,1.0,0.6666667,0.0,0,0,0,0,0,1,0,0,0,0,0,0,0,0,0,0,0,1,0,0,0,0
21.0,0.0,0.0,0.0,0.0,0.0,0.0,0.0,0.0,11.0,0.18181818181818188,0.0,1.0,0.39999999999999997,0.0,0.8,0.5042016806722689,0.0,0.0,1,0.0,1.0,1.0,95.0,63530020.0,1.0,0.6666667,1.0,0,0,0,0,0,1,0,0,0,0,0,0,0,0,0,0,0,1,0,0,0,0
20.0,0.0,1.0,0.0,150000.0,15.0,40.0,0.0,0.0,11.0,0.0,0.0,0.0,0.0,0.0,0.0,0.0,0.0,0.0,0,0.0,0.0,1.0,95.0,63530020.0,1.0,0.6666667,0.0,0,0,0,0,0,1,0,0,0,0,0,0,0,0,0,0,0,1,0,0,0,0
24.0,0.0,1.0,408.0,0.0,26.0,48.0,1.0,1.0,11.0,0.36363636363636354,1.0,0.0,0.0,0.0,0.0,0.0,0.0,0.0,0,1.0,0.0,1.0,95.0,63530020.0,1.0,0.6666667,0.0,0,0,0,0,0,1,0,0,0,0,0,0,0,1,0,0,0,0,0,0,0,0
24.0,0.0,1.0,200.0,0.0,12.0,32.0,0.0,0.0,11.0,0.36363636363636354,0.0,0.0,0.0,0.0,0.0,0.0,0.0,0.0,1,1.0,0.0,1.0,95.0,63530020.0,0.0,0.6666667,0.0,0,0,0,0,0,1,0,0,0,0,0,0,0,0,0,0,0,1,0,0,0,0
23.0,1.0,1.0,120.0,0.0,26.0,60.0,0.0,0.0,11.0,0.2727272727272727,1.0,0.0,0.0,0.0,0.0,0.0,0.0,0.0,0,1.0,0.0,1.0,95.0,63530020.0,1.0,0.6666667,0.0,0,0,0,0,0,1,0,0,0,0,0,0,0,0,0,0,0,1,0,0,0,0
26.0,0.0,1.0,172.0,0.0,15.0,46.0,0.0,0.0,11.0,0.5454545454545452,0.0,0.0,0.0,0.0,0.0,0.0,0.0,0.0,1,1.0,0.0,1.0,95.0,63530020.0,1.0,0.6666667,1.0,0,0,0,0,0,1,0,0,0,0,0,0,0,0,0,0,0,1,0,0,0,0
23.0,0.0,1.0,204.0,0.0,12.0,33.0,0.0,0.0,7.0,0.36363636363636354,0.0,0.0,0.0,0.0,0.0,0.0,0.0,0.0,0,1.0,0.0,1.0,95.0,63530020.0,1.0,0.6666667,0.0,0,0,0,0,0,1,0,0,0,0,0,0,0,0,0,1,0,0,0,0,0,0
21.0,0.0,1.0,240.0,0.0,26.0,50.0,0.0,0.0,11.0,0.18181818181818188,0.0,0.0,0.0,0.0,0.0,0.0,0.0,0.0,0,1.0,0.0,1.0,95.0,63530020.0,1.0,0.6666667,0.0,0,0,0,0,0,1,0,0,0,0,0,0,0,0,0,0,0,1,0,0,0,0
24.0,0.0,0.0,0.0,0.0,0.0,0.0,0.0,0.0,8.0,0.45454545454545436,0.0,0.0,0.0,0.0,0.0,0.0,0.0,0.0,1,0.0,0.0,1.0,96.0,13310010.0,0.0,0.6611111,0.0,0,0,0,0,0,1,0,0,0,0,0,0,0,0,1,0,0,0,0,0,0,0
22.0,1.0,0.0,0.0,0.0,0.0,0.0,0.0,0.0,7.0,0.2727272727272727,1.0,0.0,0.0,0.0,0.0,0.0,0.0,0.0,0,0.0,0.0,1.0,96.0,13710005.0,1.0,0.6611111,0.0,0,0,0,0,0,1,0,0,0,0,0,0,0,0,1,0,0,0,0,0,0,0
21.0,0.0,1.0,408.0,0.0,26.0,48.0,0.0,1.0,9.0,0.18181818181818188,0.0,1.0,0.152,0.0,0.8666666666666667,0.5042016806722689,0.0,0.0,1,1.0,1.0,1.0,96.0,13710005.0,0.0,0.6611111,0.0,0,0,0,0,0,1,0,0,0,0,0,0,0,0,0,1,0,0,0,0,0,0
23.0,0.0,1.0,381.5,0.0,26.0,72.0,0.0,0.0,7.0,0.2727272727272727,0.0,0.0,0.0,0.0,0.0,0.0,0.0,0.0,0,1.0,0.0,1.0,96.0,83520005.0,0.0,0.6611111,0.0,0,0,0,0,0,1,0,0,0,0,0,0,0,1,0,0,0,0,0,0,0,0
21.0,1.0,0.0,0.0,0.0,0.0,0.0,0.0,0.0,11.0,0.09090909090909083,0.0,1.0,0.21,0.0,1.0,0.5294117647058824,0.0,0.0,1,0.0,1.0,1.0,96.0,13120030.0,1.0,0.6611111,1.0,0,0,0,0,0,1,0,0,0,0,0,0,0,0,0,0,0,1,0,0,0,0
26.0,0.0,0.0,0.0,0.0,0.0,0.0,0.0,0.0,11.0,0.6363636363636365,0.0,0.0,0.0,0.0,0.0,0.0,0.0,0.0,1,0.0,0.0,1.0,96.0,13120030.0,1.0,0.6611111,1.0,0,0,0,0,0,1,0,0,0,0,0,0,0,0,0,0,0,1,0,0,0,0
25.0,0.0,1.0,320.0,0.0,6.0,48.0,1.0,0.0,11.0,0.5454545454545452,0.0,1.0,0.0,0.0,0.8,0.36974789915966383,0.0,0.0,1,1.0,0.0,1.0,96.0,83520005.0,1.0,0.6611111,1.0,0,0,0,0,0,1,0,0,0,0,0,0,0,0,0,0,0,1,0,0,0,0
25.0,0.0,1.0,408.0,0.0,26.0,48.0,0.0,0.0,8.0,0.5454545454545452,0.0,1.0,0.0,0.0,1.0,0.47058823529411764,0.0,0.0,0,1.0,0.0,1.0,96.0,13710005.0,1.0,0.6611111,0.0,0,0,0,0,0,1,0,0,0,0,0,0,1,0,0,0,0,0,0,0,0,0
25.0,0.0,1.0,380.0,0.0,24.0,60.0,0.0,0.0,11.0,0.5454545454545452,0.0,0.0,0.0,0.0,0.0,0.0,0.0,0.0,0,1.0,0.0,1.0,96.0,83520005.0,0.0,0.6611111,0.0,0,0,0,0,0,1,0,0,0,0,0,0,0,0,0,0,0,1,0,0,0,0
23.0,0.0,0.0,0.0,0.0,0.0,0.0,0.0,0.0,11.0,0.2727272727272727,1.0,0.0,0.0,0.0,0.0,0.0,0.0,0.0,1,0.0,0.0,1.0,96.0,13310010.0,1.0,0.6611111,1.0,0,0,0,0,0,1,0,0,0,0,0,0,0,0,0,0,0,1,0,0,0,0
21.0,0.0,1.0,408.0,0.0,22.0,45.0,1.0,1.0,11.0,0.18181818181818188,0.0,0.0,0.0,0.0,0.0,0.0,0.0,0.0,1,1.0,0.0,1.0,96.0,13120030.0,1.0,0.6611111,1.0,0,0,0,0,0,1,0,0,0,0,0,0,0,0,0,0,0,1,0,0,0,0
26.0,1.0,1.0,400.0,0.0,15.0,56.0,0.0,1.0,10.0,0.6363636363636365,1.0,1.0,0.0,0.3333333333333333,1.0,0.5042016806722689,0.0,0.0,0,1.0,0.0,1.0,96.0,13710005.0,0.0,0.6611111,0.0,0,0,0,0,0,1,0,0,0,0,0,0,0,0,0,0,1,0,0,0,0,0
21.0,0.0,0.0,0.0,0.0,0.0,0.0,0.0,0.0,11.0,0.09090909090909083,1.0,0.0,0.0,0.0,0.0,0.0,0.0,0.0,0,0.0,0.0,1.0,96.0,13310010.0,1.0,0.6611111,0.0,0,0,0,0,0,1,0,0,0,0,0,0,0,0,0,0,0,1,0,0,0,0
21.0,1.0,1.0,40.0,0.0,4.0,9.0,0.0,0.0,2.0,0.09090909090909083,0.0,1.0,0.09999999999999999,0.0,0.6666666666666666,0.1680672268907563,0.0,0.0,1,1.0,1.0,1.0,96.0,13710005.0,1.0,0.6611111,1.0,0,0,0,0,0,1,0,0,0,0,0,0,0,1,0,0,0,0,0,0,0,0
24.0,0.0,1.0,0.0,420000.0,30.0,70.0,0.0,0.0,11.0,0.36363636363636354,0.0,0.0,0.0,0.0,0.0,0.0,0.0,0.0,0,0.0,0.0,1.0,96.0,13120030.0,1.0,0.6611111,0.0,0,0,0,0,0,1,0,0,0,0,0,0,0,0,0,0,0,1,0,0,0,0
21.0,0.0,1.0,500.0,0.0,26.0,72.0,0.0,0.0,11.0,0.09090909090909083,0.0,1.0,0.13,0.0,0.8,0.5042016806722689,0.0,0.0,1,1.0,1.0,1.0,96.0,13310010.0,1.0,0.6611111,1.0,0,0,0,0,0,1,0,0,0,0,0,0,0,0,0,0,0,1,0,0,0,0
20.0,0.0,1.0,360.0,0.0,26.0,54.0,0.0,1.0,11.0,0.09090909090909083,0.0,0.0,0.0,0.0,0.0,0.0,0.0,0.0,0,1.0,0.0,1.0,96.0,13710005.0,0.0,0.6611111,0.0,0,0,0,0,0,1,0,0,0,0,0,0,0,0,0,0,0,1,0,0,0,0
22.0,0.0,1.0,450.0,0.0,22.0,54.0,1.0,1.0,11.0,0.18181818181818188,0.0,0.0,0.0,0.0,0.0,0.0,0.0,0.0,1,1.0,0.0,1.0,96.0,13710005.0,0.0,0.6611111,0.0,0,0,0,0,0,1,0,0,0,0,0,0,0,0,0,0,0,1,0,0,0,0
23.0,1.0,1.0,210.0,0.0,30.0,48.0,0.0,0.0,5.0,0.36363636363636354,1.0,0.0,0.0,0.0,0.0,0.0,0.0,0.0,0,1.0,0.0,1.0,96.0,83520005.0,1.0,0.6611111,0.0,0,0,0,0,0,1,0,0,0,0,0,1,0,0,0,0,0,0,0,0,0,0
21.0,1.0,0.0,0.0,0.0,0.0,0.0,0.0,0.0,11.0,0.09090909090909083,0.0,0.0,0.0,0.0,0.0,0.0,0.0,0.0,0,0.0,0.0,1.0,96.0,13710005.0,1.0,0.6611111,0.0,0,0,0,0,0,1,0,0,0,0,0,0,0,0,0,0,0,1,0,0,0,0
24.0,0.0,1.0,0.0,368000.0,26.0,60.0,0.0,0.0,5.0,0.36363636363636354,0.0,0.0,0.0,0.0,0.0,0.0,0.0,0.0,0,0.0,0.0,1.0,96.0,83520005.0,0.0,0.6611111,0.0,0,0,0,0,0,1,0,0,0,0,0,0,0,0,1,0,0,0,0,0,0,0
24.0,1.0,1.0,250.0,0.0,26.0,30.0,0.0,0.0,11.0,0.45454545454545436,0.0,1.0,0.13999999999999999,0.0,0.5333333333333333,0.3361344537815126,0.0,0.0,0,1.0,1.0,1.0,96.0,13310010.0,1.0,0.6611111,0.0,0,0,0,0,0,1,0,0,0,0,0,0,0,0,0,0,0,1,0,0,0,0
20.0,0.0,1.0,0.0,90000.0,26.0,60.0,0.0,0.0,5.0,0.09090909090909083,0.0,0.0,0.0,0.0,0.0,0.0,0.0,0.0,0,0.0,0.0,1.0,96.0,83520005.0,0.0,0.6611111,0.0,0,0,0,0,0,1,0,0,0,0,0,1,0,0,0,0,0,0,0,0,0,0
26.0,0.0,1.0,500.0,0.0,25.0,48.0,1.0,1.0,11.0,0.36363636363636354,1.0,1.0,0.29,0.0,1.0,0.47058823529411764,0.0,0.0,0,1.0,1.0,1.0,96.0,13310010.0,0.0,0.6611111,0.0,0,0,0,0,0,1,0,0,0,0,0,0,0,0,0,0,1,0,0,0,0,0
24.0,0.0,1.0,0.0,50000.0,9.0,10.0,0.0,0.0,7.0,0.45454545454545436,0.0,0.0,0.0,0.0,0.0,0.0,0.0,0.0,0,0.0,0.0,1.0,96.0,83520005.0,0.0,0.6611111,0.0,0,0,0,0,0,1,0,0,0,0,0,0,0,1,0,0,0,0,0,0,0,0
23.0,1.0,0.0,0.0,0.0,0.0,0.0,0.0,0.0,9.0,0.2727272727272727,1.0,0.0,0.0,0.0,0.0,0.0,0.0,0.0,0,0.0,0.0,1.0,96.0,13310010.0,1.0,0.6611111,0.0,0,0,0,0,0,1,0,0,0,0,0,0,0,0,0,1,0,0,0,0,0,0
22.0,0.0,1.0,360.0,0.0,30.0,58.0,0.0,0.0,11.0,0.18181818181818188,0.0,0.0,0.0,0.0,0.0,0.0,0.0,0.0,0,1.0,0.0,1.0,96.0,13120030.0,1.0,0.6611111,0.0,0,0,0,0,0,1,0,0,0,0,0,0,0,0,0,0,0,1,0,0,0,0
22.0,1.0,1.0,381.5,0.0,26.0,44.0,1.0,1.0,11.0,0.18181818181818188,1.0,0.0,0.0,0.0,0.0,0.0,0.0,0.0,1,1.0,0.0,1.0,96.0,13310010.0,1.0,0.6611111,1.0,0,0,0,0,0,1,0,0,0,0,0,0,0,0,0,0,0,1,0,0,0,0
21.0,1.0,1.0,408.0,0.0,26.0,68.0,1.0,1.0,11.0,0.18181818181818188,0.0,0.0,0.0,0.0,0.0,0.0,0.0,0.0,1,1.0,0.0,1.0,97.0,84350015.0,0.0,0.6666667,0.0,0,0,0,0,0,1,0,0,0,0,0,0,0,0,0,0,0,1,0,0,0,0
20.0,0.0,1.0,550.0,0.0,28.0,56.0,1.0,1.0,11.0,0.09090909090909083,0.0,1.0,0.0,0.0,0.8,0.40336134453781514,0.0,0.0,1,1.0,0.0,1.0,97.0,84350015.0,0.0,0.6666667,0.0,0,0,0,0,0,1,0,0,0,0,0,0,0,0,0,0,0,1,0,0,0,0
24.0,1.0,1.0,408.0,0.0,26.0,70.0,1.0,1.0,11.0,0.36363636363636354,1.0,1.0,0.358,0.0,0.8666666666666667,0.7226890756302521,0.0,0.0,1,1.0,1.0,1.0,97.0,84350015.0,0.0,0.6666667,0.0,0,0,0,0,0,1,0,0,0,0,0,0,0,0,0,0,1,0,0,0,0,0
22.0,0.0,1.0,240.0,0.0,22.0,45.0,0.0,0.0,8.0,0.2727272727272727,0.0,0.0,0.0,0.0,0.0,0.0,0.0,0.0,0,1.0,0.0,1.0,97.0,84350015.0,0.0,0.6666667,0.0,0,0,0,0,0,1,0,0,0,0,0,0,0,1,0,0,0,0,0,0,0,0
21.0,0.0,0.0,0.0,0.0,0.0,0.0,0.0,0.0,6.0,0.18181818181818188,0.0,0.0,0.0,0.0,0.0,0.0,0.0,0.0,0,0.0,0.0,1.0,97.0,66120005.0,1.0,0.6666667,0.0,0,0,0,0,0,1,0,0,0,0,0,0,1,0,0,0,0,0,0,0,0,0
21.0,0.0,1.0,200.0,0.0,22.0,55.0,0.0,0.0,11.0,0.09090909090909083,0.0,1.0,0.39999999999999997,0.0,0.6666666666666666,0.3361344537815126,0.0,1.0,0,1.0,1.0,1.0,97.0,84210020.0,0.0,0.6666667,0.0,0,0,0,0,0,1,0,0,0,0,0,0,0,0,0,0,0,1,0,0,0,0
20.0,1.0,0.0,0.0,0.0,0.0,0.0,0.0,0.0,11.0,0.0,1.0,0.0,0.0,0.0,0.0,0.0,0.0,0.0,1,0.0,0.0,1.0,97.0,63110010.0,1.0,0.6666667,1.0,0,0,0,0,0,1,0,0,0,0,0,0,0,0,0,0,0,1,0,0,0,0
25.0,0.0,1.0,0.0,60000.0,4.0,16.0,0.0,0.0,11.0,0.45454545454545436,0.0,0.0,0.0,0.0,0.0,0.0,0.0,0.0,0,0.0,0.0,1.0,97.0,63110010.0,1.0,0.6666667,0.0,0,0,0,0,0,1,0,0,0,0,0,0,0,0,0,0,0,1,0,0,0,0
21.0,0.0,1.0,140.0,0.0,10.0,60.0,1.0,0.0,11.0,0.18181818181818188,0.0,0.0,0.0,0.0,0.0,0.0,0.0,0.0,1,1.0,0.0,1.0,97.0,66120005.0,0.0,0.6666667,0.0,0,0,0,0,0,1,0,0,0,0,0,0,0,0,0,0,0,1,0,0,0,0
21.0,0.0,0.0,0.0,0.0,0.0,0.0,0.0,0.0,11.0,0.09090909090909083,0.0,0.0,0.0,0.0,0.0,0.0,0.0,0.0,1,0.0,0.0,1.0,97.0,66120005.0,1.0,0.6666667,1.0,0,0,0,0,0,1,0,0,0,0,0,0,0,0,0,1,0,0,0,0,0,0
22.0,1.0,0.0,0.0,0.0,0.0,0.0,0.0,0.0,7.0,0.18181818181818188,1.0,0.0,0.0,0.0,0.0,0.0,0.0,0.0,0,0.0,0.0,1.0,97.0,63110010.0,1.0,0.6666667,0.0,0,0,0,0,0,1,0,0,0,0,0,0,0,0,1,0,0,0,0,0,0,0
24.0,1.0,1.0,240.0,0.0,4.0,48.0,0.0,0.0,10.0,0.36363636363636354,1.0,0.0,0.0,0.0,0.0,0.0,0.0,0.0,0,1.0,0.0,1.0,97.0,63110010.0,1.0,0.6666667,0.0,0,0,0,0,0,1,0,0,0,0,0,0,0,0,0,0,1,0,0,0,0,0
26.0,0.0,1.0,0.0,30000.0,8.0,10.0,0.0,0.0,8.0,0.5454545454545452,0.0,0.0,0.0,0.0,0.0,0.0,0.0,0.0,0,0.0,0.0,1.0,97.0,63110010.0,1.0,0.6666667,0.0,0,0,0,0,0,1,0,0,0,0,0,0,0,0,1,0,0,0,0,0,0,0
21.0,0.0,1.0,80.0,0.0,24.0,26.0,0.0,0.0,11.0,0.09090909090909083,0.0,0.0,0.0,0.0,0.0,0.0,0.0,0.0,0,1.0,0.0,1.0,97.0,84210020.0,0.0,0.6666667,0.0,0,0,0,0,0,1,0,0,0,0,0,0,0,0,0,0,0,1,0,0,0,0
25.0,0.0,0.0,0.0,0.0,0.0,0.0,0.0,0.0,11.0,0.45454545454545436,0.0,0.0,0.0,0.0,0.0,0.0,0.0,0.0,1,0.0,0.0,1.0,97.0,63110010.0,1.0,0.6666667,1.0,0,0,0,0,0,1,0,0,0,0,0,0,0,0,0,0,0,1,0,0,0,0
23.0,1.0,0.0,0.0,0.0,0.0,0.0,0.0,0.0,8.0,0.36363636363636354,1.0,0.0,0.0,0.0,0.0,0.0,0.0,0.0,1,0.0,0.0,1.0,97.0,66120005.0,1.0,0.6666667,1.0,0,0,0,0,0,1,0,0,0,0,0,0,0,0,0,1,0,0,0,0,0,0
20.0,0.0,0.0,0.0,0.0,0.0,0.0,0.0,0.0,11.0,0.0,0.0,0.0,0.0,0.0,0.0,0.0,0.0,0.0,0,0.0,0.0,1.0,97.0,84350015.0,0.0,0.6666667,0.0,0,0,0,0,0,1,0,0,0,0,0,0,0,0,0,0,1,0,0,0,0,0
21.0,0.0,1.0,500.0,0.0,14.0,84.0,0.0,1.0,11.0,0.18181818181818188,0.0,0.0,0.0,0.0,0.0,0.0,0.0,0.0,0,1.0,0.0,1.0,97.0,84210020.0,0.0,0.6666667,0.0,0,0,0,0,0,1,0,0,0,0,0,0,0,0,0,0,0,1,0,0,0,0
21.0,0.0,1.0,220.0,0.0,22.0,34.0,1.0,1.0,9.0,0.18181818181818188,0.0,1.0,0.11,0.0,0.6666666666666666,0.21008403361344538,0.0,0.0,0,1.0,1.0,1.0,97.0,63110010.0,1.0,0.6666667,0.0,0,0,0,0,0,1,0,0,0,0,0,0,0,0,0,1,0,0,0,0,0,0
22.0,0.0,1.0,408.0,0.0,26.0,48.0,1.0,1.0,11.0,0.18181818181818188,0.0,0.0,0.0,0.0,0.0,0.0,0.0,0.0,0,1.0,0.0,1.0,97.0,84350015.0,0.0,0.6666667,0.0,0,0,0,0,0,1,0,0,0,0,0,0,0,0,0,0,0,1,0,0,0,0
23.0,0.0,1.0,381.5,0.0,24.0,48.0,1.0,1.0,11.0,0.2727272727272727,0.0,1.0,0.16,0.0,0.6666666666666666,0.25210084033613445,0.0,0.0,1,1.0,1.0,1.0,97.0,66120005.0,1.0,0.6666667,1.0,0,0,0,0,0,1,0,0,0,0,0,0,0,0,1,0,0,0,0,0,0,0
24.0,0.0,1.0,408.0,0.0,26.0,70.0,1.0,0.0,11.0,0.36363636363636354,0.0,1.0,0.18,0.0,0.8,0.6554621848739496,0.0,0.0,1,1.0,1.0,1.0,97.0,84350015.0,0.0,0.6666667,0.0,0,0,0,0,0,1,0,0,0,0,0,0,0,0,0,0,0,1,0,0,0,0
24.0,0.0,1.0,450.0,0.0,24.0,48.0,1.0,1.0,11.0,0.36363636363636354,0.0,1.0,0.358,0.0,0.8,0.40336134453781514,1.0,1.0,0,1.0,1.0,1.0,97.0,84210020.0,0.0,0.6666667,0.0,0,0,0,0,0,1,0,0,0,0,0,0,0,0,0,0,0,1,0,0,0,0
26.0,0.0,1.0,408.0,0.0,6.0,48.0,1.0,1.0,8.0,0.6363636363636365,0.0,0.0,0.0,0.0,0.0,0.0,0.0,0.0,0,1.0,0.0,1.0,97.0,84210020.0,1.0,0.6666667,0.0,0,0,0,0,0,1,0,0,0,0,0,0,0,1,0,0,0,0,0,0,0,0
26.0,0.0,1.0,408.0,0.0,26.0,48.0,1.0,1.0,14.0,0.09090909090909083,0.0,0.0,0.0,0.0,0.0,0.0,0.0,0.0,0,1.0,0.0,1.0,97.0,66120005.0,0.0,0.6666667,0.0,0,0,0,0,0,1,0,0,0,0,0,0,0,0,0,0,0,1,0,0,0,0
21.0,1.0,1.0,381.5,0.0,26.0,52.0,1.0,1.0,11.0,0.18181818181818188,1.0,1.0,0.358,0.0,0.9333333333333333,0.6638655462184874,0.0,0.0,1,1.0,1.0,1.0,97.0,66120005.0,1.0,0.6666667,1.0,0,0,0,0,0,1,0,0,0,0,0,0,0,0,0,0,0,1,0,0,0,0
24.0,0.0,1.0,550.0,0.0,24.0,70.0,1.0,1.0,11.0,0.36363636363636354,0.0,1.0,0.42,0.0,1.0,0.40336134453781514,0.0,0.0,1,1.0,1.0,1.0,97.0,84210020.0,0.0,0.6666667,0.0,0,0,0,0,0,1,0,0,0,0,0,0,0,0,0,0,1,0,0,0,0,0
22.0,0.0,1.0,0.0,140000.0,15.0,70.0,0.0,0.0,11.0,0.2727272727272727,0.0,0.0,0.0,0.0,0.0,0.0,0.0,0.0,1,0.0,0.0,1.0,97.0,84350015.0,0.0,0.6666667,0.0,0,0,0,0,0,1,0,0,0,0,0,0,0,0,0,0,0,1,0,0,0,0
25.0,0.0,1.0,250.0,0.0,26.0,48.0,0.0,0.0,11.0,0.5454545454545452,0.0,0.0,0.0,0.0,0.0,0.0,0.0,0.0,1,1.0,0.0,1.0,97.0,63110010.0,0.0,0.6666667,0.0,0,0,0,0,0,1,0,0,0,0,0,0,0,0,0,0,0,1,0,0,0,0
20.0,1.0,1.0,400.0,0.0,25.0,54.0,1.0,0.0,11.0,0.0,0.0,1.0,0.25,0.0,0.8,0.5042016806722689,0.0,0.0,0,1.0,1.0,1.0,97.0,84210020.0,0.0,0.6666667,0.0,0,0,0,0,0,1,0,0,0,0,0,0,0,0,0,1,0,0,0,0,0,0
24.0,1.0,0.0,0.0,0.0,0.0,0.0,0.0,0.0,9.0,0.45454545454545436,1.0,0.0,0.0,0.0,0.0,0.0,0.0,0.0,1,0.0,0.0,1.0,97.0,84210020.0,1.0,0.6666667,1.0,0,0,0,0,0,1,0,0,0,0,0,0,0,0,1,0,0,0,0,0,0,0
22.0,0.0,0.0,0.0,0.0,0.0,0.0,0.0,0.0,10.0,0.18181818181818188,1.0,1.0,0.358,0.0,0.8666666666666667,0.40336134453781514,0.0,1.0,1,0.0,1.0,1.0,97.0,84210020.0,0.0,0.6666667,0.0,0,0,0,0,0,1,0,0,0,0,0,0,0,0,0,0,1,0,0,0,0,0
24.0,0.0,0.0,0.0,0.0,0.0,0.0,0.0,0.0,11.0,0.36363636363636354,0.0,1.0,0.04,0.0,0.7333333333333333,0.12605042016806722,0.0,0.0,1,0.0,1.0,1.0,98.0,63550005.0,1.0,0.7386364,1.0,0,0,0,0,0,0,1,0,0,0,0,0,0,0,0,0,0,1,0,0,0,0
26.0,1.0,0.0,0.0,0.0,0.0,0.0,0.0,0.0,10.0,0.6363636363636365,1.0,1.0,0.0,0.08888888888888888,1.0,0.7058823529411764,0.0,0.0,1,0.0,0.0,1.0,98.0,93510005.0,1.0,0.7386364,1.0,0,0,0,0,0,0,1,0,0,0,0,0,0,0,0,1,0,0,0,0,0,0
26.0,1.0,0.0,0.0,0.0,0.0,0.0,0.0,0.0,9.0,0.5454545454545452,1.0,0.0,0.0,0.0,0.0,0.0,0.0,0.0,1,0.0,0.0,1.0,98.0,63550005.0,1.0,0.7386364,1.0,0,0,0,0,0,0,1,0,0,0,0,0,0,0,0,1,0,0,0,0,0,0
25.0,0.0,1.0,408.0,0.0,26.0,52.0,1.0,1.0,9.0,0.45454545454545436,0.0,0.0,0.0,0.0,0.0,0.0,0.0,0.0,1,1.0,0.0,1.0,98.0,83510005.0,1.0,0.7386364,1.0,0,0,0,0,0,0,1,0,0,0,0,0,0,1,0,0,0,0,0,0,0,0
26.0,1.0,0.0,0.0,0.0,0.0,0.0,0.0,0.0,9.0,0.6363636363636365,1.0,1.0,0.0,0.04444444444444444,0.8666666666666667,0.3361344537815126,0.0,0.0,1,0.0,0.0,1.0,98.0,83510005.0,1.0,0.7386364,1.0,0,0,0,0,0,0,1,0,0,0,0,0,0,1,0,0,0,0,0,0,0,0
20.0,0.0,0.0,0.0,0.0,0.0,0.0,0.0,0.0,11.0,0.09090909090909083,0.0,0.0,0.0,0.0,0.0,0.0,0.0,0.0,1,0.0,0.0,1.0,98.0,63550005.0,1.0,0.7386364,1.0,0,0,0,0,0,0,1,0,0,0,0,0,0,0,0,1,0,0,0,0,0,0
20.0,0.0,0.0,0.0,0.0,0.0,0.0,0.0,0.0,11.0,0.0,0.0,1.0,0.358,0.0,0.7333333333333333,0.40336134453781514,1.0,1.0,1,0.0,1.0,1.0,98.0,93510005.0,0.0,0.7386364,0.0,0,0,0,0,0,0,1,0,0,0,0,0,0,0,0,0,0,1,0,0,0,0
22.0,0.0,1.0,408.0,0.0,26.0,48.0,0.0,0.0,11.0,0.18181818181818188,0.0,1.0,0.27999999999999997,0.0,0.8666666666666667,0.453781512605042,0.0,0.0,1,1.0,1.0,1.0,98.0,93510005.0,1.0,0.7386364,1.0,0,0,0,0,0,0,1,0,0,0,0,0,0,0,1,0,0,0,0,0,0,0
25.0,0.0,0.0,0.0,0.0,0.0,0.0,0.0,0.0,10.0,0.5454545454545452,0.0,1.0,0.0,0.40888888888888886,0.8666666666666667,0.40336134453781514,0.0,0.0,0,0.0,0.0,1.0,98.0,93510005.0,1.0,0.7386364,0.0,0,0,0,0,0,0,1,0,0,0,0,0,0,0,0,0,1,0,0,0,0,0
23.0,1.0,1.0,408.0,0.0,26.0,48.0,0.0,0.0,10.0,0.2727272727272727,0.0,1.0,0.0,0.04444444444444444,0.16666666666666666,0.42016806722689076,0.0,0.0,1,1.0,0.0,1.0,98.0,83510005.0,1.0,0.7386364,1.0,0,0,0,0,0,0,1,0,0,0,0,0,0,0,0,0,1,0,0,0,0,0
22.0,0.0,0.0,0.0,0.0,0.0,0.0,0.0,0.0,11.0,0.2727272727272727,0.0,0.0,0.0,0.0,0.0,0.0,0.0,0.0,1,0.0,0.0,1.0,98.0,63550005.0,0.0,0.7386364,0.0,0,0,0,0,0,0,1,0,0,0,0,0,0,0,0,0,0,1,0,0,0,0
24.0,0.0,0.0,0.0,0.0,0.0,0.0,0.0,0.0,8.0,0.45454545454545436,0.0,0.0,0.0,0.0,0.0,0.0,0.0,0.0,0,0.0,0.0,1.0,98.0,83510005.0,0.0,0.7386364,0.0,0,0,0,0,0,0,1,0,0,0,0,0,0,0,1,0,0,0,0,0,0,0
22.0,0.0,1.0,408.0,0.0,26.0,56.0,1.0,1.0,8.0,0.2727272727272727,0.0,1.0,0.0,0.5333333333333333,0.8666666666666667,0.6050420168067226,0.0,0.0,1,1.0,0.0,1.0,98.0,83510005.0,0.0,0.7386364,0.0,0,0,0,0,0,0,1,0,0,0,0,0,0,0,1,0,0,0,0,0,0,0
23.0,0.0,1.0,381.5,0.0,15.0,60.0,0.0,0.0,11.0,0.36363636363636354,0.0,1.0,0.0,0.4444444444444444,0.8666666666666667,0.36974789915966383,0.0,0.0,0,1.0,0.0,1.0,98.0,63550005.0,0.0,0.7386364,0.0,0,0,0,0,0,0,1,0,0,0,0,0,0,0,0,0,0,1,0,0,0,0
25.0,1.0,0.0,0.0,0.0,0.0,0.0,0.0,0.0,11.0,0.45454545454545436,1.0,0.0,0.0,0.0,0.0,0.0,0.0,0.0,1,0.0,0.0,1.0,98.0,93510005.0,1.0,0.7386364,1.0,0,0,0,0,0,0,1,0,0,0,0,0,0,0,0,1,0,0,0,0,0,0
26.0,0.0,1.0,240.0,0.0,12.0,18.0,0.0,0.0,7.0,0.6363636363636365,0.0,1.0,0.0,0.2222222222222222,0.4,0.15126050420168066,0.0,0.0,0,1.0,0.0,1.0,99.0,66210010.0,0.0,0.7909091,0.0,0,0,0,0,0,0,1,0,0,0,0,1,0,0,0,0,0,0,0,0,0,0
23.0,0.0,0.0,0.0,0.0,0.0,0.0,0.0,0.0,8.0,0.36363636363636354,0.0,1.0,0.18,0.0,0.8666666666666667,0.6386554621848739,0.0,0.0,0,0.0,1.0,1.0,99.0,93510025.0,1.0,0.7909091,0.0,0,0,0,0,0,0,1,0,0,0,0,1,0,0,0,0,0,0,0,0,0,0
21.0,0.0,1.0,0.0,80000.0,26.0,74.0,0.0,0.0,8.0,0.09090909090909083,0.0,1.0,0.39999999999999997,0.0,0.8666666666666667,0.5042016806722689,0.0,0.0,1,0.0,1.0,1.0,99.0,13620005.0,0.0,0.7909091,0.0,0,0,0,0,0,0,1,0,0,0,0,0,0,0,1,0,0,0,0,0,0,0
24.0,0.0,1.0,408.0,0.0,26.0,44.0,1.0,1.0,7.0,0.36363636363636354,0.0,1.0,0.35,0.0,0.5,0.1680672268907563,0.0,0.0,1,1.0,1.0,1.0,99.0,63240050.0,0.0,0.7909091,0.0,0,0,0,0,0,0,1,0,0,0,0,0,0,1,0,0,0,0,0,0,0,0
25.0,0.0,1.0,408.0,0.0,20.0,48.0,1.0,1.0,11.0,0.45454545454545436,0.0,1.0,0.27999999999999997,0.0,0.7333333333333333,0.25210084033613445,0.0,0.0,0,1.0,1.0,1.0,99.0,83330005.0,0.0,0.7909091,0.0,0,0,0,0,0,0,1,0,0,0,0,0,0,0,0,0,0,1,0,0,0,0
25.0,1.0,1.0,408.0,0.0,26.0,48.0,0.0,0.0,5.0,0.45454545454545436,1.0,1.0,0.408,0.0,0.8666666666666667,0.42016806722689076,1.0,1.0,0,1.0,1.0,1.0,99.0,66210010.0,0.0,0.7909091,0.0,0,0,0,0,0,0,1,0,0,0,0,1,0,0,0,0,0,0,0,0,0,0
21.0,0.0,1.0,408.0,0.0,26.0,48.0,1.0,1.0,11.0,0.18181818181818188,0.0,0.0,0.0,0.0,0.0,0.0,0.0,0.0,0,1.0,0.0,1.0,99.0,13310010.0,1.0,0.7909091,0.0,0,0,0,0,0,0,1,0,0,0,0,0,0,0,0,0,1,0,0,0,0,0
24.0,1.0,0.0,0.0,0.0,0.0,0.0,0.0,0.0,9.0,0.36363636363636354,1.0,1.0,0.0,0.0,0.8666666666666667,0.40336134453781514,0.0,0.0,0,0.0,0.0,1.0,99.0,93510025.0,1.0,0.7909091,0.0,0,0,0,0,0,0,1,0,0,0,0,0,0,0,0,0,0,1,0,0,0,0
22.0,1.0,1.0,480.0,0.0,26.0,72.0,1.0,1.0,11.0,0.18181818181818188,1.0,1.0,0.44,0.0,0.8666666666666667,0.6050420168067226,0.0,0.0,0,1.0,1.0,1.0,99.0,66210010.0,0.0,0.7909091,0.0,0,0,0,0,0,0,1,0,0,0,0,0,0,0,0,0,0,1,0,0,0,0
20.0,0.0,1.0,520.0,0.0,26.0,52.0,1.0,1.0,11.0,0.09090909090909083,0.0,1.0,0.0,0.2222222222222222,0.8666666666666667,0.3025210084033613,0.0,0.0,1,1.0,0.0,1.0,99.0,13120005.0,1.0,0.7909091,1.0,0,0,0,0,0,0,1,0,0,0,0,0,0,0,0,0,1,0,0,0,0,0
19.0,0.0,0.0,0.0,0.0,0.0,0.0,0.0,0.0,9.0,0.0,0.0,0.0,0.0,0.0,0.0,0.0,0.0,0.0,1,0.0,0.0,1.0,99.0,63240050.0,1.0,0.7909091,1.0,0,0,0,0,0,0,1,0,0,0,0,0,0,0,0,1,0,0,0,0,0,0
25.0,0.0,1.0,420.0,0.0,26.0,60.0,1.0,1.0,11.0,0.45454545454545436,0.0,1.0,0.19999999999999998,0.0,0.8666666666666667,0.40336134453781514,0.0,0.0,0,1.0,1.0,1.0,99.0,13120005.0,1.0,0.7909091,0.0,0,0,0,0,0,0,1,0,0,0,0,0,0,0,0,0,0,1,0,0,0,0
26.0,0.0,1.0,0.0,20000.0,7.0,42.0,0.0,0.0,11.0,0.6363636363636365,0.0,1.0,0.0,0.11555555555555555,0.8666666666666667,0.25210084033613445,0.0,0.0,0,0.0,0.0,1.0,99.0,13530005.0,1.0,0.7909091,0.0,0,0,0,0,0,0,1,0,0,0,0,0,0,0,0,0,0,1,0,0,0,0
26.0,0.0,0.0,0.0,0.0,0.0,0.0,0.0,0.0,11.0,0.5454545454545452,0.0,1.0,0.358,0.0,0.8666666666666667,0.40336134453781514,1.0,1.0,0,0.0,1.0,1.0,99.0,83330005.0,0.0,0.7909091,0.0,0,0,0,0,0,0,1,0,0,0,0,0,0,0,0,0,0,1,0,0,0,0
23.0,0.0,1.0,0.0,460000.0,26.0,48.0,0.0,0.0,11.0,0.2727272727272727,0.0,1.0,0.0,0.27777777777777773,0.8666666666666667,0.3529411764705882,0.0,0.0,0,0.0,0.0,1.0,99.0,86110505.0,0.0,0.7909091,0.0,0,0,0,0,0,0,1,0,0,0,0,0,0,0,0,0,0,1,0,0,0,0
25.0,1.0,0.0,0.0,0.0,0.0,0.0,0.0,0.0,11.0,0.5454545454545452,0.0,0.0,0.0,0.0,0.0,0.0,0.0,0.0,0,0.0,0.0,1.0,99.0,13530005.0,1.0,0.7909091,0.0,0,0,0,0,0,0,1,0,0,0,0,0,0,0,0,0,0,1,0,0,0,0
20.0,0.0,0.0,0.0,0.0,0.0,0.0,0.0,0.0,11.0,0.09090909090909083,0.0,1.0,0.16,0.0,0.26666666666666666,0.1680672268907563,0.0,0.0,1,0.0,1.0,1.0,99.0,13530005.0,0.0,0.7909091,0.0,0,0,0,0,0,0,1,0,0,0,0,0,0,0,0,0,0,1,0,0,0,0
23.0,0.0,0.0,0.0,0.0,0.0,0.0,0.0,0.0,11.0,0.36363636363636354,0.0,1.0,0.16,0.0,0.7333333333333333,0.21008403361344538,0.0,0.0,1,0.0,1.0,1.0,99.0,93510025.0,1.0,0.7909091,1.0,0,0,0,0,0,0,1,0,0,0,0,0,0,0,0,0,0,1,0,0,0,0
22.0,0.0,1.0,408.0,0.0,26.0,48.0,1.0,1.0,11.0,0.2727272727272727,0.0,1.0,0.0,0.39999999999999997,0.8666666666666667,0.453781512605042,0.0,0.0,1,1.0,0.0,1.0,99.0,66210010.0,0.0,0.7909091,0.0,0,0,0,0,0,0,1,0,0,0,0,0,0,0,0,0,0,1,0,0,0,0
23.0,0.0,1.0,408.0,0.0,26.0,48.0,1.0,1.0,11.0,0.2727272727272727,0.0,0.0,0.0,0.0,0.0,0.0,0.0,0.0,1,1.0,0.0,1.0,99.0,13620005.0,1.0,0.7909091,1.0,0,0,0,0,0,0,1,0,0,0,0,0,0,0,0,1,0,0,0,0,0,0
25.0,0.0,1.0,408.0,0.0,26.0,48.0,0.0,0.0,11.0,0.5454545454545452,1.0,0.0,0.0,0.0,0.0,0.0,0.0,0.0,0,1.0,0.0,1.0,99.0,93510025.0,1.0,0.7909091,0.0,0,0,0,0,0,0,1,0,0,0,0,0,0,0,0,0,0,1,0,0,0,0
24.0,0.0,1.0,390.0,0.0,20.0,45.0,1.0,1.0,11.0,0.45454545454545436,0.0,1.0,0.0,0.1111111111111111,0.5,0.47058823529411764,0.0,0.0,1,1.0,0.0,1.0,99.0,13310010.0,1.0,0.7909091,1.0,0,0,0,0,0,0,1,0,0,0,0,0,0,0,0,0,0,1,0,0,0,0
26.0,0.0,1.0,408.0,0.0,26.0,56.0,1.0,1.0,11.0,0.6363636363636365,0.0,1.0,0.0,0.26666666666666666,1.0,0.5882352941176471,0.0,0.0,0,1.0,0.0,1.0,99.0,63240050.0,0.0,0.7909091,0.0,0,0,0,0,0,0,1,0,0,0,0,0,0,0,0,0,0,1,0,0,0,0
21.0,0.0,0.0,0.0,0.0,0.0,0.0,0.0,0.0,11.0,0.09090909090909083,0.0,1.0,0.304,0.0,0.5333333333333333,0.3361344537815126,0.0,1.0,0,0.0,1.0,1.0,99.0,66210010.0,0.0,0.7909091,0.0,0,0,0,0,0,0,1,0,0,0,0,0,0,0,0,0,1,0,0,0,0,0
20.0,0.0,1.0,2000.0,0.0,26.0,48.0,1.0,1.0,11.0,0.0,0.0,1.0,0.0,0.19555555555555554,0.7333333333333333,0.21008403361344538,0.0,0.0,1,1.0,0.0,1.0,99.0,13310010.0,0.0,0.7909091,0.0,0,0,0,0,0,0,1,0,0,0,0,0,0,0,0,0,0,1,0,0,0,0
26.0,1.0,0.0,0.0,0.0,0.0,0.0,0.0,0.0,11.0,0.5454545454545452,1.0,0.0,0.0,0.0,0.0,0.0,0.0,0.0,1,0.0,0.0,1.0,99.0,63240050.0,1.0,0.7909091,1.0,0,0,0,0,0,0,1,0,0,0,0,0,0,0,0,0,0,1,0,0,0,0
22.0,0.0,1.0,408.0,0.0,26.0,56.0,1.0,1.0,7.0,0.18181818181818188,0.0,1.0,0.36,0.0,0.8666666666666667,0.40336134453781514,1.0,1.0,0,1.0,1.0,1.0,99.0,83330005.0,0.0,0.7909091,0.0,0,0,0,0,0,0,1,0,0,0,0,1,0,0,0,0,0,0,0,0,0,0
24.0,1.0,1.0,408.0,0.0,26.0,48.0,0.0,1.0,9.0,0.36363636363636354,1.0,1.0,0.0,0.17777777777777776,0.26666666666666666,0.15126050420168066,0.0,0.0,0,1.0,0.0,1.0,99.0,63520505.0,1.0,0.7909091,0.0,0,0,0,0,0,0,1,0,0,0,0,1,0,0,0,0,0,0,0,0,0,0
21.0,0.0,0.0,0.0,0.0,0.0,0.0,0.0,0.0,11.0,0.18181818181818188,0.0,0.0,0.0,0.0,0.0,0.0,0.0,0.0,1,0.0,0.0,1.0,99.0,13120005.0,0.0,0.7909091,0.0,0,0,0,0,0,0,1,0,0,0,0,0,0,0,0,0,0,1,0,0,0,0
24.0,1.0,0.0,0.0,0.0,0.0,0.0,0.0,0.0,11.0,0.36363636363636354,1.0,0.0,0.0,0.0,0.0,0.0,0.0,0.0,1,0.0,0.0,1.0,99.0,83330005.0,1.0,0.7909091,1.0,0,0,0,0,0,0,1,0,0,0,0,0,1,0,0,0,0,0,0,0,0,0
21.0,0.0,0.0,0.0,0.0,0.0,0.0,0.0,0.0,11.0,0.09090909090909083,0.0,1.0,0.6,0.0,1.0,0.42016806722689076,0.0,0.0,1,0.0,1.0,1.0,99.0,86110505.0,0.0,0.7909091,0.0,0,0,0,0,0,0,1,0,0,0,0,0,0,0,0,0,0,1,0,0,0,0
20.0,0.0,1.0,408.0,0.0,26.0,48.0,1.0,1.0,11.0,0.0,0.0,0.0,0.0,0.0,0.0,0.0,0.0,0.0,1,1.0,0.0,1.0,99.0,13620005.0,0.0,0.7909091,0.0,0,0,0,0,0,0,1,0,0,0,0,0,0,0,0,0,0,1,0,0,0,0
21.0,1.0,1.0,0.0,150000.0,30.0,28.0,0.0,0.0,11.0,0.09090909090909083,0.0,1.0,0.358,0.0,1.0,0.7058823529411764,0.0,0.0,0,0.0,1.0,1.0,99.0,13310010.0,1.0,0.7909091,0.0,0,0,0,0,0,0,1,0,0,0,0,0,0,0,0,0,0,1,0,0,0,0
21.0,0.0,0.0,0.0,0.0,0.0,0.0,0.0,0.0,11.0,0.09090909090909083,0.0,0.0,0.0,0.0,0.0,0.0,0.0,0.0,0,0.0,0.0,1.0,99.0,13310010.0,1.0,0.7909091,0.0,0,0,0,0,0,0,1,0,0,0,0,0,0,0,0,0,0,1,0,0,0,0
20.0,0.0,0.0,0.0,0.0,0.0,0.0,0.0,0.0,11.0,0.09090909090909083,0.0,0.0,0.0,0.0,0.0,0.0,0.0,0.0,1,0.0,0.0,1.0,99.0,13120005.0,0.0,0.7909091,0.0,0,0,0,0,0,0,1,0,0,0,0,0,0,0,0,0,0,1,0,0,0,0
24.0,1.0,0.0,0.0,0.0,0.0,0.0,0.0,0.0,11.0,0.36363636363636354,1.0,0.0,0.0,0.0,0.0,0.0,0.0,0.0,1,0.0,0.0,1.0,99.0,13530005.0,1.0,0.7909091,1.0,0,0,0,0,0,0,1,0,0,0,0,0,0,0,0,0,0,1,0,0,0,0
19.0,1.0,0.0,0.0,0.0,0.0,0.0,0.0,0.0,5.0,0.0,1.0,1.0,0.12,0.0,0.8666666666666667,0.40336134453781514,0.0,0.0,1,0.0,1.0,1.0,99.0,93510025.0,1.0,0.7909091,1.0,0,0,0,0,0,0,1,0,0,0,0,1,0,0,0,0,0,0,0,0,0,0
20.0,0.0,1.0,408.0,0.0,26.0,48.0,1.0,1.0,9.0,0.09090909090909083,0.0,1.0,0.32,0.0,0.8666666666666667,0.40336134453781514,0.0,0.0,1,1.0,1.0,1.0,99.0,83330005.0,0.0,0.7909091,0.0,0,0,0,0,0,0,1,0,0,0,0,0,0,0,0,1,0,0,0,0,0,0
20.0,0.0,0.0,0.0,0.0,0.0,0.0,0.0,0.0,11.0,0.09090909090909083,0.0,0.0,0.0,0.0,0.0,0.0,0.0,0.0,0,0.0,0.0,1.0,99.0,86110505.0,0.0,0.7909091,0.0,0,0,0,0,0,0,1,0,0,0,0,0,0,1,0,0,0,0,0,0,0,0
25.0,0.0,0.0,0.0,0.0,0.0,0.0,0.0,0.0,9.0,0.45454545454545436,1.0,0.0,0.0,0.0,0.0,0.0,0.0,0.0,0,0.0,0.0,1.0,99.0,13530005.0,1.0,0.7909091,0.0,0,0,0,0,0,0,1,0,0,0,0,0,0,0,0,1,0,0,0,0,0,0
20.0,0.0,0.0,0.0,0.0,0.0,0.0,0.0,0.0,8.0,0.09090909090909083,0.0,0.0,0.0,0.0,0.0,0.0,0.0,0.0,1,0.0,0.0,1.0,99.0,63240050.0,0.0,0.7909091,0.0,0,0,0,0,0,0,1,0,0,0,0,0,0,0,0,1,0,0,0,0,0,0
22.0,1.0,0.0,0.0,0.0,0.0,0.0,0.0,0.0,10.0,0.2727272727272727,0.0,1.0,0.09999999999999999,0.0,0.7333333333333333,0.3361344537815126,0.0,0.0,1,0.0,1.0,1.0,99.0,86110505.0,1.0,0.7909091,1.0,0,0,0,0,0,0,1,0,0,0,0,0,0,0,1,0,0,0,0,0,0,0
25.0,0.0,0.0,0.0,0.0,0.0,0.0,0.0,0.0,11.0,0.45454545454545436,0.0,1.0,0.24,0.0,0.8666666666666667,0.40336134453781514,0.0,1.0,0,0.0,1.0,1.0,99.0,83330005.0,0.0,0.7909091,0.0,0,0,0,0,0,0,1,0,0,0,0,0,0,0,0,0,0,1,0,0,0,0
25.0,0.0,1.0,360.0,0.0,26.0,66.0,0.0,0.0,5.0,0.5454545454545452,0.0,0.0,0.0,0.0,0.0,0.0,0.0,0.0,0,1.0,0.0,1.0,99.0,13620005.0,1.0,0.7909091,0.0,0,0,0,0,0,0,1,0,0,1,0,0,0,0,0,0,0,0,0,0,0,0
22.0,1.0,1.0,408.0,0.0,26.0,48.0,1.0,1.0,9.0,0.18181818181818188,1.0,0.0,0.0,0.0,0.0,0.0,0.0,0.0,1,1.0,0.0,1.0,99.0,83330005.0,1.0,0.7909091,1.0,0,0,0,0,0,0,1,0,0,0,0,0,0,0,1,0,0,0,0,0,0,0
22.0,1.0,1.0,380.0,0.0,26.0,48.0,0.0,0.0,7.0,0.2727272727272727,1.0,0.0,0.0,0.0,0.0,0.0,0.0,0.0,0,1.0,0.0,1.0,99.0,93510025.0,1.0,0.7909091,0.0,0,0,0,0,0,0,1,0,0,0,0,0,1,0,0,0,0,0,0,0,0,0
26.0,1.0,0.0,0.0,0.0,0.0,0.0,0.0,0.0,9.0,0.5454545454545452,1.0,1.0,0.358,0.0,0.8666666666666667,0.453781512605042,0.0,1.0,0,0.0,1.0,1.0,99.0,86110505.0,1.0,0.7909091,0.0,0,0,0,0,0,0,1,0,0,0,0,0,0,0,0,1,0,0,0,0,0,0
24.0,0.0,1.0,480.0,0.0,28.0,56.0,1.0,1.0,11.0,0.36363636363636354,0.0,1.0,0.358,0.0,1.0,0.8235294117647058,0.0,0.0,1,1.0,1.0,1.0,99.0,13310010.0,1.0,0.7909091,1.0,0,0,0,0,0,0,1,0,0,0,0,0,0,0,0,0,0,1,0,0,0,0
21.0,0.0,1.0,480.0,0.0,26.0,77.0,1.0,1.0,10.0,0.18181818181818188,1.0,0.0,0.0,0.0,0.0,0.0,0.0,0.0,0,1.0,0.0,1.0,99.0,86110505.0,1.0,0.7909091,0.0,0,0,0,0,0,0,1,0,0,0,0,1,0,0,0,0,0,0,0,0,0,0
24.0,0.0,1.0,0.0,80000.0,26.0,42.0,0.0,0.0,11.0,0.45454545454545436,0.0,1.0,0.0,0.3111111111111111,0.4,0.20168067226890757,0.0,0.0,1,0.0,0.0,1.0,99.0,13310010.0,1.0,0.7909091,1.0,0,0,0,0,0,0,1,0,0,0,0,0,0,0,0,0,0,1,0,0,0,0
25.0,0.0,1.0,300.0,0.0,26.0,56.0,0.0,0.0,6.0,0.5454545454545452,0.0,1.0,0.0,0.3333333333333333,1.0,0.5294117647058824,0.0,0.0,0,1.0,0.0,1.0,99.0,66210010.0,1.0,0.7909091,0.0,0,0,0,0,0,0,1,0,0,0,0,1,0,0,0,0,0,0,0,0,0,0
21.0,0.0,0.0,0.0,0.0,0.0,0.0,0.0,0.0,8.0,0.18181818181818188,0.0,1.0,0.0,0.0,0.8666666666666667,0.3529411764705882,0.0,0.0,0,0.0,0.0,1.0,99.0,93510025.0,1.0,0.7909091,0.0,0,0,0,0,0,0,1,0,0,0,0,0,0,1,0,0,0,0,0,0,0,0
24.0,0.0,0.0,0.0,0.0,0.0,0.0,0.0,0.0,11.0,0.45454545454545436,0.0,1.0,0.0,0.39999999999999997,0.4,0.3025210084033613,0.0,0.0,0,0.0,0.0,1.0,99.0,63240050.0,0.0,0.7909091,0.0,0,0,0,0,0,0,1,0,0,0,0,0,0,0,0,0,0,1,0,0,0,0
26.0,1.0,0.0,0.0,0.0,0.0,0.0,0.0,0.0,11.0,0.6363636363636365,0.0,0.0,0.0,0.0,0.0,0.0,0.0,0.0,0,0.0,0.0,1.0,99.0,63240050.0,1.0,0.7909091,0.0,0,0,0,0,0,0,1,0,0,0,0,0,0,0,0,0,1,0,0,0,0,0
24.0,0.0,0.0,0.0,0.0,0.0,0.0,0.0,0.0,5.0,0.36363636363636354,0.0,0.0,0.0,0.0,0.0,0.0,0.0,0.0,1,0.0,0.0,1.0,99.0,63520505.0,0.0,0.7909091,0.0,0,0,0,0,0,0,1,0,0,0,0,1,0,0,0,0,0,0,0,0,0,0
23.0,0.0,0.0,0.0,0.0,0.0,0.0,0.0,0.0,9.0,0.2727272727272727,0.0,0.0,0.0,0.0,0.0,0.0,0.0,0.0,1,0.0,0.0,1.0,99.0,86110505.0,1.0,0.7909091,1.0,0,0,0,0,0,0,1,0,0,0,0,0,0,0,0,1,0,0,0,0,0,0
21.0,0.0,0.0,0.0,0.0,0.0,0.0,0.0,0.0,11.0,0.09090909090909083,0.0,1.0,0.0,0.3333333333333333,0.8666666666666667,0.38655462184873945,0.0,0.0,1,0.0,0.0,1.0,99.0,13530005.0,1.0,0.7909091,1.0,0,0,0,0,0,0,1,0,0,0,0,0,0,0,0,0,1,0,0,0,0,0
24.0,0.0,1.0,180.0,0.0,12.0,24.0,0.0,0.0,6.0,0.45454545454545436,0.0,1.0,0.0,0.3555555555555555,0.8666666666666667,0.4621848739495798,0.0,0.0,1,1.0,0.0,1.0,99.0,13620005.0,0.0,0.7909091,0.0,0,0,0,0,0,0,1,0,0,0,0,0,1,0,0,0,0,0,0,0,0,0
22.0,0.0,0.0,0.0,0.0,0.0,0.0,0.0,0.0,12.0,0.2727272727272727,0.0,0.0,0.0,0.0,0.0,0.0,0.0,0.0,1,0.0,0.0,1.0,99.0,13310010.0,0.0,0.7909091,0.0,0,0,0,0,0,0,1,0,0,0,0,0,0,0,0,0,0,1,0,0,0,0
23.0,0.0,0.0,0.0,0.0,0.0,0.0,0.0,0.0,11.0,0.2727272727272727,0.0,0.0,0.0,0.0,0.0,0.0,0.0,0.0,0,0.0,0.0,1.0,99.0,63240050.0,1.0,0.7909091,0.0,0,0,0,0,0,0,1,0,0,0,0,0,0,0,0,1,0,0,0,0,0,0
21.0,0.0,0.0,0.0,0.0,0.0,0.0,0.0,0.0,9.0,0.09090909090909083,0.0,1.0,0.0,0.5555555555555555,0.8666666666666667,0.453781512605042,0.0,0.0,0,0.0,0.0,1.0,99.0,83330005.0,0.0,0.7909091,0.0,0,0,0,0,0,0,1,0,0,0,0,0,0,1,0,0,0,0,0,0,0,0
24.0,1.0,1.0,408.0,0.0,20.0,35.0,0.0,0.0,5.0,0.36363636363636354,1.0,1.0,0.39999999999999997,0.0,0.8333333333333334,0.3361344537815126,0.0,0.0,0,1.0,1.0,1.0,99.0,63240050.0,0.0,0.7909091,0.0,0,0,0,0,0,0,1,0,0,0,0,0,0,1,0,0,0,0,0,0,0,0
27.0,0.0,0.0,0.0,0.0,0.0,0.0,0.0,0.0,10.0,0.6363636363636365,0.0,1.0,0.0,0.08888888888888888,0.4,0.15126050420168066,0.0,0.0,0,0.0,0.0,1.0,99.0,63240050.0,1.0,0.7909091,0.0,0,0,0,0,0,0,1,0,0,0,0,0,0,0,0,1,0,0,0,0,0,0
20.0,0.0,0.0,0.0,0.0,0.0,0.0,0.0,0.0,7.0,0.09090909090909083,0.0,0.0,0.0,0.0,0.0,0.0,0.0,0.0,1,0.0,0.0,1.0,99.0,63240050.0,1.0,0.7909091,1.0,0,0,0,0,0,0,1,0,0,0,0,0,0,1,0,0,0,0,0,0,0,0
22.0,0.0,0.0,0.0,0.0,0.0,0.0,0.0,0.0,11.0,0.18181818181818188,0.0,0.0,0.0,0.0,0.0,0.0,0.0,0.0,0,0.0,0.0,1.0,99.0,13310010.0,1.0,0.7909091,0.0,0,0,0,0,0,0,1,0,0,0,0,0,0,0,1,0,0,0,0,0,0,0
20.0,0.0,0.0,0.0,0.0,0.0,0.0,0.0,0.0,11.0,0.0,0.0,1.0,0.39999999999999997,0.0,1.0,0.7058823529411764,0.0,1.0,1,0.0,1.0,1.0,99.0,63240050.0,0.0,0.7909091,0.0,0,0,0,0,0,0,1,0,0,0,0,0,0,0,0,0,0,1,0,0,0,0
21.0,0.0,1.0,408.0,0.0,30.0,42.0,1.0,1.0,11.0,0.09090909090909083,0.0,1.0,0.358,0.0,0.8666666666666667,0.5042016806722689,1.0,1.0,0,1.0,1.0,1.0,99.0,63240050.0,1.0,0.7909091,0.0,0,0,0,0,0,0,1,0,0,0,0,0,0,0,0,0,0,1,0,0,0,0
23.0,0.0,1.0,450.0,0.0,24.0,45.0,0.0,0.0,8.0,0.2727272727272727,0.0,0.0,0.0,0.0,0.0,0.0,0.0,0.0,1,1.0,0.0,1.0,100.0,93820010.0,1.0,0.7407407,1.0,0,0,0,0,0,0,1,0,0,0,0,0,0,0,0,1,0,0,0,0,0,0
21.0,0.0,1.0,610.0,0.0,20.0,50.0,1.0,1.0,11.0,0.09090909090909083,0.0,1.0,0.358,0.0,0.8666666666666667,0.40336134453781514,1.0,1.0,1,1.0,1.0,1.0,100.0,93820010.0,1.0,0.7407407,1.0,0,0,0,0,0,0,1,0,0,0,0,0,0,0,0,0,0,1,0,0,0,0
22.0,0.0,1.0,700.0,0.0,30.0,54.0,0.0,0.0,11.0,0.2727272727272727,0.0,0.0,0.0,0.0,0.0,0.0,0.0,0.0,1,1.0,0.0,1.0,100.0,93820010.0,1.0,0.7407407,1.0,0,0,0,0,0,0,1,0,0,0,0,0,0,0,0,0,0,1,0,0,0,0
20.0,0.0,0.0,0.0,0.0,0.0,0.0,0.0,0.0,11.0,0.09090909090909083,0.0,0.0,0.0,0.0,0.0,0.0,0.0,0.0,1,0.0,0.0,1.0,100.0,93820010.0,0.0,0.7407407,0.0,0,0,0,0,0,0,1,0,0,0,0,0,0,0,0,0,0,1,0,0,0,0
21.0,0.0,1.0,408.0,0.0,26.0,48.0,0.0,0.0,11.0,0.18181818181818188,0.0,1.0,0.24,0.0,0.7333333333333333,0.40336134453781514,0.0,0.0,0,1.0,1.0,1.0,100.0,93820010.0,0.0,0.7407407,0.0,0,0,0,0,0,0,1,0,0,0,0,0,0,0,0,0,0,1,0,0,0,0
23.0,0.0,1.0,400.0,0.0,26.0,48.0,0.0,0.0,11.0,0.2727272727272727,0.0,1.0,0.22499999999999998,0.0,0.5,0.40336134453781514,0.0,0.0,0,1.0,1.0,1.0,100.0,93820010.0,0.0,0.7407407,0.0,0,0,0,0,0,0,1,0,0,0,0,0,0,0,0,0,0,1,0,0,0,0
21.0,1.0,1.0,408.0,0.0,26.0,48.0,1.0,1.0,11.0,0.18181818181818188,0.0,0.0,0.0,0.0,0.0,0.0,0.0,0.0,1,1.0,0.0,1.0,100.0,93820010.0,0.0,0.7407407,0.0,0,0,0,0,0,0,1,0,0,0,0,0,0,0,0,0,1,0,0,0,0,0
23.0,0.0,0.0,0.0,0.0,0.0,0.0,0.0,0.0,11.0,0.36363636363636354,0.0,1.0,0.0,0.3333333333333333,0.8666666666666667,0.3361344537815126,0.0,0.0,0,0.0,0.0,1.0,100.0,93820010.0,0.0,0.7407407,0.0,0,0,0,0,0,0,1,0,0,0,0,0,0,0,0,0,0,1,0,0,0,0
23.0,0.0,1.0,340.0,0.0,26.0,48.0,1.0,1.0,11.0,0.2727272727272727,0.0,1.0,0.3,0.0,0.8666666666666667,0.5546218487394958,0.0,0.0,0,1.0,1.0,1.0,100.0,93820010.0,0.0,0.7407407,0.0,0,0,0,0,0,0,1,0,0,0,0,0,0,0,0,0,0,1,0,0,0,0
23.0,1.0,0.0,0.0,0.0,0.0,0.0,0.0,0.0,11.0,0.36363636363636354,1.0,1.0,0.0,0.06,0.4,0.3025210084033613,0.0,0.0,0,0.0,0.0,1.0,101.0,85220005.0,0.0,0.7478261,0.0,0,0,0,0,0,0,1,0,0,0,0,0,0,0,0,0,0,1,0,0,0,0
24.0,0.0,0.0,0.0,0.0,0.0,0.0,0.0,0.0,11.0,0.36363636363636354,0.0,1.0,0.0,0.3111111111111111,0.8666666666666667,0.42016806722689076,0.0,0.0,0,0.0,0.0,1.0,101.0,85220005.0,0.0,0.7478261,0.0,0,0,0,0,0,0,1,0,0,0,0,0,0,0,0,0,0,1,0,0,0,0
21.0,0.0,0.0,0.0,0.0,0.0,0.0,0.0,0.0,7.0,0.18181818181818188,0.0,1.0,0.38,0.0,0.8666666666666667,0.40336134453781514,0.0,1.0,1,0.0,1.0,1.0,101.0,85220005.0,0.0,0.7478261,0.0,0,0,0,0,0,0,1,0,0,0,0,0,0,1,0,0,0,0,0,0,0,0
22.0,0.0,1.0,408.0,0.0,20.0,50.0,1.0,1.0,11.0,0.2727272727272727,0.0,1.0,0.35,0.0,1.0,0.3529411764705882,0.0,0.0,0,1.0,1.0,1.0,101.0,13310010.0,1.0,0.7478261,0.0,0,0,0,0,0,0,1,0,0,0,0,0,0,0,0,0,0,1,0,0,0,0
22.0,0.0,0.0,0.0,0.0,0.0,0.0,0.0,0.0,11.0,0.18181818181818188,0.0,0.0,0.0,0.0,0.0,0.0,0.0,0.0,1,0.0,0.0,1.0,101.0,13310010.0,1.0,0.7478261,1.0,0,0,0,0,0,0,1,0,0,0,0,0,0,0,0,0,0,1,0,0,0,0
24.0,0.0,1.0,1000.0,0.0,30.0,56.0,1.0,1.0,7.0,0.36363636363636354,0.0,1.0,0.0,0.6222222222222222,0.8666666666666667,0.40336134453781514,0.0,0.0,0,1.0,0.0,1.0,101.0,13610005.0,0.0,0.7478261,0.0,0,0,0,0,0,0,1,0,0,0,0,0,0,0,0,1,0,0,0,0,0,0
22.0,0.0,1.0,0.0,300000.0,30.0,56.0,0.0,0.0,11.0,0.18181818181818188,0.0,1.0,0.358,0.0,0.8666666666666667,0.40336134453781514,1.0,0.0,0,0.0,1.0,1.0,101.0,85220005.0,0.0,0.7478261,0.0,0,0,0,0,0,0,1,0,0,0,0,0,0,0,0,1,0,0,0,0,0,0
20.0,0.0,0.0,0.0,0.0,0.0,0.0,0.0,0.0,11.0,0.09090909090909083,0.0,0.0,0.0,0.0,0.0,0.0,0.0,0.0,0,0.0,0.0,1.0,101.0,13610005.0,1.0,0.7478261,0.0,0,0,0,0,0,0,1,0,0,0,0,0,0,0,1,0,0,0,0,0,0,0
25.0,1.0,1.0,408.0,0.0,26.0,56.0,1.0,1.0,11.0,0.45454545454545436,0.0,1.0,0.16799999999999998,0.0,0.7333333333333333,0.1680672268907563,0.0,1.0,1,1.0,1.0,1.0,101.0,13310010.0,1.0,0.7478261,1.0,0,0,0,0,0,0,1,0,0,0,0,0,0,0,0,0,0,1,0,0,0,0
22.0,0.0,0.0,0.0,0.0,0.0,0.0,0.0,0.0,6.0,0.2727272727272727,0.0,0.0,0.0,0.0,0.0,0.0,0.0,0.0,1,0.0,0.0,1.0,101.0,85220005.0,0.0,0.7478261,0.0,0,0,0,0,0,0,1,0,0,0,0,0,0,0,0,1,0,0,0,0,0,0
22.0,0.0,0.0,0.0,0.0,0.0,0.0,0.0,0.0,11.0,0.2727272727272727,0.0,0.0,0.0,0.0,0.0,0.0,0.0,0.0,1,0.0,0.0,1.0,101.0,13310010.0,1.0,0.7478261,1.0,0,0,0,0,0,0,1,0,0,0,0,0,0,0,0,0,0,1,0,0,0,0
23.0,0.0,1.0,480.0,0.0,24.0,84.0,0.0,0.0,5.0,0.2727272727272727,0.0,0.0,0.0,0.0,0.0,0.0,0.0,0.0,0,1.0,0.0,1.0,101.0,13610005.0,0.0,0.7478261,0.0,0,0,0,0,0,0,1,0,0,0,0,0,1,0,0,0,0,0,0,0,0,0
21.0,0.0,0.0,0.0,0.0,0.0,0.0,0.0,0.0,5.0,0.09090909090909083,0.0,0.0,0.0,0.0,0.0,0.0,0.0,0.0,1,0.0,0.0,1.0,101.0,13610005.0,0.0,0.7478261,0.0,0,0,0,0,0,0,1,0,0,0,0,0,0,0,0,0,0,1,0,0,0,0
23.0,0.0,1.0,408.0,0.0,26.0,56.0,1.0,1.0,11.0,0.36363636363636354,0.0,0.0,0.0,0.0,0.0,0.0,0.0,0.0,0,1.0,0.0,1.0,101.0,85220005.0,0.0,0.7478261,0.0,0,0,0,0,0,0,1,0,0,0,0,0,0,0,0,0,0,1,0,0,0,0
21.0,0.0,0.0,0.0,0.0,0.0,0.0,0.0,0.0,7.0,0.18181818181818188,0.0,1.0,0.0,0.1111111111111111,0.8,0.3529411764705882,0.0,0.0,1,0.0,0.0,1.0,101.0,13610005.0,1.0,0.7478261,1.0,0,0,0,0,0,0,1,0,0,0,0,0,0,0,0,1,0,0,0,0,0,0
25.0,0.0,1.0,0.0,500000.0,24.0,48.0,0.0,0.0,5.0,0.45454545454545436,0.0,1.0,0.15,0.0,0.6666666666666666,0.3361344537815126,0.0,0.0,1,0.0,1.0,1.0,101.0,85220005.0,0.0,0.7478261,0.0,0,0,0,0,0,0,1,0,0,0,0,1,0,0,0,0,0,0,0,0,0,0
20.0,0.0,1.0,500.0,0.0,26.0,48.0,0.0,1.0,5.0,0.09090909090909083,0.0,1.0,0.36,0.0,0.7333333333333333,0.42016806722689076,0.0,0.0,0,1.0,1.0,1.0,101.0,13610005.0,0.0,0.7478261,0.0,0,0,0,0,0,0,1,0,0,0,0,0,0,1,0,0,0,0,0,0,0,0
22.0,0.0,1.0,408.0,0.0,30.0,56.0,1.0,1.0,11.0,0.2727272727272727,0.0,1.0,0.0,0.02222222222222222,0.8666666666666667,0.6050420168067226,0.0,0.0,1,1.0,0.0,1.0,101.0,13310010.0,0.0,0.7478261,0.0,0,0,0,0,0,0,1,0,0,0,0,0,1,0,0,0,0,0,0,0,0,0
23.0,1.0,0.0,0.0,0.0,0.0,0.0,0.0,0.0,10.0,0.2727272727272727,1.0,0.0,0.0,0.0,0.0,0.0,0.0,0.0,1,0.0,0.0,1.0,101.0,13610005.0,1.0,0.7478261,1.0,0,0,0,0,0,0,1,0,0,0,0,0,0,0,0,0,0,1,0,0,0,0
21.0,0.0,0.0,0.0,0.0,0.0,0.0,0.0,0.0,11.0,0.09090909090909083,0.0,0.0,0.0,0.0,0.0,0.0,0.0,0.0,1,0.0,0.0,1.0,101.0,13610005.0,0.0,0.7478261,0.0,0,0,0,0,0,0,1,0,0,0,0,0,0,0,0,0,1,0,0,0,0,0
22.0,0.0,1.0,320.0,0.0,26.0,72.0,0.0,0.0,9.0,0.18181818181818188,0.0,1.0,0.0,0.06111111111111111,0.13333333333333333,0.2689075630252101,0.0,0.0,1,1.0,0.0,1.0,101.0,13610005.0,0.0,0.7478261,0.0,0,0,0,0,0,0,1,0,0,0,0,0,1,0,0,0,0,0,0,0,0,0
26.0,0.0,1.0,560.0,0.0,6.0,60.0,0.0,0.0,11.0,0.5454545454545452,0.0,1.0,0.0,0.3555555555555555,0.8666666666666667,0.5042016806722689,0.0,0.0,1,1.0,0.0,1.0,101.0,85220005.0,0.0,0.7478261,0.0,0,0,0,0,0,0,1,0,0,0,0,0,0,0,0,0,0,1,0,0,0,0
23.0,0.0,1.0,408.0,0.0,20.0,50.0,0.0,1.0,11.0,0.36363636363636354,0.0,0.0,0.0,0.0,0.0,0.0,0.0,0.0,0,1.0,0.0,1.0,102.0,93820010.0,0.0,0.75,0.0,0,0,0,0,0,0,1,0,0,0,0,0,0,0,0,0,0,1,0,0,0,0
24.0,0.0,1.0,336.0,0.0,26.0,48.0,0.0,0.0,11.0,0.36363636363636354,0.0,1.0,0.24,0.0,0.4,0.3025210084033613,0.0,0.0,0,1.0,1.0,1.0,102.0,13120040.0,1.0,0.75,0.0,0,0,0,0,0,0,1,0,0,0,0,0,0,0,0,0,0,1,0,0,0,0
24.0,0.0,1.0,920.0,0.0,26.0,56.0,1.0,1.0,11.0,0.36363636363636354,0.0,0.0,0.0,0.0,0.0,0.0,0.0,0.0,1,1.0,0.0,1.0,102.0,93820010.0,0.0,0.75,0.0,0,0,0,0,0,0,1,0,0,0,0,0,0,0,0,0,0,1,0,0,0,0
21.0,0.0,1.0,408.0,0.0,26.0,48.0,1.0,1.0,11.0,0.09090909090909083,0.0,1.0,0.39999999999999997,0.0,0.8666666666666667,0.453781512605042,0.0,0.0,0,1.0,1.0,1.0,102.0,93820010.0,0.0,0.75,0.0,0,0,0,0,0,0,1,0,0,0,0,0,0,0,0,0,0,1,0,0,0,0
21.0,1.0,1.0,408.0,0.0,26.0,66.0,1.0,1.0,11.0,0.18181818181818188,1.0,0.0,0.0,0.0,0.0,0.0,0.0,0.0,0,1.0,0.0,1.0,102.0,13120040.0,1.0,0.75,0.0,0,0,0,0,0,0,1,0,0,0,0,0,0,0,0,0,0,1,0,0,0,0
21.0,0.0,0.0,0.0,0.0,0.0,0.0,0.0,0.0,11.0,0.09090909090909083,0.0,0.0,0.0,0.0,0.0,0.0,0.0,0.0,1,0.0,0.0,1.0,102.0,63220245.0,1.0,0.75,1.0,0,0,0,0,0,0,1,0,0,0,0,0,0,0,0,0,0,1,0,0,0,0
22.0,0.0,1.0,200.0,0.0,12.0,30.0,0.0,0.0,11.0,0.18181818181818188,0.0,0.0,0.0,0.0,0.0,0.0,0.0,0.0,1,1.0,0.0,1.0,102.0,13120040.0,1.0,0.75,1.0,0,0,0,0,0,0,1,0,0,0,0,0,0,0,0,0,0,1,0,0,0,0
23.0,0.0,0.0,0.0,0.0,0.0,0.0,0.0,0.0,11.0,0.2727272727272727,0.0,0.0,0.0,0.0,0.0,0.0,0.0,0.0,1,0.0,0.0,1.0,102.0,63220245.0,1.0,0.75,1.0,0,0,0,0,0,0,1,0,0,0,0,0,0,0,0,0,0,1,0,0,0,0
23.0,0.0,0.0,0.0,0.0,0.0,0.0,0.0,0.0,11.0,0.36363636363636354,0.0,0.0,0.0,0.0,0.0,0.0,0.0,0.0,1,0.0,0.0,1.0,102.0,63220245.0,1.0,0.75,1.0,0,0,0,0,0,0,1,0,0,0,0,0,0,0,0,0,0,1,0,0,0,0
23.0,0.0,1.0,408.0,0.0,30.0,63.0,0.0,1.0,11.0,0.2727272727272727,0.0,0.0,0.0,0.0,0.0,0.0,0.0,0.0,0,1.0,0.0,1.0,102.0,13120040.0,1.0,0.75,0.0,0,0,0,0,0,0,1,0,0,0,0,0,0,0,0,0,0,1,0,0,0,0
26.0,1.0,0.0,0.0,0.0,0.0,0.0,0.0,0.0,8.0,0.6363636363636365,0.0,0.0,0.0,0.0,0.0,0.0,0.0,0.0,0,0.0,0.0,1.0,102.0,13120040.0,1.0,0.75,0.0,0,0,0,0,0,0,1,0,0,0,0,0,0,0,0,1,0,0,0,0,0,0
25.0,1.0,0.0,0.0,0.0,0.0,0.0,0.0,0.0,11.0,0.45454545454545436,1.0,0.0,0.0,0.0,0.0,0.0,0.0,0.0,0,0.0,0.0,1.0,102.0,13120040.0,1.0,0.75,0.0,0,0,0,0,0,0,1,0,0,0,0,0,0,0,0,0,0,1,0,0,0,0
21.0,0.0,1.0,408.0,0.0,26.0,76.0,1.0,1.0,11.0,0.09090909090909083,0.0,0.0,0.0,0.0,0.0,0.0,0.0,0.0,0,1.0,0.0,1.0,102.0,63220245.0,0.0,0.75,0.0,0,0,0,0,0,0,1,0,0,0,0,0,0,0,0,0,0,1,0,0,0,0
23.0,0.0,0.0,0.0,0.0,0.0,0.0,0.0,0.0,11.0,0.36363636363636354,0.0,1.0,0.358,0.0,0.8666666666666667,0.40336134453781514,0.0,0.0,1,0.0,1.0,1.0,102.0,13120040.0,1.0,0.75,1.0,0,0,0,0,0,0,1,0,0,0,0,0,0,0,0,0,0,1,0,0,0,0
23.0,0.0,1.0,408.0,0.0,26.0,52.0,1.0,1.0,11.0,0.2727272727272727,0.0,0.0,0.0,0.0,0.0,0.0,0.0,0.0,1,1.0,0.0,1.0,102.0,93820010.0,0.0,0.75,0.0,0,0,0,0,0,0,1,0,0,0,0,0,0,0,0,0,0,1,0,0,0,0
20.0,0.0,0.0,0.0,0.0,0.0,0.0,0.0,0.0,11.0,0.09090909090909083,0.0,0.0,0.0,0.0,0.0,0.0,0.0,0.0,0,0.0,0.0,1.0,102.0,63220245.0,1.0,0.75,0.0,0,0,0,0,0,0,1,0,0,0,0,0,0,0,0,1,0,0,0,0,0,0
21.0,0.0,1.0,408.0,0.0,26.0,48.0,1.0,1.0,11.0,0.09090909090909083,0.0,1.0,0.0,0.2866666666666666,0.4,0.20168067226890757,0.0,0.0,0,1.0,0.0,1.0,102.0,63220245.0,0.0,0.75,0.0,0,0,0,0,0,0,1,0,0,0,0,0,0,0,0,0,0,1,0,0,0,0
20.0,1.0,1.0,470.0,0.0,30.0,91.0,0.0,0.0,11.0,0.09090909090909083,0.0,0.0,0.0,0.0,0.0,0.0,0.0,0.0,0,1.0,0.0,1.0,102.0,13120040.0,1.0,0.75,0.0,0,0,0,0,0,0,1,0,0,0,0,0,0,0,0,0,0,1,0,0,0,0
20.0,0.0,1.0,408.0,0.0,26.0,48.0,1.0,1.0,11.0,0.09090909090909083,0.0,0.0,0.0,0.0,0.0,0.0,0.0,0.0,0,1.0,0.0,1.0,102.0,13120040.0,1.0,0.75,0.0,0,0,0,0,0,0,1,0,0,0,0,0,0,0,0,0,0,1,0,0,0,0
24.0,0.0,0.0,0.0,0.0,0.0,0.0,0.0,0.0,11.0,0.45454545454545436,0.0,0.0,0.0,0.0,0.0,0.0,0.0,0.0,0,0.0,0.0,1.0,102.0,63220245.0,1.0,0.75,0.0,0,0,0,0,0,0,1,0,0,0,0,0,0,0,0,0,0,1,0,0,0,0
21.0,0.0,0.0,0.0,0.0,0.0,0.0,0.0,0.0,11.0,0.09090909090909083,0.0,0.0,0.0,0.0,0.0,0.0,0.0,0.0,1,0.0,0.0,1.0,102.0,93820010.0,0.0,0.75,0.0,0,0,0,0,0,0,1,0,0,0,0,0,0,0,0,0,0,1,0,0,0,0
22.0,0.0,1.0,408.0,0.0,26.0,48.0,1.0,1.0,11.0,0.18181818181818188,0.0,1.0,0.39999999999999997,0.0,0.8666666666666667,0.5294117647058824,0.0,0.0,0,1.0,1.0,1.0,102.0,63220245.0,1.0,0.75,0.0,0,0,0,0,0,0,1,0,0,0,0,0,0,0,0,0,0,1,0,0,0,0
21.0,0.0,1.0,408.0,0.0,26.0,63.0,1.0,1.0,11.0,0.09090909090909083,0.0,1.0,0.0,0.4222222222222222,0.8666666666666667,0.6050420168067226,0.0,0.0,1,1.0,0.0,1.0,102.0,13120040.0,1.0,0.75,1.0,0,0,0,0,0,0,1,0,0,0,0,0,0,0,0,0,0,1,0,0,0,0
20.0,0.0,1.0,408.0,0.0,30.0,70.0,0.0,0.0,11.0,0.0,0.0,0.0,0.0,0.0,0.0,0.0,0.0,0.0,0,1.0,0.0,1.0,103.0,63520505.0,0.0,0.73006135,0.0,0,0,0,0,0,0,1,0,0,0,0,0,0,0,0,1,0,0,0,0,0,0
22.0,0.0,1.0,408.0,0.0,26.0,48.0,0.0,0.0,7.0,0.18181818181818188,0.0,0.0,0.0,0.0,0.0,0.0,0.0,0.0,0,1.0,0.0,1.0,103.0,93510015.0,1.0,0.73006135,0.0,0,0,0,0,0,0,1,0,0,0,0,1,0,0,0,0,0,0,0,0,0,0
24.0,0.0,0.0,0.0,0.0,0.0,0.0,0.0,0.0,6.0,0.45454545454545436,0.0,0.0,0.0,0.0,0.0,0.0,0.0,0.0,1,0.0,0.0,1.0,103.0,63530020.0,1.0,0.73006135,1.0,0,0,0,0,0,0,1,0,0,0,0,0,0,0,1,0,0,0,0,0,0,0
20.0,0.0,0.0,0.0,0.0,0.0,0.0,0.0,0.0,11.0,0.0,0.0,0.0,0.0,0.0,0.0,0.0,0.0,0.0,0,0.0,0.0,1.0,103.0,93510040.0,1.0,0.73006135,0.0,0,0,0,0,0,0,1,0,0,0,0,0,0,0,0,0,1,0,0,0,0,0
23.0,0.0,1.0,320.0,0.0,28.0,60.0,0.0,0.0,7.0,0.2727272727272727,0.0,1.0,0.38,0.0,0.8666666666666667,0.40336134453781514,0.0,0.0,1,1.0,1.0,1.0,103.0,63530020.0,0.0,0.73006135,0.0,0,0,0,0,0,0,1,0,0,0,0,1,0,0,0,0,0,0,0,0,0,0
21.0,0.0,0.0,0.0,0.0,0.0,0.0,0.0,0.0,7.0,0.09090909090909083,0.0,0.0,0.0,0.0,0.0,0.0,0.0,0.0,1,0.0,0.0,1.0,103.0,96170015.0,1.0,0.73006135,1.0,0,0,0,0,0,0,1,0,0,0,0,0,0,0,0,0,0,1,0,0,0,0
21.0,0.0,1.0,381.5,0.0,26.0,48.0,1.0,1.0,11.0,0.18181818181818188,0.0,1.0,0.358,0.0,1.0,0.47058823529411764,0.0,0.0,1,1.0,1.0,1.0,103.0,96170105.0,0.0,0.73006135,0.0,0,0,0,0,0,0,1,0,0,0,0,0,0,0,0,0,0,1,0,0,0,0
24.0,0.0,1.0,240.0,0.0,12.0,24.0,0.0,0.0,8.0,0.45454545454545436,0.0,1.0,0.6,0.0,0.8666666666666667,0.40336134453781514,1.0,0.0,1,1.0,1.0,1.0,103.0,96170015.0,1.0,0.73006135,1.0,0,0,0,0,0,0,1,0,0,0,0,0,1,0,0,0,0,0,0,0,0,0
21.0,0.0,0.0,0.0,0.0,0.0,0.0,0.0,0.0,11.0,0.09090909090909083,0.0,0.0,0.0,0.0,0.0,0.0,0.0,0.0,1,0.0,0.0,1.0,103.0,63530020.0,0.0,0.73006135,0.0,0,0,0,0,0,0,1,0,0,0,0,0,0,0,0,0,0,1,0,0,0,0
26.0,0.0,0.0,0.0,0.0,0.0,0.0,0.0,0.0,11.0,0.6363636363636365,0.0,1.0,0.358,0.0,0.8666666666666667,0.5042016806722689,1.0,0.0,1,0.0,1.0,1.0,103.0,63530020.0,1.0,0.73006135,1.0,0,0,0,0,0,0,1,0,0,0,0,0,0,0,0,0,0,1,0,0,0,0
25.0,0.0,0.0,0.0,0.0,0.0,0.0,0.0,0.0,4.0,0.5454545454545452,0.0,0.0,0.0,0.0,0.0,0.0,0.0,0.0,1,0.0,0.0,1.0,103.0,13620015.0,1.0,0.73006135,1.0,0,0,0,0,0,0,1,0,0,0,1,0,0,0,0,0,0,0,0,0,0,0
24.0,0.0,0.0,0.0,0.0,0.0,0.0,0.0,0.0,11.0,0.36363636363636354,0.0,1.0,0.09999999999999999,0.0,0.26666666666666666,0.20168067226890757,0.0,0.0,1,0.0,1.0,1.0,103.0,63530020.0,0.0,0.73006135,0.0,0,0,0,0,0,0,1,0,0,0,0,0,0,0,0,1,0,0,0,0,0,0
23.0,1.0,1.0,550.0,0.0,7.0,52.0,1.0,1.0,9.0,0.36363636363636354,0.0,1.0,0.33999999999999997,0.0,0.8666666666666667,0.5042016806722689,0.0,0.0,0,1.0,1.0,1.0,103.0,63520505.0,0.0,0.73006135,0.0,0,0,0,0,0,0,1,0,0,0,0,0,0,0,1,0,0,0,0,0,0,0
20.0,0.0,1.0,408.0,0.0,26.0,56.0,1.0,1.0,11.0,0.09090909090909083,0.0,0.0,0.0,0.0,0.0,0.0,0.0,0.0,0,1.0,0.0,1.0,103.0,96170015.0,1.0,0.73006135,0.0,0,0,0,0,0,0,1,0,0,0,0,0,0,0,0,0,0,1,0,0,0,0
26.0,0.0,1.0,500.0,0.0,26.0,43.0,1.0,1.0,11.0,0.6363636363636365,0.0,1.0,0.358,0.0,0.8666666666666667,0.5714285714285714,0.0,0.0,1,1.0,1.0,1.0,103.0,93620015.0,0.0,0.73006135,0.0,0,0,0,0,0,0,1,0,0,0,0,0,0,0,0,0,0,1,0,0,0,0
21.0,0.0,0.0,0.0,0.0,0.0,0.0,0.0,0.0,11.0,0.18181818181818188,0.0,1.0,0.33199999999999996,0.0,0.8666666666666667,0.40336134453781514,1.0,1.0,0,0.0,1.0,1.0,103.0,13120015.0,1.0,0.73006135,0.0,0,0,0,0,0,0,1,0,0,0,0,0,0,0,0,0,0,1,0,0,0,0
24.0,0.0,1.0,160.0,0.0,26.0,48.0,0.0,0.0,9.0,0.45454545454545436,0.0,1.0,0.15,0.0,0.8666666666666667,0.7058823529411764,0.0,1.0,0,1.0,1.0,1.0,103.0,63530020.0,1.0,0.73006135,0.0,0,0,0,0,0,0,1,0,0,0,0,0,0,0,0,0,0,1,0,0,0,0
25.0,1.0,1.0,408.0,0.0,26.0,48.0,1.0,1.0,9.0,0.45454545454545436,1.0,0.0,0.0,0.0,0.0,0.0,0.0,0.0,1,1.0,0.0,1.0,103.0,93510015.0,1.0,0.73006135,1.0,0,0,0,0,0,0,1,0,0,0,0,0,0,0,0,1,0,0,0,0,0,0
22.0,1.0,0.0,0.0,0.0,0.0,0.0,0.0,0.0,5.0,0.18181818181818188,1.0,0.0,0.0,0.0,0.0,0.0,0.0,0.0,0,0.0,0.0,1.0,103.0,93510015.0,1.0,0.73006135,0.0,0,0,0,0,0,0,1,0,0,0,0,1,0,0,0,0,0,0,0,0,0,0
24.0,0.0,1.0,300.0,0.0,26.0,48.0,0.0,0.0,11.0,0.36363636363636354,0.0,1.0,0.358,0.0,0.8666666666666667,0.40336134453781514,0.0,1.0,1,1.0,1.0,1.0,103.0,63240050.0,0.0,0.73006135,0.0,0,0,0,0,0,0,1,0,0,0,0,0,0,0,0,0,0,1,0,0,0,0
24.0,0.0,0.0,0.0,0.0,0.0,0.0,0.0,0.0,11.0,0.36363636363636354,0.0,0.0,0.0,0.0,0.0,0.0,0.0,0.0,1,0.0,0.0,1.0,103.0,93510040.0,1.0,0.73006135,1.0,0,0,0,0,0,0,1,0,0,0,0,0,0,0,0,1,0,0,0,0,0,0
20.0,0.0,1.0,490.0,0.0,30.0,84.0,0.0,0.0,7.0,0.0,0.0,0.0,0.0,0.0,0.0,0.0,0.0,0.0,1,1.0,0.0,1.0,103.0,93510045.0,1.0,0.73006135,1.0,0,0,0,0,0,0,1,0,0,0,0,0,0,0,0,0,1,0,0,0,0,0
25.0,1.0,1.0,200.0,0.0,26.0,48.0,0.0,0.0,9.0,0.5454545454545452,1.0,1.0,0.0,0.26666666666666666,0.8666666666666667,0.6218487394957983,0.0,0.0,0,1.0,0.0,1.0,103.0,93510055.0,1.0,0.73006135,0.0,0,0,0,0,0,0,1,0,0,0,0,0,0,1,0,0,0,0,0,0,0,0
26.0,0.0,1.0,0.0,400000.0,30.0,56.0,0.0,0.0,5.0,0.5454545454545452,0.0,1.0,0.0,0.2222222222222222,1.0,0.3529411764705882,0.0,0.0,1,0.0,0.0,1.0,103.0,63730045.0,1.0,0.73006135,1.0,0,0,0,0,0,0,1,0,0,0,0,0,0,0,0,0,0,1,0,0,0,0
25.0,0.0,1.0,408.0,0.0,26.0,48.0,0.0,1.0,5.0,0.45454545454545436,0.0,1.0,0.24,0.0,0.8666666666666667,0.40336134453781514,0.0,0.0,0,1.0,1.0,1.0,103.0,96170105.0,0.0,0.73006135,0.0,0,0,0,0,0,0,1,0,0,0,1,0,0,0,0,0,0,0,0,0,0,0
21.0,0.0,1.0,408.0,0.0,26.0,56.0,0.0,0.0,10.0,0.18181818181818188,0.0,1.0,0.0,0.18666666666666665,0.4,0.20168067226890757,0.0,0.0,0,1.0,0.0,1.0,103.0,63530020.0,0.0,0.73006135,0.0,0,0,0,0,0,0,1,0,0,0,0,0,0,0,1,0,0,0,0,0,0,0
25.0,0.0,0.0,0.0,0.0,0.0,0.0,0.0,0.0,11.0,0.45454545454545436,0.0,0.0,0.0,0.0,0.0,0.0,0.0,0.0,1,0.0,0.0,1.0,103.0,13120015.0,1.0,0.73006135,1.0,0,0,0,0,0,0,1,0,0,0,0,0,0,0,0,0,0,1,0,0,0,0
25.0,0.0,1.0,408.0,0.0,26.0,48.0,1.0,1.0,11.0,0.5454545454545452,0.0,1.0,0.0,0.39999999999999997,0.8666666666666667,0.40336134453781514,0.0,0.0,0,1.0,0.0,1.0,103.0,13620015.0,0.0,0.73006135,0.0,0,0,0,0,0,0,1,0,0,0,0,0,0,0,0,0,0,1,0,0,0,0
20.0,0.0,0.0,0.0,0.0,0.0,0.0,0.0,0.0,11.0,0.09090909090909083,0.0,1.0,0.144,0.0,0.4,0.2773109243697479,0.0,0.0,1,0.0,1.0,1.0,103.0,63520505.0,0.0,0.73006135,0.0,0,0,0,0,0,0,1,0,0,0,0,1,0,0,0,0,0,0,0,0,0,0
24.0,1.0,0.0,0.0,0.0,0.0,0.0,0.0,0.0,8.0,0.45454545454545436,1.0,1.0,0.0,0.17777777777777776,0.26666666666666666,0.18487394957983191,0.0,0.0,0,0.0,0.0,1.0,103.0,93510055.0,1.0,0.73006135,0.0,0,0,0,0,0,0,1,0,0,0,0,0,0,0,0,1,0,0,0,0,0,0
20.0,1.0,1.0,380.0,0.0,26.0,66.0,1.0,1.0,11.0,0.09090909090909083,0.0,0.0,0.0,0.0,0.0,0.0,0.0,0.0,1,1.0,0.0,1.0,103.0,93510055.0,1.0,0.73006135,1.0,0,0,0,0,0,0,1,0,0,0,0,0,0,0,0,0,0,1,0,0,0,0
24.0,0.0,1.0,200.0,0.0,20.0,48.0,0.0,0.0,11.0,0.36363636363636354,0.0,1.0,0.0,0.19999999999999998,0.7333333333333333,0.3361344537815126,0.0,0.0,0,1.0,0.0,1.0,103.0,93510055.0,1.0,0.73006135,0.0,0,0,0,0,0,0,1,0,0,0,0,0,0,0,0,0,0,1,0,0,0,0
23.0,0.0,0.0,0.0,0.0,0.0,0.0,0.0,0.0,11.0,0.2727272727272727,0.0,1.0,0.0,0.1111111111111111,0.9333333333333333,0.5042016806722689,0.0,0.0,1,0.0,0.0,1.0,103.0,63730045.0,1.0,0.73006135,1.0,0,0,0,0,0,0,1,0,0,0,0,0,0,0,0,0,0,1,0,0,0,0
21.0,1.0,1.0,408.0,0.0,26.0,48.0,1.0,1.0,5.0,0.09090909090909083,0.0,1.0,0.0,0.4444444444444444,0.8,0.40336134453781514,0.0,0.0,1,1.0,0.0,1.0,103.0,93510040.0,0.0,0.73006135,0.0,0,0,0,0,0,0,1,0,0,0,0,1,0,0,0,0,0,0,0,0,0,0
24.0,0.0,0.0,0.0,0.0,0.0,0.0,0.0,0.0,11.0,0.45454545454545436,0.0,1.0,0.26999999999999996,0.0,0.8666666666666667,0.40336134453781514,0.0,0.0,0,0.0,1.0,1.0,103.0,63240050.0,1.0,0.73006135,0.0,0,0,0,0,0,0,1,0,0,0,0,0,0,0,0,0,0,1,0,0,0,0
25.0,0.0,1.0,440.0,0.0,26.0,48.0,0.0,1.0,7.0,0.45454545454545436,0.0,1.0,0.0,0.27777777777777773,1.0,0.5882352941176471,0.0,0.0,1,1.0,0.0,1.0,103.0,63520505.0,0.0,0.73006135,0.0,0,0,0,0,0,0,1,0,0,0,0,0,0,1,0,0,0,0,0,0,0,0
24.0,0.0,1.0,408.0,0.0,26.0,56.0,1.0,1.0,6.0,0.45454545454545436,0.0,1.0,0.358,0.0,0.8666666666666667,0.40336134453781514,0.0,0.0,1,1.0,1.0,1.0,103.0,93510055.0,0.0,0.73006135,0.0,0,0,0,0,0,0,1,0,0,0,0,0,0,1,0,0,0,0,0,0,0,0
22.0,1.0,1.0,408.0,0.0,26.0,72.0,1.0,0.0,8.0,0.18181818181818188,1.0,0.0,0.0,0.0,0.0,0.0,0.0,0.0,1,1.0,0.0,1.0,103.0,93620015.0,0.0,0.73006135,0.0,0,0,0,0,0,0,1,0,0,0,0,0,0,1,0,0,0,0,0,0,0,0
24.0,0.0,1.0,800.0,0.0,30.0,72.0,1.0,1.0,11.0,0.45454545454545436,0.0,1.0,0.24,0.0,0.8666666666666667,0.40336134453781514,0.0,0.0,0,1.0,1.0,1.0,103.0,93510045.0,1.0,0.73006135,0.0,0,0,0,0,0,0,1,0,0,0,0,0,0,0,0,0,0,1,0,0,0,0
24.0,0.0,0.0,0.0,0.0,0.0,0.0,0.0,0.0,5.0,0.45454545454545436,0.0,0.0,0.0,0.0,0.0,0.0,0.0,0.0,0,0.0,0.0,1.0,103.0,93510055.0,1.0,0.73006135,0.0,0,0,0,0,0,0,1,0,0,0,0,1,0,0,0,0,0,0,0,0,0,0
21.0,0.0,1.0,408.0,0.0,30.0,60.0,0.0,0.0,10.0,0.09090909090909083,0.0,1.0,0.0,0.0,0.4,0.05042016806722689,0.0,0.0,1,1.0,0.0,1.0,103.0,96170015.0,0.0,0.73006135,0.0,0,0,0,0,0,0,1,0,0,0,0,0,0,0,0,0,0,1,0,0,0,0
25.0,0.0,1.0,0.0,240000.0,26.0,48.0,0.0,0.0,3.0,0.45454545454545436,0.0,0.0,0.0,0.0,0.0,0.0,0.0,0.0,1,0.0,0.0,1.0,103.0,63530020.0,0.0,0.73006135,0.0,0,0,0,0,0,0,1,0,0,1,0,0,0,0,0,0,0,0,0,0,0,0
25.0,0.0,1.0,381.5,0.0,26.0,48.0,0.0,1.0,11.0,0.5454545454545452,0.0,1.0,0.36,0.0,0.8666666666666667,0.453781512605042,1.0,1.0,0,1.0,1.0,1.0,103.0,63240050.0,0.0,0.73006135,0.0,0,0,0,0,0,0,1,0,0,0,0,0,0,0,0,0,0,1,0,0,0,0
25.0,0.0,1.0,240.0,0.0,20.0,72.0,0.0,0.0,9.0,0.45454545454545436,0.0,1.0,0.0,0.1511111111111111,0.26666666666666666,0.18487394957983191,0.0,0.0,0,1.0,0.0,1.0,103.0,93510045.0,1.0,0.73006135,0.0,0,0,0,0,0,0,1,0,0,0,0,1,0,0,0,0,0,0,0,0,0,0
24.0,1.0,1.0,408.0,0.0,28.0,56.0,0.0,0.0,11.0,0.45454545454545436,1.0,1.0,0.39999999999999997,0.0,0.8666666666666667,0.40336134453781514,0.0,0.0,1,1.0,1.0,1.0,103.0,93510045.0,0.0,0.73006135,0.0,0,0,0,0,0,0,1,0,0,0,0,0,0,0,0,0,0,1,0,0,0,0
24.0,1.0,0.0,0.0,0.0,0.0,0.0,0.0,0.0,9.0,0.36363636363636354,1.0,0.0,0.0,0.0,0.0,0.0,0.0,0.0,0,0.0,0.0,1.0,103.0,96170015.0,1.0,0.73006135,0.0,0,0,0,0,0,0,1,0,0,0,0,0,0,0,0,1,0,0,0,0,0,0
24.0,0.0,0.0,0.0,0.0,0.0,0.0,0.0,0.0,10.0,0.36363636363636354,0.0,0.0,0.0,0.0,0.0,0.0,0.0,0.0,1,0.0,0.0,1.0,103.0,96170105.0,1.0,0.73006135,1.0,0,0,0,0,0,0,1,0,0,0,0,0,0,0,0,1,0,0,0,0,0,0
24.0,1.0,1.0,408.0,0.0,20.0,48.0,1.0,1.0,8.0,0.36363636363636354,1.0,1.0,0.0,0.08888888888888888,0.4,0.15126050420168066,0.0,0.0,1,1.0,0.0,1.0,103.0,93620015.0,0.0,0.73006135,0.0,0,0,0,0,0,0,1,0,0,0,0,0,1,0,0,0,0,0,0,0,0,0
20.0,0.0,1.0,280.0,0.0,26.0,48.0,1.0,1.0,11.0,0.0,0.0,0.0,0.0,0.0,0.0,0.0,0.0,0.0,1,1.0,0.0,1.0,103.0,63220245.0,1.0,0.73006135,1.0,0,0,0,0,0,0,1,0,0,0,0,0,0,0,0,0,0,1,0,0,0,0
24.0,0.0,1.0,408.0,0.0,26.0,48.0,1.0,1.0,11.0,0.36363636363636354,0.0,1.0,0.358,0.0,0.8666666666666667,0.4369747899159664,0.0,1.0,0,1.0,1.0,1.0,103.0,93620015.0,0.0,0.73006135,0.0,0,0,0,0,0,0,1,0,0,0,0,0,0,0,0,0,0,1,0,0,0,0
25.0,0.0,0.0,0.0,0.0,0.0,0.0,0.0,0.0,5.0,0.5454545454545452,0.0,0.0,0.0,0.0,0.0,0.0,0.0,0.0,0,0.0,0.0,1.0,103.0,63520505.0,1.0,0.73006135,0.0,0,0,0,0,0,0,1,0,0,0,0,1,0,0,0,0,0,0,0,0,0,0
23.0,1.0,0.0,0.0,0.0,0.0,0.0,0.0,0.0,10.0,0.2727272727272727,1.0,1.0,0.0,0.28888888888888886,0.8666666666666667,0.5042016806722689,0.0,0.0,0,0.0,0.0,1.0,103.0,63530020.0,1.0,0.73006135,0.0,0,0,0,0,0,0,1,0,0,0,0,0,0,1,0,0,0,0,0,0,0,0
24.0,0.0,0.0,0.0,0.0,0.0,0.0,0.0,0.0,11.0,0.36363636363636354,0.0,0.0,0.0,0.0,0.0,0.0,0.0,0.0,1,0.0,0.0,1.0,103.0,13120015.0,1.0,0.73006135,1.0,0,0,0,0,0,0,1,0,0,0,0,0,0,0,0,0,0,1,0,0,0,0
25.0,0.0,1.0,320.0,0.0,26.0,36.0,1.0,1.0,11.0,0.45454545454545436,0.0,1.0,0.358,0.0,0.9333333333333333,0.20168067226890757,0.0,1.0,1,1.0,1.0,1.0,103.0,63220245.0,1.0,0.73006135,1.0,0,0,0,0,0,0,1,0,0,0,0,0,0,0,0,0,0,1,0,0,0,0
25.0,0.0,0.0,0.0,0.0,0.0,0.0,0.0,0.0,11.0,0.45454545454545436,0.0,1.0,1.0,0.0,0.7333333333333333,0.3361344537815126,1.0,0.0,0,0.0,1.0,1.0,103.0,93510040.0,0.0,0.73006135,0.0,0,0,0,0,0,0,1,0,0,0,0,0,0,0,0,0,0,1,0,0,0,0
21.0,0.0,0.0,0.0,0.0,0.0,0.0,0.0,0.0,11.0,0.18181818181818188,0.0,0.0,0.0,0.0,0.0,0.0,0.0,0.0,0,0.0,0.0,1.0,103.0,63530020.0,0.0,0.73006135,0.0,0,0,0,0,0,0,1,0,0,0,0,0,0,0,0,0,0,1,0,0,0,0
27.0,1.0,1.0,740.0,0.0,26.0,56.0,0.0,0.0,5.0,0.6363636363636365,1.0,0.0,0.0,0.0,0.0,0.0,0.0,0.0,0,1.0,0.0,1.0,103.0,93620015.0,0.0,0.73006135,0.0,0,0,0,0,0,0,1,0,0,0,0,1,0,0,0,0,0,0,0,0,0,0
24.0,1.0,0.0,0.0,0.0,0.0,0.0,0.0,0.0,11.0,0.45454545454545436,1.0,1.0,0.06,0.0,0.4,0.1764705882352941,0.0,0.0,0,0.0,1.0,1.0,103.0,63520505.0,1.0,0.73006135,0.0,0,0,0,0,0,0,1,0,0,0,0,0,0,0,0,0,0,1,0,0,0,0
25.0,0.0,0.0,0.0,0.0,0.0,0.0,0.0,0.0,11.0,0.45454545454545436,0.0,1.0,0.0,0.08888888888888888,0.8666666666666667,0.25210084033613445,0.0,0.0,1,0.0,0.0,1.0,103.0,93620015.0,1.0,0.73006135,1.0,0,0,0,0,0,0,1,0,0,0,0,0,1,0,0,0,0,0,0,0,0,0
24.0,0.0,0.0,0.0,0.0,0.0,0.0,0.0,0.0,7.0,0.36363636363636354,0.0,1.0,0.0,0.1111111111111111,0.8666666666666667,0.25210084033613445,0.0,0.0,1,0.0,0.0,1.0,103.0,93620015.0,1.0,0.73006135,1.0,0,0,0,0,0,0,1,0,0,0,0,0,0,1,0,0,0,0,0,0,0,0
25.0,0.0,1.0,320.0,0.0,20.0,48.0,0.0,0.0,11.0,0.45454545454545436,0.0,0.0,0.0,0.0,0.0,0.0,0.0,0.0,1,1.0,0.0,1.0,103.0,93510040.0,0.0,0.73006135,0.0,0,0,0,0,0,0,1,0,0,0,0,0,0,0,0,0,0,1,0,0,0,0
24.0,0.0,1.0,580.0,0.0,25.0,66.0,0.0,1.0,6.0,0.36363636363636354,0.0,1.0,0.0,0.058888888888888886,0.4,0.15126050420168066,0.0,0.0,0,1.0,0.0,1.0,103.0,93510045.0,0.0,0.73006135,0.0,0,0,0,0,0,0,1,0,0,0,0,0,1,0,0,0,0,0,0,0,0,0
23.0,1.0,1.0,408.0,0.0,30.0,56.0,1.0,1.0,7.0,0.2727272727272727,1.0,0.0,0.0,0.0,0.0,0.0,0.0,0.0,1,1.0,0.0,1.0,103.0,63520505.0,1.0,0.73006135,1.0,0,0,0,0,0,0,1,0,0,0,0,0,0,1,0,0,0,0,0,0,0,0
22.0,0.0,0.0,0.0,0.0,0.0,0.0,0.0,0.0,5.0,0.18181818181818188,0.0,1.0,0.0,0.035555555555555556,0.13333333333333333,0.05042016806722689,0.0,0.0,0,0.0,0.0,1.0,103.0,13620015.0,1.0,0.73006135,0.0,0,0,0,0,0,0,1,0,0,0,0,1,0,0,0,0,0,0,0,0,0,0
26.0,0.0,0.0,0.0,0.0,0.0,0.0,0.0,0.0,9.0,0.5454545454545452,0.0,1.0,0.32,0.0,0.8666666666666667,0.40336134453781514,0.0,0.0,0,0.0,1.0,1.0,103.0,93510055.0,1.0,0.73006135,0.0,0,0,0,0,0,0,1,0,0,0,0,0,0,0,0,1,0,0,0,0,0,0
21.0,0.0,0.0,0.0,0.0,0.0,0.0,0.0,0.0,6.0,0.09090909090909083,0.0,1.0,0.0,0.26666666666666666,1.0,0.7647058823529411,0.0,0.0,1,0.0,0.0,1.0,103.0,13620015.0,0.0,0.73006135,0.0,0,0,0,0,0,0,1,0,0,0,0,1,0,0,0,0,0,0,0,0,0,0
23.0,1.0,1.0,520.0,0.0,20.0,48.0,0.0,0.0,8.0,0.2727272727272727,0.0,1.0,0.0,0.06666666666666667,1.0,0.0,0.0,0.0,1,1.0,0.0,1.0,103.0,96170015.0,0.0,0.73006135,0.0,0,0,0,0,0,0,1,0,0,0,0,0,0,0,1,0,0,0,0,0,0,0
21.0,1.0,1.0,408.0,0.0,26.0,70.0,1.0,1.0,8.0,0.18181818181818188,1.0,1.0,0.0,0.039999999999999994,0.4,0.25210084033613445,0.0,0.0,1,1.0,0.0,1.0,103.0,63520505.0,0.0,0.73006135,0.0,0,0,0,0,0,0,1,0,0,0,0,0,0,0,0,1,0,0,0,0,0,0
21.0,0.0,1.0,500.0,0.0,26.0,72.0,0.0,0.0,11.0,0.18181818181818188,0.0,0.0,0.0,0.0,0.0,0.0,0.0,0.0,1,1.0,0.0,1.0,103.0,63730045.0,0.0,0.73006135,0.0,0,0,0,0,0,0,1,0,0,0,0,0,0,0,0,0,0,1,0,0,0,0
22.0,0.0,0.0,0.0,0.0,0.0,0.0,0.0,0.0,5.0,0.18181818181818188,0.0,0.0,0.0,0.0,0.0,0.0,0.0,0.0,0,0.0,0.0,1.0,103.0,93510055.0,1.0,0.73006135,0.0,0,0,0,0,0,0,1,0,0,0,0,1,0,0,0,0,0,0,0,0,0,0
23.0,1.0,1.0,408.0,0.0,26.0,60.0,1.0,1.0,11.0,0.2727272727272727,0.0,1.0,0.358,0.0,0.8666666666666667,0.6050420168067226,1.0,1.0,1,1.0,1.0,1.0,103.0,93620015.0,0.0,0.73006135,0.0,0,0,0,0,0,0,1,0,0,0,0,0,0,0,0,0,0,1,0,0,0,0
24.0,0.0,0.0,0.0,0.0,0.0,0.0,0.0,0.0,11.0,0.36363636363636354,0.0,0.0,0.0,0.0,0.0,0.0,0.0,0.0,0,0.0,0.0,1.0,103.0,93510045.0,0.0,0.73006135,0.0,0,0,0,0,0,0,1,0,0,0,0,0,0,0,0,0,0,1,0,0,0,0
24.0,0.0,1.0,180.0,0.0,16.0,16.0,0.0,0.0,11.0,0.36363636363636354,0.0,0.0,0.0,0.0,0.0,0.0,0.0,0.0,1,1.0,0.0,1.0,103.0,63240050.0,0.0,0.73006135,0.0,0,0,0,0,0,0,1,0,0,0,0,0,0,0,0,1,0,0,0,0,0,0
25.0,0.0,0.0,0.0,0.0,0.0,0.0,0.0,0.0,2.0,0.5454545454545452,0.0,0.0,0.0,0.0,0.0,0.0,0.0,0.0,0,0.0,0.0,1.0,103.0,93510055.0,1.0,0.73006135,0.0,0,0,0,0,0,0,1,0,0,0,0,1,0,0,0,0,0,0,0,0,0,0
25.0,0.0,0.0,0.0,0.0,0.0,0.0,0.0,0.0,11.0,0.45454545454545436,0.0,0.0,0.0,0.0,0.0,0.0,0.0,0.0,0,0.0,0.0,1.0,103.0,96170105.0,1.0,0.73006135,0.0,0,0,0,0,0,0,1,0,0,0,0,0,0,0,0,0,0,1,0,0,0,0
23.0,1.0,1.0,230.0,0.0,26.0,48.0,0.0,0.0,11.0,0.2727272727272727,0.0,0.0,0.0,0.0,0.0,0.0,0.0,0.0,0,1.0,0.0,1.0,103.0,93510055.0,1.0,0.73006135,0.0,0,0,0,0,0,0,1,0,0,0,0,1,0,0,0,0,0,0,0,0,0,0
24.0,0.0,0.0,0.0,0.0,0.0,0.0,0.0,0.0,6.0,0.36363636363636354,0.0,1.0,0.24,0.0,1.0,0.5210084033613445,0.0,0.0,1,0.0,1.0,1.0,103.0,93510040.0,1.0,0.73006135,1.0,0,0,0,0,0,0,1,0,0,0,0,1,0,0,0,0,0,0,0,0,0,0
24.0,1.0,0.0,0.0,0.0,0.0,0.0,0.0,0.0,11.0,0.36363636363636354,1.0,0.0,0.0,0.0,0.0,0.0,0.0,0.0,0,0.0,0.0,1.0,103.0,63220245.0,1.0,0.73006135,0.0,0,0,0,0,0,0,1,0,0,0,0,0,0,0,0,0,0,1,0,0,0,0
20.0,0.0,1.0,260.0,0.0,26.0,24.0,0.0,0.0,6.0,0.0,0.0,0.0,0.0,0.0,0.0,0.0,0.0,0.0,0,1.0,0.0,1.0,103.0,96170105.0,1.0,0.73006135,0.0,0,0,0,0,0,0,1,0,0,0,0,0,1,0,0,0,0,0,0,0,0,0
19.0,1.0,0.0,0.0,0.0,0.0,0.0,0.0,0.0,6.0,0.0,1.0,0.0,0.0,0.0,0.0,0.0,0.0,0.0,1,0.0,0.0,1.0,103.0,63730045.0,1.0,0.73006135,1.0,0,0,0,0,0,0,1,0,0,0,0,0,1,0,0,0,0,0,0,0,0,0
24.0,0.0,1.0,408.0,0.0,26.0,54.0,1.0,1.0,11.0,0.36363636363636354,0.0,1.0,0.358,0.0,0.8666666666666667,0.40336134453781514,0.0,0.0,0,1.0,1.0,1.0,103.0,13120015.0,1.0,0.73006135,0.0,0,0,0,0,0,0,1,0,0,0,0,0,0,0,0,0,0,1,0,0,0,0
23.0,0.0,1.0,381.5,0.0,26.0,48.0,1.0,1.0,11.0,0.36363636363636354,0.0,1.0,0.0,0.16799999999999998,1.0,0.23529411764705882,0.0,0.0,1,1.0,0.0,1.0,103.0,93510055.0,1.0,0.73006135,1.0,0,0,0,0,0,0,1,0,0,0,0,0,0,0,0,0,0,1,0,0,0,0
25.0,0.0,0.0,0.0,0.0,0.0,0.0,0.0,0.0,5.0,0.5454545454545452,0.0,0.0,0.0,0.0,0.0,0.0,0.0,0.0,0,0.0,0.0,1.0,103.0,63530020.0,1.0,0.73006135,0.0,0,0,0,0,0,0,1,0,0,0,0,1,0,0,0,0,0,0,0,0,0,0
24.0,0.0,1.0,408.0,0.0,26.0,52.0,1.0,1.0,11.0,0.36363636363636354,0.0,0.0,0.0,0.0,0.0,0.0,0.0,0.0,1,1.0,0.0,1.0,103.0,63240050.0,1.0,0.73006135,1.0,0,0,0,0,0,0,1,0,0,0,0,0,0,0,0,0,0,1,0,0,0,0
25.0,0.0,1.0,180.0,0.0,20.0,48.0,0.0,0.0,6.0,0.5454545454545452,0.0,0.0,0.0,0.0,0.0,0.0,0.0,0.0,0,1.0,0.0,1.0,103.0,63530020.0,1.0,0.73006135,0.0,0,0,0,0,0,0,1,0,0,0,0,0,0,0,0,0,1,0,0,0,0,0
27.0,0.0,1.0,408.0,0.0,26.0,52.0,0.0,0.0,11.0,0.6363636363636365,0.0,1.0,0.312,0.0,0.8666666666666667,0.6050420168067226,0.0,0.0,0,1.0,1.0,1.0,103.0,93620015.0,1.0,0.73006135,0.0,0,0,0,0,0,0,1,0,0,0,0,0,0,0,0,0,0,1,0,0,0,0
24.0,0.0,1.0,170.0,0.0,16.0,40.0,0.0,0.0,4.0,0.36363636363636354,1.0,1.0,0.0,0.4444444444444444,0.6666666666666666,0.37815126050420167,0.0,0.0,0,1.0,0.0,1.0,103.0,96170015.0,1.0,0.73006135,0.0,0,0,0,0,0,0,1,0,0,0,1,0,0,0,0,0,0,0,0,0,0,0
22.0,0.0,1.0,800.0,0.0,30.0,72.0,1.0,1.0,7.0,0.18181818181818188,0.0,1.0,0.32,0.0,0.8666666666666667,0.5630252100840336,0.0,0.0,0,1.0,1.0,1.0,103.0,93510045.0,1.0,0.73006135,0.0,0,0,0,0,0,0,1,0,0,0,0,0,0,1,0,0,0,0,0,0,0,0
22.0,1.0,0.0,0.0,0.0,0.0,0.0,0.0,0.0,7.0,0.18181818181818188,1.0,0.0,0.0,0.0,0.0,0.0,0.0,0.0,1,0.0,0.0,1.0,103.0,96170015.0,1.0,0.73006135,1.0,0,0,0,0,0,0,1,0,0,0,0,0,0,1,0,0,0,0,0,0,0,0
20.0,0.0,1.0,408.0,0.0,28.0,78.0,1.0,1.0,11.0,0.0,0.0,1.0,0.0,0.08888888888888888,0.26666666666666666,0.20168067226890757,0.0,0.0,0,1.0,0.0,1.0,103.0,96170015.0,1.0,0.73006135,0.0,0,0,0,0,0,0,1,0,0,0,0,0,0,0,0,0,0,1,0,0,0,0
27.0,1.0,1.0,408.0,0.0,26.0,60.0,1.0,1.0,9.0,0.6363636363636365,1.0,0.0,0.0,0.0,0.0,0.0,0.0,0.0,1,1.0,0.0,1.0,103.0,93510045.0,1.0,0.73006135,1.0,0,0,0,0,0,0,1,0,0,0,0,0,0,0,0,1,0,0,0,0,0,0
24.0,0.0,0.0,0.0,0.0,0.0,0.0,0.0,0.0,7.0,0.45454545454545436,0.0,0.0,0.0,0.0,0.0,0.0,0.0,0.0,1,0.0,0.0,1.0,103.0,93510040.0,1.0,0.73006135,1.0,0,0,0,0,0,0,1,0,0,0,0,0,0,1,0,0,0,0,0,0,0,0
27.0,0.0,0.0,0.0,0.0,0.0,0.0,0.0,0.0,11.0,0.6363636363636365,0.0,0.0,0.0,0.0,0.0,0.0,0.0,0.0,1,0.0,0.0,1.0,103.0,63220245.0,1.0,0.73006135,1.0,0,0,0,0,0,0,1,0,0,0,0,0,0,0,0,0,0,1,0,0,0,0
20.0,0.0,0.0,0.0,0.0,0.0,0.0,0.0,0.0,8.0,0.09090909090909083,1.0,1.0,0.15,0.0,1.0,0.8235294117647058,0.0,0.0,0,0.0,1.0,1.0,103.0,63730045.0,1.0,0.73006135,0.0,0,0,0,0,0,0,1,0,0,0,0,1,0,0,0,0,0,0,0,0,0,0
25.0,0.0,1.0,408.0,0.0,26.0,48.0,1.0,1.0,9.0,0.5454545454545452,1.0,1.0,0.0,0.0,0.8666666666666667,0.20168067226890757,0.0,0.0,1,1.0,0.0,1.0,103.0,93510015.0,1.0,0.73006135,1.0,0,0,0,0,0,0,1,0,0,0,0,0,0,0,0,1,0,0,0,0,0,0
20.0,1.0,1.0,408.0,0.0,26.0,48.0,0.0,0.0,9.0,0.0,1.0,0.0,0.0,0.0,0.0,0.0,0.0,0.0,0,1.0,0.0,1.0,103.0,63730045.0,1.0,0.73006135,0.0,0,0,0,0,0,0,1,0,0,0,0,1,0,0,0,0,0,0,0,0,0,0
24.0,1.0,0.0,0.0,0.0,0.0,0.0,0.0,0.0,5.0,0.36363636363636354,1.0,0.0,0.0,0.0,0.0,0.0,0.0,0.0,1,0.0,0.0,1.0,103.0,13120015.0,0.0,0.73006135,0.0,0,0,0,0,0,0,1,0,0,0,0,0,1,0,0,0,0,0,0,0,0,0
21.0,0.0,0.0,0.0,0.0,0.0,0.0,0.0,0.0,5.0,0.09090909090909083,0.0,0.0,0.0,0.0,0.0,0.0,0.0,0.0,1,0.0,0.0,1.0,103.0,93510045.0,0.0,0.73006135,0.0,0,0,0,0,0,0,1,0,0,0,0,1,0,0,0,0,0,0,0,0,0,0
20.0,0.0,1.0,500.0,0.0,26.0,66.0,1.0,1.0,8.0,0.0,0.0,0.0,0.0,0.0,0.0,0.0,0.0,0.0,1,1.0,0.0,1.0,103.0,63240050.0,0.0,0.73006135,0.0,0,0,0,0,0,0,1,0,0,0,0,0,0,0,1,0,0,0,0,0,0,0
23.0,0.0,1.0,381.5,0.0,26.0,48.0,1.0,0.0,11.0,0.2727272727272727,0.0,1.0,0.0,0.17777777777777776,0.7333333333333333,0.37815126050420167,0.0,0.0,0,1.0,0.0,1.0,103.0,63240050.0,1.0,0.73006135,0.0,0,0,0,0,0,0,1,0,0,0,0,0,0,0,0,0,0,1,0,0,0,0
20.0,0.0,1.0,381.5,0.0,26.0,48.0,1.0,1.0,11.0,0.09090909090909083,0.0,0.0,0.0,0.0,0.0,0.0,0.0,0.0,1,1.0,0.0,1.0,103.0,63530020.0,1.0,0.73006135,1.0,0,0,0,0,0,0,1,0,0,0,0,0,0,0,0,0,0,1,0,0,0,0
21.0,0.0,0.0,0.0,0.0,0.0,0.0,0.0,0.0,11.0,0.09090909090909083,0.0,0.0,0.0,0.0,0.0,0.0,0.0,0.0,0,0.0,0.0,1.0,103.0,63520505.0,1.0,0.73006135,0.0,0,0,0,0,0,0,1,0,0,0,0,0,0,0,0,1,0,0,0,0,0,0
25.0,0.0,1.0,0.0,200000.0,16.0,24.0,0.0,0.0,9.0,0.5454545454545452,0.0,1.0,0.36,0.0,0.8666666666666667,0.48739495798319327,0.0,0.0,1,0.0,1.0,1.0,103.0,93510055.0,0.0,0.73006135,0.0,0,0,0,0,0,0,1,0,0,0,0,0,0,0,0,1,0,0,0,0,0,0
27.0,1.0,1.0,300.0,0.0,22.0,66.0,0.0,0.0,11.0,0.6363636363636365,0.0,0.0,0.0,0.0,0.0,0.0,0.0,0.0,1,1.0,0.0,1.0,103.0,96170105.0,0.0,0.73006135,0.0,0,0,0,0,0,0,1,0,0,0,0,0,0,0,0,0,0,1,0,0,0,0
22.0,0.0,0.0,0.0,0.0,0.0,0.0,0.0,0.0,11.0,0.2727272727272727,0.0,0.0,0.0,0.0,0.0,0.0,0.0,0.0,1,0.0,0.0,1.0,104.0,13410170.0,1.0,0.75,1.0,0,0,0,0,0,0,1,0,0,0,0,0,0,0,0,0,0,1,0,0,0,0
24.0,0.0,1.0,240.0,0.0,24.0,72.0,0.0,0.0,11.0,0.45454545454545436,0.0,1.0,0.0,0.5333333333333333,0.8666666666666667,0.5042016806722689,0.0,0.0,1,1.0,0.0,1.0,104.0,63220235.0,1.0,0.75,1.0,0,0,0,0,0,0,1,0,0,0,0,0,0,0,0,0,1,0,0,0,0,0
24.0,0.0,1.0,408.0,0.0,26.0,48.0,1.0,1.0,11.0,0.36363636363636354,0.0,1.0,0.3815,0.0,0.8666666666666667,0.40336134453781514,1.0,1.0,0,1.0,1.0,1.0,104.0,63220235.0,1.0,0.75,0.0,0,0,0,0,0,0,1,0,0,0,0,0,0,0,0,0,0,1,0,0,0,0
22.0,0.0,1.0,408.0,0.0,26.0,48.0,1.0,1.0,11.0,0.2727272727272727,0.0,1.0,0.27999999999999997,0.0,0.9333333333333333,0.453781512605042,0.0,0.0,1,1.0,1.0,1.0,104.0,13410170.0,1.0,0.75,1.0,0,0,0,0,0,0,1,0,0,0,0,0,0,0,0,0,0,1,0,0,0,0
24.0,0.0,1.0,408.0,0.0,26.0,48.0,0.0,0.0,11.0,0.45454545454545436,0.0,1.0,0.0,0.26666666666666666,0.4,0.10084033613445378,0.0,0.0,1,1.0,0.0,1.0,104.0,63220235.0,0.0,0.75,0.0,0,0,0,0,0,0,1,0,0,0,0,0,0,0,0,0,0,1,0,0,0,0
26.0,0.0,0.0,0.0,0.0,0.0,0.0,0.0,0.0,11.0,0.5454545454545452,0.0,0.0,0.0,0.0,0.0,0.0,0.0,0.0,0,0.0,0.0,1.0,104.0,63220235.0,1.0,0.75,0.0,0,0,0,0,0,0,1,0,0,0,0,0,0,0,0,0,0,1,0,0,0,0
26.0,0.0,1.0,560.0,0.0,28.0,70.0,0.0,0.0,7.0,0.6363636363636365,0.0,1.0,0.0,0.0,1.0,0.5882352941176471,0.0,0.0,0,1.0,0.0,1.0,104.0,13410170.0,1.0,0.75,0.0,0,0,0,0,0,0,1,0,0,0,0,0,1,0,0,0,0,0,0,0,0,0
26.0,0.0,1.0,381.5,0.0,26.0,48.0,1.0,1.0,10.0,0.5454545454545452,0.0,1.0,0.358,0.0,0.8666666666666667,0.40336134453781514,1.0,1.0,0,1.0,1.0,1.0,104.0,13410170.0,1.0,0.75,0.0,0,0,0,0,0,0,1,0,0,0,0,0,0,0,0,0,1,0,0,0,0,0
22.0,0.0,1.0,408.0,0.0,26.0,48.0,1.0,1.0,11.0,0.2727272727272727,0.0,1.0,0.18,0.0,0.8666666666666667,0.38655462184873945,0.0,0.0,1,1.0,1.0,1.0,104.0,63220235.0,0.0,0.75,0.0,0,0,0,0,0,0,1,0,0,0,0,0,0,0,0,0,0,1,0,0,0,0
24.0,1.0,0.0,0.0,0.0,0.0,0.0,0.0,0.0,11.0,0.45454545454545436,1.0,1.0,0.36,0.0,0.8666666666666667,0.453781512605042,0.0,0.0,0,0.0,1.0,1.0,104.0,13410170.0,1.0,0.75,0.0,0,0,0,0,0,0,1,0,0,0,0,0,0,0,0,0,0,1,0,0,0,0
21.0,0.0,1.0,260.0,0.0,26.0,48.0,0.0,0.0,10.0,0.18181818181818188,1.0,0.0,0.0,0.0,0.0,0.0,0.0,0.0,1,1.0,0.0,1.0,104.0,13410170.0,1.0,0.75,1.0,0,0,0,0,0,0,1,0,0,0,0,0,0,0,0,0,1,0,0,0,0,0
26.0,1.0,1.0,600.0,0.0,26.0,72.0,0.0,0.0,11.0,0.5454545454545452,1.0,1.0,0.358,0.0,0.8666666666666667,0.40336134453781514,1.0,1.0,1,1.0,1.0,1.0,104.0,63220235.0,0.0,0.75,0.0,0,0,0,0,0,0,1,0,0,0,0,0,0,0,0,0,0,1,0,0,0,0
22.0,1.0,1.0,408.0,0.0,26.0,48.0,1.0,1.0,11.0,0.2727272727272727,1.0,1.0,0.066,0.0,0.8666666666666667,0.40336134453781514,1.0,1.0,0,1.0,1.0,1.0,104.0,13410170.0,1.0,0.75,0.0,0,0,0,0,0,0,1,0,0,0,0,0,0,0,0,0,0,1,0,0,0,0
22.0,0.0,1.0,408.0,0.0,26.0,48.0,1.0,1.0,11.0,0.2727272727272727,0.0,1.0,0.36,0.0,0.8666666666666667,0.5042016806722689,1.0,1.0,1,1.0,1.0,1.0,105.0,93710505.0,0.0,0.6,0.0,0,0,0,0,0,0,1,0,0,0,0,0,0,0,0,0,1,0,0,0,0,0
20.0,0.0,0.0,0.0,0.0,0.0,0.0,0.0,0.0,10.0,0.09090909090909083,1.0,0.0,0.0,0.0,0.0,0.0,0.0,0.0,0,0.0,0.0,1.0,105.0,93510010.0,1.0,0.6,0.0,0,0,0,0,0,0,1,0,0,0,0,0,0,0,0,0,1,0,0,0,0,0
25.0,0.0,1.0,408.0,0.0,26.0,48.0,1.0,1.0,11.0,0.5454545454545452,0.0,0.0,0.0,0.0,0.0,0.0,0.0,0.0,1,1.0,0.0,1.0,105.0,93710105.0,1.0,0.6,1.0,0,0,0,0,0,0,1,0,0,0,0,0,0,0,1,0,0,0,0,0,0,0
22.0,0.0,1.0,408.0,0.0,30.0,52.0,0.0,0.0,11.0,0.2727272727272727,0.0,1.0,0.6,0.0,1.0,0.5882352941176471,0.0,0.0,0,1.0,1.0,1.0,105.0,93510010.0,1.0,0.6,0.0,0,0,0,0,0,0,1,0,0,0,0,0,0,0,0,0,0,1,0,0,0,0
26.0,0.0,1.0,408.0,0.0,26.0,48.0,1.0,0.0,11.0,0.5454545454545452,0.0,1.0,0.49,0.0,0.8,0.5882352941176471,0.0,1.0,1,1.0,1.0,1.0,105.0,93510010.0,0.0,0.6,0.0,0,0,0,0,0,0,1,0,0,0,0,0,0,0,0,0,0,1,0,0,0,0
23.0,1.0,1.0,480.0,0.0,26.0,48.0,0.0,1.0,5.0,0.36363636363636354,0.0,0.0,0.0,0.0,0.0,0.0,0.0,0.0,1,1.0,0.0,1.0,105.0,93710105.0,0.0,0.6,0.0,0,0,0,0,0,0,1,0,0,0,0,1,0,0,0,0,0,0,0,0,0,0
19.0,0.0,1.0,381.5,0.0,26.0,60.0,0.0,0.0,11.0,0.0,0.0,0.0,0.0,0.0,0.0,0.0,0.0,0.0,0,1.0,0.0,1.0,108.0,63210220.0,0.0,0.6,0.0,0,0,0,0,0,0,1,0,0,0,0,0,0,0,0,0,1,0,0,0,0,0
23.0,0.0,0.0,0.0,0.0,0.0,0.0,0.0,0.0,11.0,0.36363636363636354,0.0,1.0,0.19999999999999998,0.0,0.8666666666666667,0.6302521008403361,0.0,0.0,1,0.0,1.0,1.0,105.0,93510010.0,0.0,0.6,0.0,0,0,0,0,0,0,1,0,0,0,0,0,0,0,0,0,0,1,0,0,0,0
22.0,0.0,0.0,0.0,0.0,0.0,0.0,0.0,0.0,11.0,0.2727272727272727,0.0,1.0,0.0,0.06666666666666667,0.8666666666666667,0.25210084033613445,0.0,0.0,0,0.0,0.0,1.0,105.0,93510010.0,1.0,0.6,0.0,0,0,0,0,0,0,1,0,0,0,0,0,0,0,0,0,0,1,0,0,0,0
22.0,0.0,1.0,200.0,0.0,26.0,24.0,0.0,0.0,7.0,0.18181818181818188,0.0,1.0,0.19999999999999998,0.0,0.8666666666666667,0.20168067226890757,0.0,0.0,0,1.0,1.0,1.0,105.0,93710105.0,1.0,0.6,0.0,0,0,0,0,0,0,1,0,0,0,0,0,1,0,0,0,0,0,0,0,0,0
21.0,0.0,1.0,381.5,0.0,26.0,48.0,1.0,1.0,8.0,0.09090909090909083,0.0,0.0,0.0,0.0,0.0,0.0,0.0,0.0,1,1.0,0.0,1.0,105.0,93510010.0,0.0,0.6,0.0,0,0,0,0,0,0,1,0,0,0,0,0,0,0,1,0,0,0,0,0,0,0
20.0,0.0,0.0,0.0,0.0,0.0,0.0,0.0,0.0,11.0,0.09090909090909083,0.0,0.0,0.0,0.0,0.0,0.0,0.0,0.0,0,0.0,0.0,1.0,105.0,93510010.0,1.0,0.6,0.0,0,0,0,0,0,0,1,0,0,0,0,0,0,0,0,0,0,1,0,0,0,0
23.0,0.0,1.0,240.0,0.0,30.0,70.0,0.0,0.0,11.0,0.2727272727272727,0.0,1.0,0.0,0.08888888888888888,0.5,0.25210084033613445,0.0,0.0,1,1.0,0.0,1.0,105.0,93510010.0,1.0,0.6,1.0,0,0,0,0,0,0,1,0,0,0,0,0,0,0,0,0,0,1,0,0,0,0
22.0,1.0,0.0,0.0,0.0,0.0,0.0,0.0,0.0,8.0,0.18181818181818188,1.0,0.0,0.0,0.0,0.0,0.0,0.0,0.0,0,0.0,0.0,1.0,105.0,93710105.0,1.0,0.6,0.0,0,0,0,0,0,0,1,0,0,0,0,0,0,0,1,0,0,0,0,0,0,0
21.0,0.0,0.0,0.0,0.0,0.0,0.0,0.0,0.0,11.0,0.09090909090909083,0.0,0.0,0.0,0.0,0.0,0.0,0.0,0.0,0,0.0,0.0,1.0,105.0,93510010.0,0.0,0.6,0.0,0,0,0,0,0,0,1,0,0,0,0,0,0,0,0,0,0,1,0,0,0,0
21.0,0.0,1.0,369.0,0.0,26.0,56.0,1.0,1.0,11.0,0.18181818181818188,0.0,0.0,0.0,0.0,0.0,0.0,0.0,0.0,1,1.0,0.0,1.0,105.0,93710505.0,1.0,0.6,1.0,0,0,0,0,0,0,1,0,0,0,0,0,0,0,0,0,0,1,0,0,0,0
20.0,0.0,1.0,408.0,0.0,26.0,56.0,0.0,0.0,11.0,0.09090909090909083,0.0,1.0,0.0,0.08888888888888888,0.8666666666666667,0.3025210084033613,0.0,0.0,1,1.0,0.0,1.0,105.0,93710505.0,1.0,0.6,1.0,0,0,0,0,0,0,1,0,0,0,0,0,0,0,0,0,0,1,0,0,0,0
19.0,0.0,0.0,0.0,0.0,0.0,0.0,0.0,0.0,11.0,0.0,0.0,0.0,0.0,0.0,0.0,0.0,0.0,0.0,0,0.0,0.0,1.0,108.0,63210220.0,0.0,0.6,0.0,0,0,0,0,0,0,1,0,0,0,0,0,0,0,0,0,0,1,0,0,0,0
26.0,0.0,1.0,390.0,0.0,26.0,70.0,0.0,0.0,11.0,0.5454545454545452,0.0,0.0,0.0,0.0,0.0,0.0,0.0,0.0,1,1.0,0.0,1.0,105.0,93710105.0,1.0,0.6,1.0,0,0,0,0,0,0,1,0,0,0,0,0,0,0,0,0,0,1,0,0,0,0
25.0,0.0,1.0,408.0,0.0,20.0,48.0,1.0,1.0,11.0,0.5454545454545452,0.0,1.0,0.58,0.0,0.8666666666666667,0.47058823529411764,1.0,1.0,0,1.0,1.0,1.0,106.0,13140020.0,0.0,0.7407407,0.0,0,0,0,0,0,0,1,0,0,0,0,0,0,0,0,0,0,1,0,0,0,0
22.0,0.0,0.0,0.0,0.0,0.0,0.0,0.0,0.0,9.0,0.18181818181818188,0.0,1.0,0.09999999999999999,0.0,0.2,0.8067226890756303,0.0,0.0,1,0.0,1.0,1.0,106.0,66420020.0,1.0,0.7407407,1.0,0,0,0,0,0,0,1,0,0,0,0,0,0,0,0,0,0,1,0,0,0,0
24.0,0.0,1.0,800.0,0.0,20.0,48.0,1.0,1.0,11.0,0.45454545454545436,0.0,0.0,0.0,0.0,0.0,0.0,0.0,0.0,0,1.0,0.0,1.0,106.0,13710035.0,1.0,0.7407407,0.0,0,0,0,0,0,0,1,0,0,0,0,0,0,0,0,0,0,1,0,0,0,0
24.0,0.0,0.0,0.0,0.0,0.0,0.0,0.0,0.0,11.0,0.36363636363636354,0.0,0.0,0.0,0.0,0.0,0.0,0.0,0.0,0,0.0,0.0,1.0,106.0,13710035.0,1.0,0.7407407,0.0,0,0,0,0,0,0,1,0,0,0,0,0,0,0,0,0,0,1,0,0,0,0
20.0,0.0,1.0,408.0,0.0,26.0,48.0,1.0,1.0,11.0,0.09090909090909083,0.0,1.0,0.358,0.0,0.8666666666666667,0.6554621848739496,1.0,1.0,1,1.0,1.0,1.0,106.0,13710035.0,0.0,0.7407407,0.0,0,0,0,0,0,0,1,0,0,0,0,0,0,0,0,0,0,1,0,0,0,0
24.0,0.0,0.0,0.0,0.0,0.0,0.0,0.0,0.0,11.0,0.36363636363636354,0.0,1.0,0.12,0.0,0.8666666666666667,0.7058823529411764,0.0,0.0,0,0.0,1.0,1.0,106.0,33140020.0,1.0,0.7407407,0.0,0,0,0,0,0,0,1,0,0,0,0,0,0,0,0,0,0,1,0,0,0,0
21.0,0.0,0.0,0.0,0.0,0.0,0.0,0.0,0.0,11.0,0.18181818181818188,0.0,1.0,0.0,0.39999999999999997,0.8666666666666667,0.40336134453781514,0.0,0.0,1,0.0,0.0,1.0,106.0,66420020.0,0.0,0.7407407,0.0,0,0,0,0,0,0,1,0,0,0,0,0,0,0,0,0,0,1,0,0,0,0
20.0,0.0,1.0,408.0,0.0,28.0,54.0,1.0,0.0,11.0,0.09090909090909083,0.0,1.0,0.358,0.0,1.0,0.40336134453781514,1.0,1.0,1,1.0,1.0,1.0,106.0,13140020.0,1.0,0.7407407,1.0,0,0,0,0,0,0,1,0,0,0,0,0,0,0,0,0,0,1,0,0,0,0
24.0,0.0,0.0,0.0,0.0,0.0,0.0,0.0,0.0,11.0,0.36363636363636354,1.0,0.0,0.0,0.0,0.0,0.0,0.0,0.0,0,0.0,0.0,1.0,106.0,13710035.0,1.0,0.7407407,0.0,0,0,0,0,0,0,1,0,0,0,0,0,0,0,0,0,0,1,0,0,0,0
20.0,0.0,1.0,490.0,0.0,26.0,48.0,1.0,1.0,11.0,0.09090909090909083,0.0,1.0,0.0,0.15555555555555556,0.8666666666666667,0.40336134453781514,0.0,0.0,1,1.0,0.0,1.0,106.0,33130010.0,0.0,0.7407407,0.0,0,0,0,0,0,0,1,0,0,0,0,0,0,0,0,0,0,1,0,0,0,0
22.0,0.0,0.0,0.0,0.0,0.0,0.0,0.0,0.0,11.0,0.18181818181818188,0.0,0.0,0.0,0.0,0.0,0.0,0.0,0.0,0,0.0,0.0,1.0,106.0,33130010.0,1.0,0.7407407,0.0,0,0,0,0,0,0,1,0,0,0,0,0,0,0,0,0,0,1,0,0,0,0
21.0,0.0,1.0,408.0,0.0,26.0,60.0,0.0,0.0,11.0,0.18181818181818188,0.0,1.0,0.0,0.2222222222222222,0.8666666666666667,0.3025210084033613,0.0,0.0,0,1.0,0.0,1.0,106.0,63730045.0,1.0,0.7407407,0.0,0,0,0,0,0,0,1,0,0,0,0,0,0,0,0,0,0,1,0,0,0,0
23.0,0.0,1.0,1000.0,0.0,17.0,48.0,1.0,1.0,11.0,0.36363636363636354,0.0,0.0,0.0,0.0,0.0,0.0,0.0,0.0,1,1.0,0.0,1.0,106.0,13710035.0,1.0,0.7407407,1.0,0,0,0,0,0,0,1,0,0,0,0,0,0,0,0,0,0,1,0,0,0,0
24.0,0.0,0.0,0.0,0.0,0.0,0.0,0.0,0.0,11.0,0.36363636363636354,0.0,0.0,0.0,0.0,0.0,0.0,0.0,0.0,1,0.0,0.0,1.0,106.0,33140020.0,0.0,0.7407407,0.0,0,0,0,0,0,0,1,0,0,0,0,0,0,0,0,0,0,1,0,0,0,0
21.0,0.0,1.0,408.0,0.0,6.0,48.0,1.0,1.0,11.0,0.18181818181818188,0.0,1.0,0.3535,0.0,0.7333333333333333,0.3361344537815126,1.0,1.0,0,1.0,1.0,1.0,106.0,33130010.0,1.0,0.7407407,0.0,0,0,0,0,0,0,1,0,0,0,0,0,0,0,0,0,0,1,0,0,0,0
25.0,0.0,1.0,100.0,0.0,20.0,48.0,0.0,0.0,5.0,0.45454545454545436,0.0,1.0,0.0,0.07999999999999999,0.13333333333333333,0.1092436974789916,0.0,0.0,0,1.0,0.0,1.0,106.0,63730045.0,1.0,0.7407407,0.0,0,0,0,0,0,0,1,0,0,0,0,0,0,0,0,0,0,1,0,0,0,0
21.0,0.0,1.0,408.0,0.0,26.0,72.0,1.0,1.0,11.0,0.18181818181818188,0.0,1.0,0.38,0.0,0.6333333333333333,0.5042016806722689,0.0,0.0,1,1.0,1.0,1.0,106.0,66420020.0,0.0,0.7407407,0.0,0,0,0,0,0,0,1,0,0,0,0,0,0,0,0,0,0,1,0,0,0,0
20.0,0.0,1.0,500.0,0.0,29.0,77.0,1.0,1.0,11.0,0.09090909090909083,0.0,0.0,0.0,0.0,0.0,0.0,0.0,0.0,0,1.0,0.0,1.0,106.0,13710035.0,1.0,0.7407407,0.0,0,0,0,0,0,0,1,0,0,0,0,0,0,0,0,0,0,1,0,0,0,0
20.0,0.0,1.0,408.0,0.0,30.0,80.0,1.0,1.0,11.0,0.09090909090909083,0.0,1.0,0.0,0.09999999999999999,0.8666666666666667,0.5042016806722689,0.0,0.0,0,1.0,0.0,1.0,106.0,63730045.0,1.0,0.7407407,0.0,0,0,0,0,0,0,1,0,0,0,0,0,0,0,0,1,0,0,0,0,0,0
22.0,0.0,0.0,0.0,0.0,0.0,0.0,0.0,0.0,11.0,0.18181818181818188,1.0,0.0,0.0,0.0,0.0,0.0,0.0,0.0,1,0.0,0.0,1.0,106.0,33130010.0,1.0,0.7407407,1.0,0,0,0,0,0,0,1,0,0,0,0,0,0,0,0,0,0,1,0,0,0,0
23.0,1.0,1.0,0.0,1000000.0,30.0,77.0,0.0,0.0,11.0,0.2727272727272727,1.0,1.0,0.0,0.6666666666666666,1.0,0.8235294117647058,0.0,0.0,1,0.0,0.0,1.0,106.0,63730045.0,0.0,0.7407407,0.0,0,0,0,0,0,0,1,0,0,0,0,0,0,0,0,0,0,1,0,0,0,0
25.0,1.0,1.0,450.0,0.0,26.0,60.0,1.0,1.0,11.0,0.45454545454545436,1.0,1.0,0.358,0.0,0.7333333333333333,0.42016806722689076,1.0,1.0,0,1.0,1.0,1.0,106.0,13140020.0,0.0,0.7407407,0.0,0,0,0,0,0,0,1,0,0,0,0,0,0,0,0,0,0,1,0,0,0,0
22.0,0.0,0.0,0.0,0.0,0.0,0.0,0.0,0.0,11.0,0.2727272727272727,0.0,1.0,0.358,0.0,0.8666666666666667,0.40336134453781514,0.0,0.0,0,0.0,1.0,1.0,106.0,63730045.0,1.0,0.7407407,0.0,0,0,0,0,0,0,1,0,0,0,0,0,0,0,0,0,0,1,0,0,0,0
23.0,1.0,1.0,500.0,0.0,26.0,48.0,1.0,1.0,11.0,0.36363636363636354,1.0,1.0,0.09999999999999999,0.0,0.4,0.20168067226890757,0.0,0.0,1,1.0,1.0,1.0,106.0,66420020.0,0.0,0.7407407,0.0,0,0,0,0,0,0,1,0,0,0,0,0,0,0,0,0,0,1,0,0,0,0
21.0,0.0,1.0,350.0,0.0,26.0,36.0,1.0,1.0,11.0,0.18181818181818188,0.0,0.0,0.0,0.0,0.0,0.0,0.0,0.0,0,1.0,0.0,1.0,106.0,63730045.0,1.0,0.7407407,0.0,0,0,0,0,0,0,1,0,0,0,0,0,0,0,0,0,0,1,0,0,0,0
21.0,0.0,1.0,0.0,300000.0,30.0,84.0,0.0,0.0,11.0,0.09090909090909083,0.0,1.0,0.0,0.5555555555555555,0.8666666666666667,0.5294117647058824,0.0,0.0,1,0.0,0.0,1.0,106.0,33130010.0,0.0,0.7407407,0.0,0,0,0,0,0,0,1,0,0,0,0,0,0,0,0,0,0,1,0,0,0,0
24.0,0.0,0.0,0.0,0.0,0.0,0.0,0.0,0.0,11.0,0.36363636363636354,0.0,0.0,0.0,0.0,0.0,0.0,0.0,0.0,1,0.0,0.0,1.0,106.0,13140020.0,0.0,0.7407407,0.0,0,0,0,0,0,0,1,0,0,0,0,0,0,0,0,0,0,1,0,0,0,0
27.0,0.0,0.0,0.0,0.0,0.0,0.0,0.0,0.0,11.0,0.6363636363636365,0.0,1.0,0.264,0.0,0.8666666666666667,0.40336134453781514,1.0,0.0,0,0.0,1.0,1.0,106.0,66420020.0,1.0,0.7407407,0.0,0,0,0,0,0,0,1,0,0,0,0,0,0,0,0,0,0,1,0,0,0,0
24.0,0.0,1.0,408.0,0.0,26.0,60.0,0.0,0.0,11.0,0.36363636363636354,0.0,1.0,0.24,0.0,0.5333333333333333,0.20168067226890757,0.0,0.0,1,1.0,1.0,1.0,106.0,63730045.0,0.0,0.7407407,0.0,0,0,0,0,0,0,1,0,0,0,0,0,0,0,0,0,0,1,0,0,0,0
20.0,0.0,1.0,416.0,0.0,26.0,60.0,0.0,0.0,11.0,0.09090909090909083,0.0,0.0,0.0,0.0,0.0,0.0,0.0,0.0,0,1.0,0.0,1.0,106.0,33130010.0,1.0,0.7407407,0.0,0,0,0,0,0,0,1,0,0,0,0,0,0,0,0,0,0,1,0,0,0,0
23.0,0.0,1.0,150.0,0.0,30.0,72.0,0.0,0.0,11.0,0.2727272727272727,0.0,0.0,0.0,0.0,0.0,0.0,0.0,0.0,0,1.0,0.0,1.0,106.0,66420020.0,1.0,0.7407407,0.0,0,0,0,0,0,0,1,0,0,0,0,0,0,0,0,0,0,1,0,0,0,0
21.0,0.0,0.0,0.0,0.0,0.0,0.0,0.0,0.0,11.0,0.09090909090909083,0.0,1.0,0.22799999999999998,0.0,0.6333333333333333,0.5882352941176471,0.0,0.0,0,0.0,1.0,1.0,106.0,33130010.0,1.0,0.7407407,0.0,0,0,0,0,0,0,1,0,0,0,0,0,0,0,0,0,0,1,0,0,0,0
20.0,0.0,0.0,0.0,0.0,0.0,0.0,0.0,0.0,11.0,0.09090909090909083,0.0,1.0,0.3815,0.0,1.0,0.47058823529411764,1.0,1.0,0,0.0,1.0,1.0,106.0,33130010.0,1.0,0.7407407,0.0,0,0,0,0,0,0,1,0,0,0,0,0,0,0,0,0,0,1,0,0,0,0
21.0,0.0,0.0,0.0,0.0,0.0,0.0,0.0,0.0,11.0,0.09090909090909083,0.0,0.0,0.0,0.0,0.0,0.0,0.0,0.0,1,0.0,0.0,1.0,106.0,33140020.0,0.0,0.7407407,0.0,0,0,0,0,0,0,1,0,0,0,0,0,0,0,0,0,0,1,0,0,0,0
22.0,0.0,0.0,0.0,0.0,0.0,0.0,0.0,0.0,11.0,0.18181818181818188,0.0,1.0,0.0,0.0,0.7333333333333333,0.3361344537815126,0.0,0.0,1,0.0,0.0,1.0,106.0,13140020.0,0.0,0.7407407,0.0,0,0,0,0,0,0,1,0,0,0,0,0,0,0,0,0,0,1,0,0,0,0
25.0,0.0,0.0,0.0,0.0,0.0,0.0,0.0,0.0,11.0,0.45454545454545436,0.0,1.0,0.0,0.0,0.13333333333333333,0.058823529411764705,0.0,0.0,1,0.0,0.0,1.0,106.0,13140020.0,1.0,0.7407407,1.0,0,0,0,0,0,0,1,0,0,0,0,0,0,0,0,0,0,1,0,0,0,0
22.0,0.0,1.0,420.0,0.0,12.0,36.0,0.0,1.0,11.0,0.18181818181818188,0.0,1.0,0.3815,0.0,0.8666666666666667,0.40336134453781514,1.0,0.0,0,1.0,1.0,1.0,106.0,33140020.0,1.0,0.7407407,0.0,0,0,0,0,0,0,1,0,0,0,0,0,0,0,0,0,0,1,0,0,0,0
23.0,0.0,1.0,408.0,0.0,30.0,70.0,0.0,0.0,11.0,0.36363636363636354,0.0,0.0,0.0,0.0,0.0,0.0,0.0,0.0,0,1.0,0.0,1.0,106.0,13140020.0,0.0,0.7407407,0.0,0,0,0,0,0,0,1,0,0,0,0,0,0,0,0,0,0,1,0,0,0,0
23.0,0.0,1.0,408.0,0.0,26.0,40.0,0.0,0.0,11.0,0.2727272727272727,0.0,1.0,0.0,0.016666666666666666,0.26666666666666666,0.06722689075630252,0.0,0.0,1,1.0,0.0,1.0,106.0,63730045.0,1.0,0.7407407,1.0,0,0,0,0,0,0,1,0,0,0,0,0,0,0,0,0,0,1,0,0,0,0
21.0,0.0,1.0,305.0,0.0,20.0,36.0,0.0,1.0,11.0,0.09090909090909083,0.0,0.0,0.0,0.0,0.0,0.0,0.0,0.0,0,1.0,0.0,1.0,106.0,33130010.0,1.0,0.7407407,0.0,0,0,0,0,0,0,1,0,0,0,0,0,0,0,0,0,0,1,0,0,0,0
21.0,0.0,1.0,500.0,0.0,26.0,60.0,0.0,0.0,11.0,0.09090909090909083,0.0,1.0,0.12,0.0,0.8,0.5294117647058824,0.0,0.0,1,1.0,1.0,1.0,106.0,63730045.0,0.0,0.7407407,0.0,0,0,0,0,0,0,1,0,0,0,0,0,0,0,0,0,0,1,0,0,0,0
21.0,1.0,1.0,500.0,0.0,30.0,56.0,0.0,0.0,11.0,0.09090909090909083,0.0,1.0,0.23099999999999998,0.0,0.8666666666666667,0.40336134453781514,1.0,1.0,1,1.0,1.0,1.0,106.0,13710035.0,1.0,0.7407407,1.0,0,0,0,0,0,0,1,0,0,0,0,0,0,0,0,0,0,1,0,0,0,0
25.0,0.0,1.0,381.5,0.0,26.0,60.0,1.0,1.0,11.0,0.5454545454545452,0.0,1.0,0.21,0.0,0.7333333333333333,0.37815126050420167,0.0,0.0,1,1.0,1.0,1.0,106.0,33140020.0,1.0,0.7407407,1.0,0,0,0,0,0,0,1,0,0,0,0,0,0,0,0,0,0,1,0,0,0,0
20.0,1.0,1.0,408.0,0.0,25.0,56.0,1.0,1.0,11.0,0.09090909090909083,1.0,1.0,0.358,0.0,0.8666666666666667,0.40336134453781514,1.0,1.0,0,1.0,1.0,1.0,106.0,33140020.0,0.0,0.7407407,0.0,0,0,0,0,0,0,1,0,0,0,0,0,0,0,0,0,0,1,0,0,0,0
22.0,0.0,0.0,0.0,0.0,0.0,0.0,0.0,0.0,11.0,0.18181818181818188,0.0,0.0,0.0,0.0,0.0,0.0,0.0,0.0,0,0.0,0.0,1.0,106.0,13710035.0,0.0,0.7407407,0.0,0,0,0,0,0,0,1,0,0,0,0,0,0,0,0,0,0,1,0,0,0,0
19.0,0.0,1.0,520.0,0.0,30.0,48.0,1.0,1.0,11.0,0.0,0.0,0.0,0.0,0.0,0.0,0.0,0.0,0.0,1,1.0,0.0,1.0,106.0,33130010.0,0.0,0.7407407,0.0,0,0,0,0,0,0,1,0,0,0,0,0,0,0,0,0,0,1,0,0,0,0
27.0,0.0,0.0,0.0,0.0,0.0,0.0,0.0,0.0,11.0,0.6363636363636365,0.0,1.0,0.0,0.1111111111111111,0.8666666666666667,0.25210084033613445,0.0,0.0,1,0.0,0.0,1.0,106.0,66420020.0,1.0,0.7407407,1.0,0,0,0,0,0,0,1,0,0,0,0,0,0,0,0,0,0,1,0,0,0,0
22.0,1.0,1.0,408.0,0.0,26.0,72.0,0.0,0.0,11.0,0.18181818181818188,0.0,1.0,0.358,0.0,0.7333333333333333,0.3361344537815126,0.0,0.0,0,1.0,1.0,1.0,106.0,13140020.0,0.0,0.7407407,0.0,0,0,0,0,0,0,1,0,0,0,0,0,0,0,0,0,0,1,0,0,0,0
21.0,0.0,0.0,0.0,0.0,0.0,0.0,0.0,0.0,11.0,0.09090909090909083,0.0,0.0,0.0,0.0,0.0,0.0,0.0,0.0,1,0.0,0.0,1.0,106.0,33140020.0,1.0,0.7407407,1.0,0,0,0,0,0,0,1,0,0,0,0,0,0,0,0,0,0,1,0,0,0,0
26.0,1.0,0.0,0.0,0.0,0.0,0.0,0.0,0.0,11.0,0.6363636363636365,1.0,1.0,0.0,0.0,1.0,0.4117647058823529,0.0,0.0,0,0.0,0.0,1.0,106.0,66420020.0,1.0,0.7407407,0.0,0,0,0,0,0,0,1,0,0,0,0,0,0,0,0,0,0,1,0,0,0,0
21.0,0.0,1.0,408.0,0.0,26.0,48.0,0.0,1.0,11.0,0.18181818181818188,0.0,0.0,0.0,0.0,0.0,0.0,0.0,0.0,1,1.0,0.0,1.0,106.0,13710035.0,0.0,0.7407407,0.0,0,0,0,0,0,0,1,0,0,0,0,0,0,0,0,0,0,1,0,0,0,0
21.0,0.0,1.0,381.5,0.0,26.0,60.0,0.0,0.0,11.0,0.09090909090909083,0.0,1.0,0.24,0.0,0.8666666666666667,0.40336134453781514,0.0,0.0,0,1.0,1.0,1.0,106.0,13140020.0,1.0,0.7407407,0.0,0,0,0,0,0,0,1,0,0,0,0,0,0,0,0,0,0,1,0,0,0,0
22.0,0.0,0.0,0.0,0.0,0.0,0.0,0.0,0.0,11.0,0.2727272727272727,0.0,0.0,0.0,0.0,0.0,0.0,0.0,0.0,1,0.0,0.0,1.0,106.0,33140020.0,1.0,0.7407407,1.0,0,0,0,0,0,0,1,0,0,0,0,0,0,0,0,0,0,1,0,0,0,0
25.0,0.0,1.0,180.0,0.0,16.0,16.0,0.0,0.0,11.0,0.45454545454545436,0.0,1.0,0.0,0.0,0.8666666666666667,0.20168067226890757,0.0,0.0,0,1.0,0.0,1.0,106.0,13140020.0,1.0,0.7407407,0.0,0,0,0,0,0,0,1,0,0,0,0,0,0,0,0,0,0,1,0,0,0,0
22.0,0.0,1.0,360.0,0.0,12.0,27.0,0.0,0.0,11.0,0.2727272727272727,0.0,0.0,0.0,0.0,0.0,0.0,0.0,0.0,0,1.0,0.0,1.0,106.0,33130010.0,1.0,0.7407407,0.0,0,0,0,0,0,0,1,0,0,0,0,0,0,0,0,0,0,1,0,0,0,0
21.0,0.0,0.0,0.0,0.0,0.0,0.0,0.0,0.0,11.0,0.18181818181818188,0.0,0.0,0.0,0.0,0.0,0.0,0.0,0.0,1,0.0,0.0,1.0,107.0,13210005.0,0.0,0.7079646,0.0,0,0,0,0,0,0,1,0,0,0,0,0,0,0,0,0,0,1,0,0,0,0
23.0,0.0,0.0,0.0,0.0,0.0,0.0,0.0,0.0,11.0,0.2727272727272727,0.0,1.0,0.39999999999999997,0.0,0.8666666666666667,0.453781512605042,0.0,0.0,1,0.0,1.0,1.0,107.0,13210005.0,0.0,0.7079646,0.0,0,0,0,0,0,0,1,0,0,0,0,0,0,0,0,0,0,1,0,0,0,0
26.0,0.0,0.0,0.0,0.0,0.0,0.0,0.0,0.0,11.0,0.5454545454545452,0.0,1.0,0.0,0.04444444444444444,0.7333333333333333,0.08403361344537814,0.0,0.0,0,0.0,0.0,1.0,107.0,13210005.0,1.0,0.7079646,0.0,0,0,0,0,0,0,1,0,0,0,0,0,0,0,0,0,0,1,0,0,0,0
23.0,0.0,1.0,408.0,0.0,26.0,96.0,0.0,0.0,11.0,0.2727272727272727,0.0,1.0,0.32,0.0,0.8666666666666667,0.40336134453781514,0.0,0.0,0,1.0,1.0,1.0,107.0,63220210.0,0.0,0.7079646,0.0,0,0,0,0,0,0,1,0,0,0,0,0,0,0,0,0,0,1,0,0,0,0
25.0,0.0,1.0,408.0,0.0,20.0,50.0,1.0,1.0,11.0,0.5454545454545452,0.0,1.0,0.0,0.26666666666666666,0.26666666666666666,0.25210084033613445,0.0,0.0,1,1.0,0.0,1.0,112.0,83260005.0,0.0,0.7079646,0.0,0,0,0,0,0,0,1,0,0,0,0,0,0,0,0,0,0,1,0,0,0,0
26.0,0.0,0.0,0.0,0.0,0.0,0.0,0.0,0.0,5.0,0.5454545454545452,0.0,1.0,0.358,0.0,0.7333333333333333,0.4621848739495798,1.0,1.0,0,0.0,1.0,1.0,107.0,63220210.0,1.0,0.7079646,0.0,0,0,0,0,0,0,1,0,0,0,0,0,0,0,0,0,0,1,0,0,0,0
23.0,1.0,0.0,0.0,0.0,0.0,0.0,0.0,0.0,11.0,0.2727272727272727,1.0,0.0,0.0,0.0,0.0,0.0,0.0,0.0,1,0.0,0.0,1.0,107.0,13210005.0,1.0,0.7079646,1.0,0,0,0,0,0,0,1,0,0,0,0,0,0,0,0,0,0,1,0,0,0,0
20.0,0.0,1.0,408.0,0.0,26.0,56.0,0.0,0.0,11.0,0.09090909090909083,0.0,1.0,0.0,0.5222222222222221,0.8666666666666667,0.6050420168067226,0.0,0.0,0,1.0,0.0,1.0,107.0,13210005.0,0.0,0.7079646,0.0,0,0,0,0,0,0,1,0,0,0,0,0,0,0,0,0,0,1,0,0,0,0
25.0,0.0,1.0,0.0,300000.0,20.0,50.0,0.0,0.0,10.0,0.5454545454545452,0.0,1.0,0.0,0.08888888888888888,1.0,0.1764705882352941,0.0,0.0,0,0.0,0.0,1.0,107.0,63220210.0,1.0,0.7079646,0.0,0,0,0,0,0,0,1,0,0,0,0,0,0,0,0,0,1,0,0,0,0,0
27.0,0.0,1.0,408.0,0.0,26.0,56.0,1.0,1.0,11.0,0.6363636363636365,0.0,0.0,0.0,0.0,0.0,0.0,0.0,0.0,1,1.0,0.0,1.0,107.0,63220210.0,0.0,0.7079646,0.0,0,0,0,0,0,0,1,0,0,0,0,0,0,0,0,0,0,1,0,0,0,0
25.0,0.0,0.0,0.0,0.0,0.0,0.0,0.0,0.0,11.0,0.45454545454545436,0.0,0.0,0.0,0.0,0.0,0.0,0.0,0.0,0,0.0,0.0,1.0,107.0,13210005.0,1.0,0.7079646,0.0,0,0,0,0,0,0,1,0,0,0,0,0,0,0,0,0,0,1,0,0,0,0
25.0,0.0,1.0,408.0,0.0,26.0,48.0,0.0,1.0,11.0,0.5454545454545452,0.0,0.0,0.0,0.0,0.0,0.0,0.0,0.0,0,1.0,0.0,1.0,107.0,63220210.0,0.0,0.7079646,0.0,0,0,0,0,0,0,1,0,0,0,0,0,0,0,0,0,0,1,0,0,0,0
26.0,0.0,1.0,0.0,60000.0,20.0,40.0,0.0,0.0,9.0,0.6363636363636365,0.0,0.0,0.0,0.0,0.0,0.0,0.0,0.0,0,0.0,0.0,1.0,107.0,63220210.0,1.0,0.7079646,0.0,0,0,0,0,0,0,1,0,0,0,0,0,0,0,0,1,0,0,0,0,0,0
23.0,0.0,1.0,400.0,0.0,30.0,52.0,0.0,0.0,11.0,0.2727272727272727,0.0,1.0,0.0,0.18888888888888888,0.7333333333333333,0.3361344537815126,0.0,0.0,1,1.0,0.0,1.0,107.0,13210005.0,1.0,0.7079646,1.0,0,0,0,0,0,0,1,0,0,0,0,0,0,0,0,0,0,1,0,0,0,0
27.0,1.0,1.0,120.0,0.0,3.0,20.0,0.0,0.0,9.0,0.6363636363636365,1.0,1.0,0.0,0.04444444444444444,1.0,0.47058823529411764,0.0,0.0,0,1.0,0.0,1.0,107.0,63220210.0,0.0,0.7079646,0.0,0,0,0,0,0,0,1,0,0,0,0,0,0,0,0,0,0,1,0,0,0,0
27.0,0.0,1.0,0.0,30000.0,26.0,48.0,0.0,0.0,11.0,0.6363636363636365,0.0,1.0,0.0,0.3688888888888889,1.0,0.48739495798319327,0.0,0.0,0,0.0,0.0,1.0,107.0,13210005.0,0.0,0.7079646,0.0,0,0,0,0,0,0,1,0,0,0,0,0,0,0,0,0,0,1,0,0,0,0
26.0,0.0,1.0,381.5,0.0,20.0,40.0,0.0,0.0,11.0,0.5454545454545452,0.0,1.0,0.0,0.17777777777777776,0.7333333333333333,0.21008403361344538,0.0,0.0,0,1.0,0.0,1.0,107.0,63220210.0,1.0,0.7079646,0.0,0,0,0,0,0,0,1,0,0,0,0,0,0,0,0,0,0,1,0,0,0,0
24.0,0.0,1.0,408.0,0.0,26.0,56.0,1.0,1.0,11.0,0.45454545454545436,0.0,1.0,0.0,0.37555555555555553,0.8666666666666667,0.40336134453781514,0.0,0.0,0,1.0,0.0,1.0,107.0,13210005.0,0.0,0.7079646,0.0,0,0,0,0,0,0,1,0,0,0,0,0,0,0,0,0,0,1,0,0,0,0
25.0,0.0,0.0,0.0,0.0,0.0,0.0,0.0,0.0,11.0,0.5454545454545452,0.0,0.0,0.0,0.0,0.0,0.0,0.0,0.0,1,0.0,0.0,1.0,107.0,13210005.0,0.0,0.7079646,0.0,0,0,0,0,0,0,1,0,0,0,0,0,0,0,0,0,0,1,0,0,0,0
26.0,1.0,0.0,0.0,0.0,0.0,0.0,0.0,0.0,11.0,0.6363636363636365,1.0,0.0,0.0,0.0,0.0,0.0,0.0,0.0,1,0.0,0.0,1.0,107.0,63220210.0,1.0,0.7079646,1.0,0,0,0,0,0,0,1,0,0,0,0,0,0,0,0,1,0,0,0,0,0,0
19.0,0.0,0.0,0.0,0.0,0.0,0.0,0.0,0.0,11.0,0.0,0.0,0.0,0.0,0.0,0.0,0.0,0.0,0.0,0,0.0,0.0,1.0,107.0,13210005.0,0.0,0.7079646,0.0,0,0,0,0,0,0,1,0,0,0,0,0,0,0,0,0,0,1,0,0,0,0
25.0,0.0,0.0,0.0,0.0,0.0,0.0,0.0,0.0,11.0,0.45454545454545436,0.0,0.0,0.0,0.0,0.0,0.0,0.0,0.0,0,0.0,0.0,1.0,108.0,13410005.0,1.0,0.75739646,0.0,0,0,0,0,0,0,1,0,0,0,0,0,0,0,0,0,0,1,0,0,0,0
20.0,0.0,0.0,0.0,0.0,0.0,0.0,0.0,0.0,11.0,0.0,0.0,1.0,0.0,0.0,0.8666666666666667,0.6554621848739496,0.0,0.0,1,0.0,0.0,1.0,108.0,13410005.0,0.0,0.75739646,0.0,0,0,0,0,0,0,1,0,0,0,0,0,0,0,0,0,0,1,0,0,0,0
25.0,0.0,1.0,480.0,0.0,26.0,48.0,0.0,0.0,10.0,0.5454545454545452,0.0,0.0,0.0,0.0,0.0,0.0,0.0,0.0,0,1.0,0.0,1.0,108.0,13710005.0,0.0,0.75739646,0.0,0,0,0,0,0,0,1,0,0,0,0,0,0,0,0,0,0,1,0,0,0,0
22.0,0.0,1.0,320.0,0.0,30.0,56.0,0.0,0.0,11.0,0.18181818181818188,0.0,1.0,0.26999999999999996,0.0,0.6666666666666666,0.4621848739495798,0.0,1.0,0,1.0,1.0,1.0,108.0,13710005.0,0.0,0.75739646,0.0,0,0,0,0,0,0,1,0,0,0,0,0,0,0,0,0,0,1,0,0,0,0
27.0,1.0,0.0,0.0,0.0,0.0,0.0,0.0,0.0,11.0,0.7272727272727273,1.0,1.0,0.3,0.0,0.8666666666666667,0.38655462184873945,0.0,0.0,0,0.0,1.0,1.0,108.0,63210220.0,1.0,0.75739646,0.0,0,0,0,0,0,0,1,0,0,0,0,0,0,0,0,0,0,1,0,0,0,0
26.0,0.0,0.0,0.0,0.0,0.0,0.0,0.0,0.0,11.0,0.5454545454545452,0.0,1.0,0.0,0.2222222222222222,0.26666666666666666,0.1680672268907563,0.0,0.0,0,0.0,0.0,1.0,108.0,13710005.0,1.0,0.75739646,0.0,0,0,0,0,0,0,1,0,0,0,0,0,0,0,0,0,0,1,0,0,0,0
20.0,0.0,0.0,0.0,0.0,0.0,0.0,0.0,0.0,11.0,0.09090909090909083,0.0,0.0,0.0,0.0,0.0,0.0,0.0,0.0,0,0.0,0.0,1.0,108.0,13710005.0,1.0,0.75739646,0.0,0,0,0,0,0,0,1,0,0,0,0,0,0,0,0,0,0,1,0,0,0,0
21.0,0.0,1.0,408.0,0.0,26.0,48.0,1.0,1.0,11.0,0.18181818181818188,0.0,0.0,0.0,0.0,0.0,0.0,0.0,0.0,1,1.0,0.0,1.0,108.0,13530005.0,1.0,0.75739646,1.0,0,0,0,0,0,0,1,0,0,0,0,0,0,0,0,0,0,1,0,0,0,0
22.0,0.0,1.0,408.0,0.0,26.0,48.0,1.0,1.0,11.0,0.2727272727272727,0.0,0.0,0.0,0.0,0.0,0.0,0.0,0.0,1,1.0,0.0,1.0,108.0,13410005.0,1.0,0.75739646,1.0,0,0,0,0,0,0,1,0,0,0,0,0,0,0,0,0,0,1,0,0,0,0
20.0,0.0,1.0,870.0,0.0,30.0,60.0,1.0,0.0,11.0,0.0,0.0,0.0,0.0,0.0,0.0,0.0,0.0,0.0,0,1.0,0.0,1.0,108.0,13410115.0,1.0,0.75739646,0.0,0,0,0,0,0,0,1,0,0,0,0,0,0,0,0,0,0,1,0,0,0,0
23.0,0.0,1.0,408.0,0.0,26.0,24.0,1.0,0.0,11.0,0.36363636363636354,0.0,0.0,0.0,0.0,0.0,0.0,0.0,0.0,0,1.0,0.0,1.0,108.0,13410115.0,1.0,0.75739646,0.0,0,0,0,0,0,0,1,0,0,0,0,0,0,0,0,0,0,1,0,0,0,0
20.0,0.0,0.0,0.0,0.0,0.0,0.0,0.0,0.0,11.0,0.09090909090909083,0.0,1.0,0.19999999999999998,0.0,0.6666666666666666,0.5042016806722689,0.0,0.0,1,0.0,1.0,1.0,108.0,13410005.0,1.0,0.75739646,1.0,0,0,0,0,0,0,1,0,0,0,0,0,0,0,0,0,0,1,0,0,0,0
21.0,0.0,1.0,408.0,0.0,25.0,55.0,1.0,1.0,11.0,0.18181818181818188,0.0,0.0,0.0,0.0,0.0,0.0,0.0,0.0,1,1.0,0.0,1.0,108.0,63210220.0,0.0,0.75739646,0.0,0,0,0,0,0,0,1,0,0,0,0,0,0,0,0,0,0,1,0,0,0,0
20.0,1.0,1.0,490.15,0.0,24.0,48.0,1.0,1.0,11.0,0.09090909090909083,1.0,1.0,0.0,0.39999999999999997,0.8666666666666667,0.37815126050420167,0.0,0.0,1,1.0,0.0,1.0,108.0,13410115.0,0.0,0.75739646,0.0,0,0,0,0,0,0,1,0,0,0,0,0,0,0,0,0,0,1,0,0,0,0
20.0,0.0,0.0,0.0,0.0,0.0,0.0,0.0,0.0,11.0,0.09090909090909083,0.0,1.0,0.3,0.0,0.8666666666666667,0.20168067226890757,0.0,0.0,1,0.0,1.0,1.0,108.0,63210220.0,0.0,0.75739646,0.0,0,0,0,0,0,0,1,0,0,0,0,0,0,0,0,0,0,1,0,0,0,0
22.0,0.0,1.0,0.0,250000.0,30.0,70.0,0.0,0.0,11.0,0.2727272727272727,0.0,0.0,0.0,0.0,0.0,0.0,0.0,0.0,0,0.0,0.0,1.0,108.0,13410005.0,0.0,0.75739646,0.0,0,0,0,0,0,0,1,0,0,0,0,0,0,0,0,0,0,1,0,0,0,0
25.0,0.0,1.0,0.0,100000.0,30.0,60.0,0.0,0.0,11.0,0.5454545454545452,0.0,1.0,0.0,0.0,0.8666666666666667,0.3025210084033613,0.0,0.0,0,0.0,0.0,1.0,108.0,13530005.0,1.0,0.75739646,0.0,0,0,0,0,0,0,1,0,0,0,0,0,0,0,0,0,0,1,0,0,0,0
23.0,0.0,1.0,550.0,0.0,16.0,48.0,0.0,1.0,11.0,0.36363636363636354,0.0,1.0,0.35,0.0,1.0,0.8235294117647058,0.0,1.0,1,1.0,1.0,1.0,108.0,13530005.0,0.0,0.75739646,0.0,0,0,0,0,0,0,1,0,0,0,0,0,0,0,0,0,0,1,0,0,0,0
23.0,0.0,1.0,460.0,0.0,30.0,56.0,1.0,1.0,11.0,0.2727272727272727,0.0,0.0,0.0,0.0,0.0,0.0,0.0,0.0,1,1.0,0.0,1.0,108.0,13710005.0,1.0,0.75739646,1.0,0,0,0,0,0,0,1,0,0,0,0,0,0,0,0,0,0,1,0,0,0,0
21.0,0.0,1.0,408.0,0.0,26.0,60.0,0.0,0.0,11.0,0.09090909090909083,0.0,1.0,0.32,0.0,0.8666666666666667,0.40336134453781514,0.0,0.0,0,1.0,1.0,1.0,108.0,13410005.0,0.0,0.75739646,0.0,0,0,0,0,0,0,1,0,0,0,0,0,0,0,0,0,0,1,0,0,0,0
20.0,0.0,1.0,240.0,0.0,8.0,16.0,0.0,0.0,11.0,0.0,0.0,1.0,0.3,0.0,1.0,0.4369747899159664,1.0,1.0,1,1.0,1.0,1.0,108.0,13420005.0,0.0,0.75739646,0.0,0,0,0,0,0,0,1,0,0,0,0,0,0,0,0,0,0,1,0,0,0,0
24.0,0.0,0.0,0.0,0.0,0.0,0.0,0.0,0.0,11.0,0.36363636363636354,0.0,0.0,0.0,0.0,0.0,0.0,0.0,0.0,1,0.0,0.0,1.0,108.0,13420005.0,1.0,0.75739646,1.0,0,0,0,0,0,0,1,0,0,0,0,0,0,0,0,0,0,1,0,0,0,0
21.0,0.0,1.0,408.0,0.0,26.0,48.0,1.0,1.0,11.0,0.18181818181818188,0.0,0.0,0.0,0.0,0.0,0.0,0.0,0.0,0,1.0,0.0,1.0,108.0,13410115.0,0.0,0.75739646,0.0,0,0,0,0,0,0,1,0,0,0,0,0,0,0,0,0,0,1,0,0,0,0
21.0,1.0,0.0,0.0,0.0,0.0,0.0,0.0,0.0,11.0,0.18181818181818188,0.0,1.0,0.0,0.24444444444444444,0.8666666666666667,0.38655462184873945,0.0,0.0,0,0.0,0.0,1.0,108.0,13710005.0,1.0,0.75739646,0.0,0,0,0,0,0,0,1,0,0,0,0,0,0,0,0,0,0,1,0,0,0,0
20.0,1.0,1.0,408.0,0.0,20.0,72.0,1.0,1.0,11.0,0.0,0.0,0.0,0.0,0.0,0.0,0.0,0.0,0.0,0,1.0,0.0,1.0,108.0,13420005.0,0.0,0.75739646,0.0,0,0,0,0,0,0,1,0,0,0,0,0,0,0,0,0,0,1,0,0,0,0
19.0,0.0,1.0,408.0,0.0,26.0,48.0,1.0,1.0,11.0,0.0,0.0,1.0,0.0,0.049999999999999996,0.6666666666666666,0.36974789915966383,0.0,0.0,1,1.0,0.0,1.0,108.0,13530005.0,0.0,0.75739646,0.0,0,0,0,0,0,0,1,0,0,0,0,0,0,0,0,0,0,1,0,0,0,0
20.0,0.0,1.0,600.0,0.0,20.0,48.0,0.0,0.0,11.0,0.09090909090909083,0.0,1.0,0.0,0.16666666666666666,0.3333333333333333,0.21008403361344538,0.0,0.0,0,1.0,0.0,1.0,108.0,13410115.0,1.0,0.75739646,0.0,0,0,0,0,0,0,1,0,0,0,0,0,0,0,0,0,0,1,0,0,0,0
21.0,0.0,1.0,408.0,0.0,26.0,48.0,1.0,1.0,11.0,0.09090909090909083,0.0,0.0,0.0,0.0,0.0,0.0,0.0,0.0,1,1.0,0.0,1.0,108.0,13420005.0,1.0,0.75739646,1.0,0,0,0,0,0,0,1,0,0,0,0,0,0,0,0,0,0,1,0,0,0,0
25.0,0.0,0.0,0.0,0.0,0.0,0.0,0.0,0.0,11.0,0.45454545454545436,0.0,0.0,0.0,0.0,0.0,0.0,0.0,0.0,1,0.0,0.0,1.0,108.0,13410005.0,0.0,0.75739646,0.0,0,0,0,0,0,0,1,0,0,0,0,0,0,0,0,0,0,1,0,0,0,0
24.0,0.0,1.0,408.0,0.0,20.0,40.0,1.0,1.0,11.0,0.36363636363636354,0.0,1.0,0.09999999999999999,0.0,0.8666666666666667,0.6050420168067226,0.0,0.0,1,1.0,1.0,1.0,108.0,13710005.0,0.0,0.75739646,0.0,0,0,0,0,0,0,1,0,0,0,0,0,0,0,0,0,0,1,0,0,0,0
20.0,0.0,0.0,0.0,0.0,0.0,0.0,0.0,0.0,11.0,0.0,0.0,1.0,0.0,0.39999999999999997,1.0,0.5882352941176471,0.0,0.0,1,0.0,0.0,1.0,108.0,13710005.0,0.0,0.75739646,0.0,0,0,0,0,0,0,1,0,0,0,0,0,0,0,1,0,0,0,0,0,0,0
22.0,0.0,1.0,408.0,0.0,26.0,56.0,1.0,1.0,11.0,0.2727272727272727,0.0,0.0,0.0,0.0,0.0,0.0,0.0,0.0,1,1.0,0.0,1.0,108.0,13530005.0,1.0,0.75739646,1.0,0,0,0,0,0,0,1,0,0,0,0,0,0,0,0,0,0,1,0,0,0,0
25.0,0.0,1.0,408.0,0.0,24.0,60.0,1.0,1.0,11.0,0.5454545454545452,0.0,1.0,0.0,0.19999999999999998,0.8666666666666667,0.4369747899159664,0.0,0.0,1,1.0,0.0,1.0,108.0,13410115.0,0.0,0.75739646,0.0,0,0,0,0,0,0,1,0,0,0,0,0,0,0,0,0,0,1,0,0,0,0
26.0,0.0,0.0,0.0,0.0,0.0,0.0,0.0,0.0,6.0,0.6363636363636365,0.0,0.0,0.0,0.0,0.0,0.0,0.0,0.0,1,0.0,0.0,1.0,108.0,63210220.0,0.0,0.75739646,0.0,0,0,0,0,0,0,1,0,0,0,0,0,0,0,0,0,0,1,0,0,0,0
26.0,0.0,1.0,600.0,0.0,26.0,60.0,0.0,0.0,11.0,0.6363636363636365,0.0,1.0,0.358,0.0,0.8666666666666667,0.6050420168067226,1.0,1.0,0,1.0,1.0,1.0,108.0,13710005.0,0.0,0.75739646,0.0,0,0,0,0,0,0,1,0,0,0,0,0,0,0,0,0,0,1,0,0,0,0
24.0,0.0,1.0,471.0,0.0,24.0,48.0,1.0,1.0,11.0,0.45454545454545436,0.0,1.0,0.38,0.0,0.7333333333333333,0.3361344537815126,1.0,1.0,1,1.0,1.0,1.0,108.0,13410115.0,0.0,0.75739646,0.0,0,0,0,0,0,0,1,0,0,0,0,0,0,0,0,0,0,1,0,0,0,0
23.0,0.0,1.0,408.0,0.0,26.0,48.0,0.0,0.0,11.0,0.36363636363636354,0.0,1.0,0.35,0.0,1.0,0.5798319327731092,0.0,0.0,1,1.0,1.0,1.0,108.0,13530005.0,1.0,0.75739646,1.0,0,0,0,0,0,0,1,0,0,0,0,0,0,0,0,1,0,0,0,0,0,0
22.0,0.0,1.0,408.0,0.0,26.0,48.0,0.0,0.0,11.0,0.18181818181818188,0.0,0.0,0.0,0.0,0.0,0.0,0.0,0.0,0,1.0,0.0,1.0,108.0,13410115.0,0.0,0.75739646,0.0,0,0,0,0,0,0,1,0,0,0,0,0,0,0,0,0,0,1,0,0,0,0
22.0,0.0,1.0,408.0,0.0,20.0,40.0,1.0,1.0,11.0,0.2727272727272727,0.0,1.0,0.358,0.0,1.0,0.47058823529411764,0.0,0.0,0,1.0,1.0,1.0,108.0,13410115.0,1.0,0.75739646,0.0,0,0,0,0,0,0,1,0,0,0,0,0,0,0,0,0,0,1,0,0,0,0
24.0,0.0,0.0,0.0,0.0,0.0,0.0,0.0,0.0,11.0,0.45454545454545436,0.0,1.0,0.42,0.0,0.9,0.40336134453781514,0.0,0.0,0,0.0,1.0,1.0,108.0,13410005.0,0.0,0.75739646,0.0,0,0,0,0,0,0,1,0,0,0,0,0,0,0,0,0,0,1,0,0,0,0
21.0,0.0,1.0,408.0,0.0,26.0,48.0,0.0,0.0,9.0,0.09090909090909083,0.0,1.0,0.19999999999999998,0.0,0.9333333333333333,0.8907563025210083,0.0,0.0,1,1.0,1.0,1.0,108.0,13530005.0,0.0,0.75739646,0.0,0,0,0,0,0,0,1,0,0,0,0,0,0,0,1,0,0,0,0,0,0,0
23.0,0.0,1.0,80.0,0.0,15.0,30.0,0.0,0.0,11.0,0.2727272727272727,0.0,0.0,0.0,0.0,0.0,0.0,0.0,0.0,1,1.0,0.0,1.0,108.0,63210220.0,1.0,0.75739646,1.0,0,0,0,0,0,0,1,0,0,0,0,0,0,0,0,0,0,1,0,0,0,0
20.0,0.0,1.0,408.0,0.0,26.0,48.0,0.0,0.0,11.0,0.0,0.0,1.0,0.0,0.0,1.0,0.3529411764705882,0.0,0.0,1,1.0,0.0,1.0,108.0,13710005.0,0.0,0.75739646,0.0,0,0,0,0,0,0,1,0,0,0,0,0,0,0,0,1,0,0,0,0,0,0
20.0,0.0,0.0,0.0,0.0,0.0,0.0,0.0,0.0,11.0,0.0,0.0,0.0,0.0,0.0,0.0,0.0,0.0,0.0,0,0.0,0.0,1.0,108.0,13410115.0,1.0,0.75739646,0.0,0,0,0,0,0,0,1,0,0,0,0,0,0,0,0,0,0,1,0,0,0,0
20.0,0.0,1.0,180.0,0.0,26.0,72.0,0.0,0.0,11.0,0.09090909090909083,0.0,1.0,0.13,0.0,0.6666666666666666,0.5042016806722689,0.0,0.0,0,1.0,1.0,1.0,108.0,13530005.0,1.0,0.75739646,0.0,0,0,0,0,0,0,1,0,0,0,0,0,0,0,0,0,0,1,0,0,0,0
21.0,0.0,0.0,0.0,0.0,0.0,0.0,0.0,0.0,11.0,0.09090909090909083,0.0,1.0,0.0,0.04444444444444444,0.13333333333333333,0.03361344537815126,0.0,0.0,1,0.0,0.0,1.0,108.0,13420005.0,0.0,0.75739646,0.0,0,0,0,0,0,0,1,0,0,0,0,0,0,0,0,0,0,1,0,0,0,0
20.0,0.0,1.0,408.0,0.0,26.0,48.0,1.0,1.0,11.0,0.0,0.0,0.0,0.0,0.0,0.0,0.0,0.0,0.0,1,1.0,0.0,1.0,109.0,13530035.0,0.0,0.5405405,0.0,0,0,0,0,0,0,1,0,0,0,0,0,0,0,0,0,0,1,0,0,0,0
21.0,0.0,1.0,408.0,0.0,28.0,40.0,0.0,0.0,11.0,0.18181818181818188,0.0,0.0,0.0,0.0,0.0,0.0,0.0,0.0,1,1.0,0.0,1.0,109.0,63220030.0,1.0,0.5405405,1.0,0,0,0,0,0,0,1,0,0,0,0,0,0,0,0,0,0,1,0,0,0,0
23.0,0.0,1.0,408.0,0.0,26.0,48.0,1.0,1.0,11.0,0.36363636363636354,0.0,1.0,0.0,0.0,0.13333333333333333,0.06722689075630252,0.0,0.0,1,1.0,0.0,1.0,109.0,13530035.0,0.0,0.5405405,0.0,0,0,0,0,0,0,1,0,0,0,0,0,0,0,0,0,0,1,0,0,0,0
20.0,0.0,1.0,385.0,0.0,26.0,48.0,1.0,1.0,11.0,0.09090909090909083,0.0,0.0,0.0,0.0,0.0,0.0,0.0,0.0,1,1.0,0.0,1.0,109.0,63220030.0,1.0,0.5405405,1.0,0,0,0,0,0,0,1,0,0,0,0,0,0,0,0,0,0,1,0,0,0,0
23.0,1.0,1.0,165.0,0.0,25.0,30.0,1.0,0.0,11.0,0.36363636363636354,1.0,1.0,0.0,0.1381588888888889,0.26666666666666666,0.20168067226890757,0.0,0.0,1,1.0,0.0,1.0,109.0,63220030.0,1.0,0.5405405,1.0,0,0,0,0,0,0,1,0,0,0,0,0,0,0,0,0,0,1,0,0,0,0
20.0,0.0,1.0,408.0,0.0,26.0,48.0,1.0,1.0,11.0,0.0,0.0,0.0,0.0,0.0,0.0,0.0,0.0,0.0,1,1.0,0.0,1.0,109.0,63220030.0,1.0,0.5405405,1.0,0,0,0,0,0,0,1,0,0,0,0,0,0,0,0,0,0,1,0,0,0,0
20.0,0.0,1.0,200.0,0.0,26.0,72.0,0.0,0.0,11.0,0.0,0.0,0.0,0.0,0.0,0.0,0.0,0.0,0.0,1,1.0,0.0,1.0,109.0,63220030.0,0.0,0.5405405,0.0,0,0,0,0,0,0,1,0,0,0,0,0,0,0,0,0,0,1,0,0,0,0
21.0,1.0,1.0,184.0,0.0,20.0,35.0,0.0,0.0,11.0,0.18181818181818188,1.0,1.0,0.0,0.03333333333333333,0.4,0.10084033613445378,0.0,0.0,0,1.0,0.0,1.0,110.0,13530005.0,1.0,0.7522727,0.0,0,0,0,0,0,0,1,0,0,0,0,0,0,0,0,0,0,1,0,0,0,0
24.0,0.0,0.0,0.0,0.0,0.0,0.0,0.0,0.0,11.0,0.45454545454545436,1.0,0.0,0.0,0.0,0.0,0.0,0.0,0.0,1,0.0,0.0,1.0,110.0,13530005.0,1.0,0.7522727,1.0,0,0,0,0,0,0,1,0,0,0,0,0,0,0,0,0,0,1,0,0,0,0
21.0,0.0,0.0,0.0,0.0,0.0,0.0,0.0,0.0,7.0,0.09090909090909083,0.0,0.0,0.0,0.0,0.0,0.0,0.0,0.0,1,0.0,0.0,1.0,110.0,96170020.0,0.0,0.7522727,0.0,0,0,0,0,0,0,1,0,0,0,0,0,0,0,1,0,0,0,0,0,0,0
23.0,0.0,1.0,450.0,0.0,26.0,56.0,1.0,1.0,11.0,0.2727272727272727,1.0,1.0,0.3815,0.0,0.8666666666666667,0.40336134453781514,1.0,1.0,0,1.0,1.0,1.0,110.0,13120005.0,1.0,0.7522727,0.0,0,0,0,0,0,0,1,0,0,0,0,0,0,0,0,0,0,1,0,0,0,0
21.0,1.0,1.0,408.0,0.0,26.0,48.0,1.0,1.0,11.0,0.09090909090909083,0.0,1.0,0.0,0.08888888888888888,0.8666666666666667,0.40336134453781514,0.0,0.0,0,1.0,0.0,1.0,110.0,96170020.0,1.0,0.7522727,0.0,0,0,0,0,0,0,1,0,0,0,0,0,0,0,0,0,0,1,0,0,0,0
21.0,0.0,0.0,0.0,0.0,0.0,0.0,0.0,0.0,11.0,0.09090909090909083,0.0,0.0,0.0,0.0,0.0,0.0,0.0,0.0,0,0.0,0.0,1.0,110.0,96170020.0,1.0,0.7522727,0.0,0,0,0,0,0,0,1,0,0,0,0,0,0,0,0,0,0,1,0,0,0,0
19.0,0.0,1.0,408.0,0.0,24.0,72.0,0.0,0.0,11.0,0.0,0.0,1.0,0.0,0.2333333333333333,0.8666666666666667,0.5042016806722689,0.0,0.0,0,1.0,0.0,1.0,110.0,63530020.0,1.0,0.7522727,0.0,0,0,0,0,0,0,1,0,0,0,0,0,0,0,0,1,0,0,0,0,0,0
21.0,0.0,0.0,0.0,0.0,0.0,0.0,0.0,0.0,10.0,0.09090909090909083,0.0,0.0,0.0,0.0,0.0,0.0,0.0,0.0,0,0.0,0.0,1.0,110.0,96170020.0,1.0,0.7522727,0.0,0,0,0,0,0,0,1,0,0,0,0,0,0,0,1,0,0,0,0,0,0,0
26.0,0.0,1.0,400.0,0.0,26.0,60.0,0.0,0.0,10.0,0.5454545454545452,0.0,0.0,0.0,0.0,0.0,0.0,0.0,0.0,0,1.0,0.0,1.0,110.0,63530020.0,0.0,0.7522727,0.0,0,0,0,0,0,0,1,0,0,0,0,0,0,0,0,1,0,0,0,0,0,0
21.0,1.0,0.0,0.0,0.0,0.0,0.0,0.0,0.0,11.0,0.18181818181818188,1.0,0.0,0.0,0.0,0.0,0.0,0.0,0.0,1,0.0,0.0,1.0,110.0,13530005.0,1.0,0.7522727,1.0,0,0,0,0,0,0,1,0,0,0,0,0,0,0,0,0,0,1,0,0,0,0
20.0,0.0,0.0,0.0,0.0,0.0,0.0,0.0,0.0,11.0,0.0,0.0,0.0,0.0,0.0,0.0,0.0,0.0,0.0,0,0.0,0.0,1.0,110.0,13530005.0,0.0,0.7522727,0.0,0,0,0,0,0,0,1,0,0,0,0,0,0,0,0,0,0,1,0,0,0,0
20.0,0.0,0.0,0.0,0.0,0.0,0.0,0.0,0.0,11.0,0.09090909090909083,0.0,1.0,0.0,0.08888888888888888,0.8666666666666667,0.5042016806722689,0.0,0.0,0,0.0,0.0,1.0,110.0,63530020.0,0.0,0.7522727,0.0,0,0,0,0,0,0,1,0,0,0,0,0,0,0,0,0,0,1,0,0,0,0
27.0,1.0,0.0,0.0,0.0,0.0,0.0,0.0,0.0,12.0,0.6363636363636365,1.0,1.0,0.0,0.10666666666666666,0.26666666666666666,0.20168067226890757,0.0,0.0,0,0.0,0.0,1.0,110.0,13120005.0,1.0,0.7522727,0.0,0,0,0,0,0,0,1,0,0,0,0,0,0,0,0,0,0,1,0,0,0,0
23.0,0.0,1.0,408.0,0.0,30.0,48.0,0.0,0.0,11.0,0.2727272727272727,0.0,1.0,0.358,0.0,0.8666666666666667,0.40336134453781514,1.0,1.0,0,1.0,1.0,1.0,110.0,63530020.0,0.0,0.7522727,0.0,0,0,0,0,0,0,1,0,0,0,0,0,0,0,0,0,0,1,0,0,0,0
22.0,0.0,1.0,600.0,0.0,26.0,52.0,1.0,1.0,11.0,0.18181818181818188,0.0,0.0,0.0,0.0,0.0,0.0,0.0,0.0,0,1.0,0.0,1.0,110.0,13530005.0,1.0,0.7522727,0.0,0,0,0,0,0,0,1,0,0,0,0,0,0,0,0,0,0,1,0,0,0,0
21.0,0.0,1.0,240.0,0.0,30.0,60.0,0.0,0.0,11.0,0.09090909090909083,1.0,1.0,0.0,0.3333333333333333,0.8666666666666667,0.40336134453781514,0.0,0.0,0,1.0,0.0,1.0,110.0,13530005.0,1.0,0.7522727,0.0,0,0,0,0,0,0,1,0,0,0,0,1,0,0,0,0,0,0,0,0,0,0
23.0,0.0,1.0,408.0,0.0,26.0,50.0,1.0,1.0,11.0,0.36363636363636354,0.0,0.0,0.0,0.0,0.0,0.0,0.0,0.0,1,1.0,0.0,1.0,110.0,96170020.0,1.0,0.7522727,1.0,0,0,0,0,0,0,1,0,0,0,0,0,0,0,0,0,0,1,0,0,0,0
26.0,0.0,1.0,381.5,0.0,26.0,56.0,0.0,0.0,9.0,0.5454545454545452,0.0,0.0,0.0,0.0,0.0,0.0,0.0,0.0,0,1.0,0.0,1.0,110.0,96170020.0,0.0,0.7522727,0.0,0,0,0,0,0,0,1,0,0,0,0,0,0,0,0,1,0,0,0,0,0,0
22.0,0.0,0.0,0.0,0.0,0.0,0.0,0.0,0.0,11.0,0.18181818181818188,0.0,1.0,0.27999999999999997,0.0,0.8666666666666667,0.5042016806722689,0.0,0.0,1,0.0,1.0,1.0,110.0,96170020.0,1.0,0.7522727,1.0,0,0,0,0,0,0,1,0,0,0,0,0,0,0,0,1,0,0,0,0,0,0
22.0,0.0,1.0,408.0,0.0,26.0,48.0,1.0,1.0,11.0,0.18181818181818188,0.0,1.0,0.358,0.0,0.8666666666666667,0.49579831932773105,1.0,1.0,1,1.0,1.0,1.0,110.0,13120005.0,0.0,0.7522727,0.0,0,0,0,0,0,0,1,0,0,0,0,0,0,0,0,0,0,1,0,0,0,0
23.0,0.0,0.0,0.0,0.0,0.0,0.0,0.0,0.0,11.0,0.2727272727272727,0.0,0.0,0.0,0.0,0.0,0.0,0.0,0.0,0,0.0,0.0,1.0,110.0,13530005.0,1.0,0.7522727,0.0,0,0,0,0,0,0,1,0,0,0,0,0,0,0,0,0,0,1,0,0,0,0
20.0,0.0,1.0,350.0,0.0,30.0,48.0,0.0,0.0,11.0,0.0,0.0,1.0,0.105,0.0,0.7333333333333333,0.2689075630252101,0.0,0.0,1,1.0,1.0,1.0,110.0,13120005.0,0.0,0.7522727,0.0,0,0,0,0,0,0,1,0,0,0,0,0,0,0,0,0,0,1,0,0,0,0
21.0,0.0,0.0,0.0,0.0,0.0,0.0,0.0,0.0,9.0,0.18181818181818188,0.0,1.0,0.36,0.0,0.8666666666666667,0.5042016806722689,0.0,0.0,0,0.0,1.0,1.0,110.0,96170020.0,0.0,0.7522727,0.0,0,0,0,0,0,0,1,0,0,0,0,0,0,0,1,0,0,0,0,0,0,0
22.0,1.0,1.0,620.0,0.0,26.0,60.0,1.0,1.0,11.0,0.2727272727272727,0.0,1.0,0.0,0.3555555555555555,0.7333333333333333,0.8235294117647058,0.0,0.0,0,1.0,0.0,1.0,110.0,13120005.0,0.0,0.7522727,0.0,0,0,0,0,0,0,1,0,0,0,0,0,0,0,0,0,0,1,0,0,0,0
21.0,0.0,0.0,0.0,0.0,0.0,0.0,0.0,0.0,11.0,0.09090909090909083,0.0,1.0,0.358,0.0,0.8666666666666667,0.40336134453781514,0.0,0.0,0,0.0,1.0,1.0,110.0,13120005.0,1.0,0.7522727,0.0,0,0,0,0,0,0,1,0,0,0,0,0,0,0,0,0,0,1,0,0,0,0
23.0,0.0,1.0,870.0,0.0,30.0,56.0,1.0,1.0,11.0,0.36363636363636354,0.0,0.0,0.0,0.0,0.0,0.0,0.0,0.0,1,1.0,0.0,1.0,110.0,13120005.0,0.0,0.7522727,0.0,0,0,0,0,0,0,1,0,0,0,0,0,0,0,0,0,0,1,0,0,0,0
20.0,0.0,1.0,460.0,0.0,26.0,36.0,1.0,1.0,11.0,0.09090909090909083,0.0,0.0,0.0,0.0,0.0,0.0,0.0,0.0,1,1.0,0.0,1.0,110.0,13530005.0,1.0,0.7522727,1.0,0,0,0,0,0,0,1,0,0,0,0,0,0,0,0,0,0,1,0,0,0,0
21.0,0.0,0.0,0.0,0.0,0.0,0.0,0.0,0.0,11.0,0.09090909090909083,0.0,0.0,0.0,0.0,0.0,0.0,0.0,0.0,0,0.0,0.0,1.0,110.0,13120005.0,0.0,0.7522727,0.0,0,0,0,0,0,0,1,0,0,0,0,0,0,0,0,0,0,1,0,0,0,0
24.0,0.0,1.0,500.0,0.0,26.0,56.0,0.0,0.0,11.0,0.36363636363636354,0.0,0.0,0.0,0.0,0.0,0.0,0.0,0.0,1,1.0,0.0,1.0,110.0,13120005.0,1.0,0.7522727,1.0,0,0,0,0,0,0,1,0,0,0,0,0,0,0,0,0,0,1,0,0,0,0
26.0,0.0,1.0,500.0,0.0,26.0,52.0,1.0,1.0,11.0,0.5454545454545452,0.0,0.0,0.0,0.0,0.0,0.0,0.0,0.0,0,1.0,0.0,1.0,110.0,63530020.0,0.0,0.7522727,0.0,0,0,0,0,0,0,1,0,0,0,0,0,0,0,0,0,0,1,0,0,0,0
22.0,0.0,0.0,0.0,0.0,0.0,0.0,0.0,0.0,11.0,0.18181818181818188,0.0,1.0,0.09999999999999999,0.0,0.7333333333333333,0.3361344537815126,0.0,0.0,1,0.0,1.0,1.0,110.0,13530005.0,0.0,0.7522727,0.0,0,0,0,0,0,0,1,0,0,0,0,0,0,0,0,0,0,1,0,0,0,0
20.0,0.0,0.0,0.0,0.0,0.0,0.0,0.0,0.0,11.0,0.09090909090909083,0.0,1.0,0.0,0.2222222222222222,0.8666666666666667,0.7058823529411764,0.0,0.0,0,0.0,0.0,1.0,110.0,63530020.0,1.0,0.7522727,0.0,0,0,0,0,0,0,1,0,0,0,0,0,0,0,0,0,0,1,0,0,0,0
24.0,1.0,1.0,500.0,0.0,26.0,56.0,1.0,1.0,9.0,0.45454545454545436,1.0,0.0,0.0,0.0,0.0,0.0,0.0,0.0,1,1.0,0.0,1.0,110.0,63530020.0,1.0,0.7522727,1.0,0,0,0,0,0,0,1,0,0,0,0,0,0,0,0,1,0,0,0,0,0,0
22.0,0.0,0.0,0.0,0.0,0.0,0.0,0.0,0.0,11.0,0.18181818181818188,0.0,0.0,0.0,0.0,0.0,0.0,0.0,0.0,0,0.0,0.0,1.0,110.0,13530005.0,1.0,0.7522727,0.0,0,0,0,0,0,0,1,0,0,0,0,0,0,0,0,0,0,1,0,0,0,0
23.0,1.0,0.0,0.0,0.0,0.0,0.0,0.0,0.0,11.0,0.2727272727272727,0.0,0.0,0.0,0.0,0.0,0.0,0.0,0.0,0,0.0,0.0,1.0,110.0,96170020.0,1.0,0.7522727,0.0,0,0,0,0,0,0,1,0,0,0,0,0,0,0,0,0,0,1,0,0,0,0
22.0,1.0,0.0,0.0,0.0,0.0,0.0,0.0,0.0,11.0,0.2727272727272727,0.0,0.0,0.0,0.0,0.0,0.0,0.0,0.0,0,0.0,0.0,1.0,110.0,13530005.0,1.0,0.7522727,0.0,0,0,0,0,0,0,1,0,0,0,0,0,0,0,0,0,0,1,0,0,0,0
26.0,0.0,1.0,408.0,0.0,30.0,70.0,0.0,0.0,11.0,0.5454545454545452,0.0,1.0,0.0,0.39999999999999997,0.8666666666666667,0.36974789915966383,0.0,0.0,0,1.0,0.0,1.0,110.0,13530005.0,0.0,0.7522727,0.0,0,0,0,0,0,0,1,0,0,0,0,0,0,0,0,0,0,1,0,0,0,0
23.0,1.0,0.0,0.0,0.0,0.0,0.0,0.0,0.0,11.0,0.2727272727272727,1.0,0.0,0.0,0.0,0.0,0.0,0.0,0.0,1,0.0,0.0,1.0,110.0,13120005.0,1.0,0.7522727,1.0,0,0,0,0,0,0,1,0,0,0,0,0,0,0,0,0,0,1,0,0,0,0
24.0,1.0,1.0,381.5,0.0,26.0,48.0,0.0,0.0,11.0,0.36363636363636354,1.0,0.0,0.0,0.0,0.0,0.0,0.0,0.0,1,1.0,0.0,1.0,110.0,63530020.0,1.0,0.7522727,1.0,0,0,0,0,0,0,1,0,0,0,0,0,0,0,0,0,0,1,0,0,0,0
23.0,0.0,1.0,408.0,0.0,26.0,60.0,1.0,1.0,11.0,0.2727272727272727,0.0,1.0,0.0,0.0,0.8666666666666667,0.3529411764705882,0.0,0.0,0,1.0,0.0,1.0,110.0,13120005.0,0.0,0.7522727,0.0,0,0,0,0,0,0,1,0,0,0,0,0,0,0,0,0,0,1,0,0,0,0
23.0,1.0,0.0,0.0,0.0,0.0,0.0,0.0,0.0,11.0,0.36363636363636354,1.0,0.0,0.0,0.0,0.0,0.0,0.0,0.0,0,0.0,0.0,1.0,110.0,96170020.0,0.0,0.7522727,0.0,0,0,0,0,0,0,1,0,0,0,0,0,1,0,0,0,0,0,0,0,0,0
19.0,0.0,1.0,408.0,0.0,30.0,92.0,1.0,1.0,11.0,0.0,0.0,0.0,0.0,0.0,0.0,0.0,0.0,0.0,0,1.0,0.0,1.0,110.0,13120005.0,0.0,0.7522727,0.0,0,0,0,0,0,0,1,0,0,0,0,0,0,0,0,0,0,1,0,0,0,0
20.0,0.0,0.0,0.0,0.0,0.0,0.0,0.0,0.0,11.0,0.0,0.0,0.0,0.0,0.0,0.0,0.0,0.0,0.0,1,0.0,0.0,1.0,110.0,13530005.0,0.0,0.7522727,0.0,0,0,0,0,0,0,1,0,0,0,0,0,0,0,0,0,0,1,0,0,0,0
22.0,1.0,1.0,570.0,0.0,20.0,48.0,1.0,1.0,11.0,0.2727272727272727,1.0,0.0,0.0,0.0,0.0,0.0,0.0,0.0,0,1.0,0.0,1.0,110.0,96170020.0,0.0,0.7522727,0.0,0,0,0,0,0,0,1,0,0,0,0,0,0,0,0,0,0,1,0,0,0,0
21.0,0.0,1.0,408.0,0.0,26.0,48.0,1.0,1.0,8.0,0.09090909090909083,0.0,1.0,0.0,0.05555555555555555,0.13333333333333333,0.07563025210084033,0.0,0.0,0,1.0,0.0,1.0,110.0,63530020.0,1.0,0.7522727,0.0,0,0,0,0,0,0,1,0,0,0,0,0,0,0,0,0,0,1,0,0,0,0
21.0,0.0,1.0,385.5,0.0,26.0,48.0,1.0,1.0,11.0,0.09090909090909083,0.0,0.0,0.0,0.0,0.0,0.0,0.0,0.0,1,1.0,0.0,1.0,110.0,13530005.0,0.0,0.7522727,0.0,0,0,0,0,0,0,1,0,0,0,0,0,0,0,0,0,0,1,0,0,0,0
21.0,0.0,0.0,0.0,0.0,0.0,0.0,0.0,0.0,11.0,0.09090909090909083,0.0,1.0,0.0,0.10666666666666666,0.26666666666666666,0.20168067226890757,0.0,0.0,0,0.0,0.0,1.0,110.0,13530005.0,1.0,0.7522727,0.0,0,0,0,0,0,0,1,0,0,0,0,0,0,0,0,0,0,1,0,0,0,0
24.0,1.0,0.0,0.0,0.0,0.0,0.0,0.0,0.0,11.0,0.36363636363636354,0.0,1.0,0.358,0.0,1.0,0.47058823529411764,1.0,1.0,0,0.0,1.0,1.0,110.0,13120005.0,0.0,0.7522727,0.0,0,0,0,0,0,0,1,0,0,0,0,0,0,0,0,0,0,1,0,0,0,0
21.0,0.0,0.0,0.0,0.0,0.0,0.0,0.0,0.0,9.0,0.18181818181818188,0.0,0.0,0.0,0.0,0.0,0.0,0.0,0.0,1,0.0,0.0,1.0,110.0,63530020.0,1.0,0.7522727,1.0,0,0,0,0,0,0,1,0,0,0,0,0,0,0,0,1,0,0,0,0,0,0
25.0,0.0,1.0,408.0,0.0,30.0,48.0,0.0,0.0,11.0,0.5454545454545452,0.0,1.0,0.358,0.0,0.6666666666666666,0.37815126050420167,1.0,0.0,1,1.0,1.0,1.0,110.0,63530020.0,0.0,0.7522727,0.0,0,0,0,0,0,0,1,0,0,0,0,0,0,0,0,0,1,0,0,0,0,0
22.0,0.0,1.0,408.0,0.0,26.0,60.0,1.0,1.0,11.0,0.18181818181818188,0.0,1.0,0.358,0.0,0.8666666666666667,0.6050420168067226,1.0,1.0,1,1.0,1.0,1.0,110.0,63530020.0,0.0,0.7522727,0.0,0,0,0,0,0,0,1,0,0,0,0,0,0,0,0,0,0,1,0,0,0,0
20.0,1.0,1.0,0.0,200000.0,30.0,76.0,0.0,0.0,11.0,0.09090909090909083,1.0,0.0,0.0,0.0,0.0,0.0,0.0,0.0,0,0.0,0.0,1.0,110.0,13530005.0,1.0,0.7522727,0.0,0,0,0,0,0,0,1,0,0,0,0,0,0,0,0,0,0,1,0,0,0,0
23.0,0.0,0.0,0.0,0.0,0.0,0.0,0.0,0.0,11.0,0.2727272727272727,0.0,0.0,0.0,0.0,0.0,0.0,0.0,0.0,0,0.0,0.0,1.0,110.0,96170020.0,1.0,0.7522727,0.0,0,0,0,0,0,0,1,0,0,0,0,0,0,0,0,0,0,1,0,0,0,0
24.0,1.0,0.0,0.0,0.0,0.0,0.0,0.0,0.0,11.0,0.36363636363636354,1.0,1.0,0.08,0.0,0.8,0.5042016806722689,0.0,0.0,1,0.0,1.0,1.0,110.0,13120005.0,1.0,0.7522727,1.0,0,0,0,0,0,0,1,0,0,0,0,0,0,0,0,0,0,1,0,0,0,0
23.0,0.0,1.0,250.0,0.0,6.0,60.0,0.0,0.0,6.0,0.2727272727272727,0.0,0.0,0.0,0.0,0.0,0.0,0.0,0.0,0,1.0,0.0,1.0,111.0,13120040.0,0.0,0.74561405,0.0,0,0,0,0,0,0,1,0,0,0,0,0,1,0,0,0,0,0,0,0,0,0
22.0,0.0,0.0,0.0,0.0,0.0,0.0,0.0,0.0,11.0,0.18181818181818188,1.0,0.0,0.0,0.0,0.0,0.0,0.0,0.0,1,0.0,0.0,1.0,111.0,66410005.0,1.0,0.74561405,1.0,0,0,0,0,0,0,1,0,0,0,0,0,0,0,0,0,0,1,0,0,0,0
24.0,0.0,1.0,408.0,0.0,26.0,56.0,1.0,1.0,11.0,0.45454545454545436,0.0,1.0,0.0,0.36666666666666664,0.8666666666666667,0.5042016806722689,0.0,0.0,1,1.0,0.0,1.0,111.0,13120040.0,0.0,0.74561405,0.0,0,0,0,0,0,0,1,0,0,0,0,0,0,0,0,0,0,1,0,0,0,0
24.0,0.0,0.0,0.0,0.0,0.0,0.0,0.0,0.0,6.0,0.45454545454545436,0.0,0.0,0.0,0.0,0.0,0.0,0.0,0.0,1,0.0,0.0,1.0,111.0,66410005.0,1.0,0.74561405,1.0,0,0,0,0,0,0,1,0,0,0,0,0,0,0,0,0,0,1,0,0,0,0
26.0,0.0,1.0,408.0,0.0,26.0,48.0,1.0,1.0,11.0,0.5454545454545452,0.0,1.0,0.3815,0.0,1.0,0.47058823529411764,1.0,1.0,0,1.0,1.0,1.0,111.0,13120040.0,1.0,0.74561405,0.0,0,0,0,0,0,0,1,0,0,0,0,0,0,0,0,0,0,1,0,0,0,0
23.0,0.0,0.0,0.0,0.0,0.0,0.0,0.0,0.0,11.0,0.2727272727272727,0.0,1.0,0.0,0.04444444444444444,0.8,0.6050420168067226,0.0,0.0,0,0.0,0.0,1.0,111.0,66410005.0,1.0,0.74561405,0.0,0,0,0,0,0,0,1,0,0,0,0,0,0,0,0,0,0,1,0,0,0,0
23.0,1.0,0.0,0.0,0.0,0.0,0.0,0.0,0.0,10.0,0.2727272727272727,1.0,0.0,0.0,0.0,0.0,0.0,0.0,0.0,0,0.0,0.0,1.0,111.0,66410005.0,1.0,0.74561405,0.0,0,0,0,0,0,0,1,0,0,0,0,0,0,0,0,0,1,0,0,0,0,0
22.0,0.0,1.0,96.0,0.0,24.0,18.0,0.0,0.0,11.0,0.18181818181818188,0.0,1.0,0.0,0.0,0.8666666666666667,0.3361344537815126,0.0,0.0,0,1.0,0.0,1.0,111.0,13120040.0,0.0,0.74561405,0.0,0,0,0,0,0,0,1,0,0,0,0,0,0,0,0,0,0,1,0,0,0,0
21.0,0.0,1.0,408.0,0.0,26.0,56.0,1.0,1.0,11.0,0.09090909090909083,0.0,0.0,0.0,0.0,0.0,0.0,0.0,0.0,1,1.0,0.0,1.0,111.0,13120040.0,1.0,0.74561405,1.0,0,0,0,0,0,0,1,0,0,0,0,0,0,0,0,0,0,1,0,0,0,0
23.0,0.0,0.0,0.0,0.0,0.0,0.0,0.0,0.0,11.0,0.2727272727272727,0.0,0.0,0.0,0.0,0.0,0.0,0.0,0.0,1,0.0,0.0,1.0,111.0,13120040.0,1.0,0.74561405,1.0,0,0,0,0,0,0,1,0,0,0,0,0,0,0,0,0,0,1,0,0,0,0
20.0,0.0,1.0,408.0,0.0,3.0,36.0,1.0,1.0,11.0,0.09090909090909083,0.0,0.0,0.0,0.0,0.0,0.0,0.0,0.0,0,1.0,0.0,1.0,111.0,13120040.0,0.0,0.74561405,0.0,0,0,0,0,0,0,1,0,0,0,0,0,0,0,0,0,0,1,0,0,0,0
23.0,1.0,1.0,400.0,0.0,28.0,72.0,0.0,1.0,11.0,0.36363636363636354,1.0,1.0,0.0,0.38888888888888884,1.0,0.7058823529411764,0.0,0.0,0,1.0,0.0,1.0,111.0,13120040.0,0.0,0.74561405,0.0,0,0,0,0,0,0,1,0,0,0,0,0,0,0,0,0,0,1,0,0,0,0
22.0,0.0,0.0,0.0,0.0,0.0,0.0,0.0,0.0,11.0,0.2727272727272727,0.0,0.0,0.0,0.0,0.0,0.0,0.0,0.0,1,0.0,0.0,1.0,111.0,13120040.0,0.0,0.74561405,0.0,0,0,0,0,0,0,1,0,0,0,0,0,0,0,0,0,0,1,0,0,0,0
21.0,0.0,1.0,408.0,0.0,26.0,72.0,0.0,0.0,11.0,0.18181818181818188,0.0,0.0,0.0,0.0,0.0,0.0,0.0,0.0,1,1.0,0.0,1.0,112.0,84210210.0,0.0,0.7968128,0.0,0,0,0,0,0,0,1,0,0,0,0,0,0,0,0,0,0,1,0,0,0,0
20.0,0.0,0.0,0.0,0.0,0.0,0.0,0.0,0.0,11.0,0.0,0.0,1.0,0.42,0.0,0.9333333333333333,0.40336134453781514,0.0,0.0,1,0.0,1.0,1.0,112.0,63110010.0,1.0,0.7968128,1.0,0,0,0,0,0,0,1,0,0,0,0,0,0,0,0,0,1,0,0,0,0,0
25.0,0.0,0.0,0.0,0.0,0.0,0.0,0.0,0.0,11.0,0.45454545454545436,0.0,0.0,0.0,0.0,0.0,0.0,0.0,0.0,0,0.0,0.0,1.0,112.0,84210210.0,0.0,0.7968128,0.0,0,0,0,0,0,0,1,0,0,0,0,0,0,0,0,0,0,1,0,0,0,0
21.0,1.0,1.0,700.0,0.0,26.0,56.0,1.0,1.0,11.0,0.09090909090909083,0.0,1.0,0.045,0.0,0.06666666666666667,0.06722689075630252,0.0,0.0,1,1.0,1.0,1.0,112.0,83260005.0,0.0,0.7968128,0.0,0,0,0,0,0,0,1,0,0,0,0,0,0,0,0,0,0,1,0,0,0,0
23.0,0.0,1.0,300.0,0.0,30.0,77.0,1.0,1.0,11.0,0.36363636363636354,0.0,0.0,0.0,0.0,0.0,0.0,0.0,0.0,1,1.0,0.0,1.0,112.0,63720005.0,1.0,0.7968128,1.0,0,0,0,0,0,0,1,0,0,0,0,0,0,0,0,0,0,1,0,0,0,0
22.0,0.0,0.0,0.0,0.0,0.0,0.0,0.0,0.0,11.0,0.18181818181818188,0.0,0.0,0.0,0.0,0.0,0.0,0.0,0.0,1,0.0,0.0,1.0,112.0,63110010.0,0.0,0.7968128,0.0,0,0,0,0,0,0,1,0,0,0,0,0,0,0,0,0,0,1,0,0,0,0
23.0,0.0,0.0,0.0,0.0,0.0,0.0,0.0,0.0,11.0,0.36363636363636354,0.0,0.0,0.0,0.0,0.0,0.0,0.0,0.0,1,0.0,0.0,1.0,112.0,84210210.0,0.0,0.7968128,0.0,0,0,0,0,0,0,1,0,0,0,0,0,0,0,0,0,0,1,0,0,0,0
25.0,0.0,1.0,408.0,0.0,26.0,48.0,1.0,1.0,11.0,0.5454545454545452,0.0,1.0,0.13499999999999998,0.0,0.5,0.25210084033613445,1.0,1.0,1,1.0,1.0,1.0,112.0,63110010.0,0.0,0.7968128,0.0,0,0,0,0,0,0,1,0,0,0,0,0,0,0,0,0,0,1,0,0,0,0
23.0,0.0,1.0,408.0,0.0,26.0,56.0,1.0,1.0,11.0,0.2727272727272727,0.0,0.0,0.0,0.0,0.0,0.0,0.0,0.0,0,1.0,0.0,1.0,112.0,63110010.0,1.0,0.7968128,0.0,0,0,0,0,0,0,1,0,0,0,0,0,0,0,0,0,0,1,0,0,0,0
24.0,1.0,1.0,381.5,0.0,26.0,60.0,1.0,1.0,11.0,0.36363636363636354,0.0,1.0,0.358,0.0,0.8666666666666667,0.40336134453781514,1.0,1.0,1,1.0,1.0,1.0,112.0,63110010.0,1.0,0.7968128,1.0,0,0,0,0,0,0,1,0,0,0,0,0,0,0,0,0,0,1,0,0,0,0
25.0,1.0,1.0,418.0,0.0,28.0,70.0,1.0,1.0,11.0,0.45454545454545436,0.0,1.0,0.0,0.0,0.6666666666666666,0.1680672268907563,0.0,0.0,0,1.0,0.0,1.0,112.0,84210210.0,0.0,0.7968128,0.0,0,0,0,0,0,0,1,0,0,0,0,0,0,0,0,0,0,1,0,0,0,0
27.0,0.0,1.0,200.0,0.0,28.0,48.0,0.0,0.0,11.0,0.6363636363636365,0.0,1.0,0.0,0.2222222222222222,0.8666666666666667,0.453781512605042,0.0,0.0,1,1.0,0.0,1.0,112.0,83260005.0,0.0,0.7968128,0.0,0,0,0,0,0,0,1,0,0,0,0,0,0,0,0,0,0,1,0,0,0,0
20.0,0.0,1.0,408.0,0.0,26.0,48.0,1.0,1.0,11.0,0.09090909090909083,0.0,0.0,0.0,0.0,0.0,0.0,0.0,0.0,0,1.0,0.0,1.0,112.0,63110010.0,0.0,0.7968128,0.0,0,0,0,0,0,0,1,0,0,0,0,0,0,0,0,0,0,1,0,0,0,0
21.0,0.0,1.0,408.0,0.0,26.0,36.0,1.0,0.0,11.0,0.09090909090909083,0.0,1.0,0.23199999999999998,0.0,0.7333333333333333,0.3025210084033613,1.0,1.0,0,1.0,1.0,1.0,112.0,84210210.0,0.0,0.7968128,0.0,0,0,0,0,0,0,1,0,0,0,0,0,0,0,0,0,0,1,0,0,0,0
24.0,0.0,1.0,558.0,0.0,26.0,52.0,1.0,1.0,11.0,0.36363636363636354,0.0,0.0,0.0,0.0,0.0,0.0,0.0,0.0,1,1.0,0.0,1.0,112.0,83260005.0,0.0,0.7968128,0.0,0,0,0,0,0,0,1,0,0,0,0,0,0,0,0,0,0,1,0,0,0,0
22.0,0.0,0.0,0.0,0.0,0.0,0.0,0.0,0.0,11.0,0.2727272727272727,0.0,0.0,0.0,0.0,0.0,0.0,0.0,0.0,0,0.0,0.0,1.0,112.0,63720005.0,1.0,0.7968128,0.0,0,0,0,0,0,0,1,0,0,0,0,0,0,0,0,0,0,1,0,0,0,0
23.0,0.0,1.0,480.0,0.0,28.0,46.0,0.0,0.0,11.0,0.2727272727272727,0.0,1.0,0.0,0.18888888888888888,1.0,0.10084033613445378,0.0,0.0,0,1.0,0.0,1.0,112.0,83210005.0,0.0,0.7968128,0.0,0,0,0,0,0,0,1,0,0,0,0,0,0,0,0,0,0,1,0,0,0,0
23.0,0.0,1.0,408.0,0.0,26.0,48.0,1.0,1.0,11.0,0.36363636363636354,0.0,1.0,0.3815,0.0,0.8666666666666667,0.40336134453781514,1.0,1.0,0,1.0,1.0,1.0,112.0,84210210.0,0.0,0.7968128,0.0,0,0,0,0,0,0,1,0,0,0,0,0,0,0,0,0,0,1,0,0,0,0
25.0,1.0,0.0,0.0,0.0,0.0,0.0,0.0,0.0,11.0,0.5454545454545452,1.0,0.0,0.0,0.0,0.0,0.0,0.0,0.0,0,0.0,0.0,1.0,112.0,63110010.0,1.0,0.7968128,0.0,0,0,0,0,0,0,1,0,0,0,0,0,0,0,0,0,0,1,0,0,0,0
25.0,1.0,1.0,408.0,0.0,26.0,48.0,1.0,1.0,11.0,0.5454545454545452,1.0,1.0,0.39999999999999997,0.0,0.8666666666666667,0.40336134453781514,0.0,0.0,1,1.0,1.0,1.0,112.0,84210210.0,0.0,0.7968128,0.0,0,0,0,0,0,0,1,0,0,0,0,0,0,0,0,0,0,1,0,0,0,0
25.0,0.0,1.0,381.5,0.0,26.0,48.0,0.0,1.0,12.0,0.5454545454545452,0.0,0.0,0.0,0.0,0.0,0.0,0.0,0.0,1,1.0,0.0,1.0,112.0,83210005.0,0.0,0.7968128,0.0,0,0,0,0,0,0,1,0,0,0,0,0,0,0,0,0,1,0,0,0,0,0
24.0,1.0,0.0,0.0,0.0,0.0,0.0,0.0,0.0,11.0,0.36363636363636354,1.0,1.0,0.27999999999999997,0.0,0.8666666666666667,0.40336134453781514,0.0,0.0,1,0.0,1.0,1.0,112.0,63720005.0,1.0,0.7968128,1.0,0,0,0,0,0,0,1,0,0,0,0,0,0,0,0,0,0,1,0,0,0,0
27.0,0.0,1.0,408.0,0.0,26.0,48.0,1.0,1.0,11.0,0.6363636363636365,0.0,0.0,0.0,0.0,0.0,0.0,0.0,0.0,1,1.0,0.0,1.0,112.0,83210005.0,0.0,0.7968128,0.0,0,0,0,0,0,0,1,0,0,0,0,0,0,0,0,0,0,1,0,0,0,0
21.0,0.0,0.0,0.0,0.0,0.0,0.0,0.0,0.0,11.0,0.09090909090909083,0.0,0.0,0.0,0.0,0.0,0.0,0.0,0.0,1,0.0,0.0,1.0,112.0,83210005.0,0.0,0.7968128,0.0,0,0,0,0,0,0,1,0,0,0,0,0,0,0,0,0,0,1,0,0,0,0
25.0,0.0,1.0,400.0,0.0,26.0,60.0,0.0,0.0,11.0,0.45454545454545436,0.0,1.0,0.0,0.1111111111111111,0.13333333333333333,0.06722689075630252,0.0,0.0,1,1.0,0.0,1.0,112.0,84210210.0,0.0,0.7968128,0.0,0,0,0,0,0,0,1,0,0,0,0,0,0,0,0,0,0,1,0,0,0,0
21.0,0.0,1.0,0.0,50000.0,8.0,16.0,0.0,0.0,11.0,0.18181818181818188,0.0,1.0,0.19999999999999998,0.0,0.4,0.20168067226890757,1.0,1.0,0,0.0,1.0,1.0,112.0,83210005.0,0.0,0.7968128,0.0,0,0,0,0,0,0,1,0,0,0,0,0,0,0,0,0,0,1,0,0,0,0
22.0,0.0,1.0,600.0,0.0,26.0,72.0,0.0,0.0,11.0,0.2727272727272727,0.0,1.0,0.0,0.04444444444444444,1.0,0.21008403361344538,0.0,0.0,0,1.0,0.0,1.0,49.0,63720005.0,1.0,0.7968128,0.0,0,0,0,0,0,0,1,0,0,0,0,0,0,0,0,0,0,1,0,0,0,0
21.0,1.0,1.0,408.0,0.0,20.0,48.0,1.0,1.0,11.0,0.18181818181818188,0.0,1.0,0.19999999999999998,0.0,0.8666666666666667,0.3529411764705882,0.0,0.0,1,1.0,1.0,1.0,112.0,63720005.0,1.0,0.7968128,1.0,0,0,0,0,0,0,1,0,0,0,0,0,0,0,0,0,0,1,0,0,0,0
22.0,0.0,1.0,870.0,0.0,30.0,56.0,1.0,0.0,11.0,0.2727272727272727,0.0,0.0,0.0,0.0,0.0,0.0,0.0,0.0,0,1.0,0.0,1.0,112.0,83210005.0,0.0,0.7968128,0.0,0,0,0,0,0,0,1,0,0,0,0,0,0,0,0,0,0,1,0,0,0,0
21.0,0.0,1.0,408.0,0.0,26.0,38.0,0.0,0.0,11.0,0.09090909090909083,0.0,1.0,0.24,0.0,0.8666666666666667,0.5042016806722689,0.0,0.0,0,1.0,1.0,1.0,112.0,83210005.0,0.0,0.7968128,0.0,0,0,0,0,0,0,1,0,0,0,0,0,0,0,0,0,0,1,0,0,0,0
22.0,0.0,1.0,470.0,0.0,26.0,54.0,1.0,1.0,11.0,0.2727272727272727,0.0,0.0,0.0,0.0,0.0,0.0,0.0,0.0,1,1.0,0.0,1.0,112.0,63720005.0,1.0,0.7968128,1.0,0,0,0,0,0,0,1,0,0,0,0,0,0,0,0,0,0,1,0,0,0,0
23.0,0.0,1.0,204.0,0.0,26.0,36.0,0.0,0.0,11.0,0.36363636363636354,0.0,1.0,0.36,0.0,0.8666666666666667,0.5042016806722689,0.0,0.0,1,1.0,1.0,1.0,113.0,13710005.0,0.0,0.7386364,0.0,0,0,0,0,0,0,1,0,0,0,0,0,0,0,0,0,0,1,0,0,0,0
20.0,0.0,1.0,0.0,400000.0,26.0,60.0,0.0,0.0,11.0,0.09090909090909083,0.0,1.0,0.0,0.13333333333333333,0.8,0.25210084033613445,0.0,0.0,1,0.0,0.0,1.0,113.0,13620005.0,0.0,0.7386364,0.0,0,0,0,0,0,0,1,0,0,0,0,0,0,0,1,0,0,0,0,0,0,0
26.0,0.0,1.0,240.0,0.0,26.0,56.0,0.0,0.0,11.0,0.5454545454545452,0.0,1.0,0.358,0.0,0.8666666666666667,0.36974789915966383,1.0,1.0,1,1.0,1.0,1.0,113.0,13710005.0,0.0,0.7386364,0.0,0,0,0,0,0,0,1,0,0,0,0,0,0,0,0,0,0,1,0,0,0,0
24.0,1.0,1.0,408.0,0.0,26.0,56.0,1.0,1.0,11.0,0.36363636363636354,0.0,0.0,0.0,0.0,0.0,0.0,0.0,0.0,0,1.0,0.0,1.0,113.0,23450005.0,0.0,0.7386364,0.0,0,0,0,0,0,0,1,0,0,0,0,0,0,0,0,0,0,1,0,0,0,0
23.0,0.0,0.0,0.0,0.0,0.0,0.0,0.0,0.0,10.0,0.2727272727272727,0.0,0.0,0.0,0.0,0.0,0.0,0.0,0.0,0,0.0,0.0,1.0,113.0,13710005.0,0.0,0.7386364,0.0,0,0,0,0,0,0,1,0,0,0,0,0,0,0,0,1,0,0,0,0,0,0
23.0,1.0,0.0,0.0,0.0,0.0,0.0,0.0,0.0,9.0,0.36363636363636354,1.0,1.0,0.19999999999999998,0.0,0.7333333333333333,0.20168067226890757,0.0,0.0,0,0.0,1.0,1.0,113.0,13210025.0,1.0,0.7386364,0.0,0,0,0,0,0,0,1,0,0,0,0,0,0,0,0,0,1,0,0,0,0,0
20.0,1.0,1.0,360.0,0.0,30.0,42.0,0.0,0.0,8.0,0.09090909090909083,1.0,0.0,0.0,0.0,0.0,0.0,0.0,0.0,0,1.0,0.0,1.0,113.0,13620005.0,1.0,0.7386364,0.0,0,0,0,0,0,0,1,0,0,0,0,0,0,0,1,0,0,0,0,0,0,0
21.0,0.0,0.0,0.0,0.0,0.0,0.0,0.0,0.0,9.0,0.09090909090909083,0.0,1.0,0.0,0.06666666666666667,0.26666666666666666,0.05042016806722689,0.0,0.0,1,0.0,0.0,1.0,113.0,13710005.0,0.0,0.7386364,0.0,0,0,0,0,0,0,1,0,0,0,0,0,0,0,0,1,0,0,0,0,0,0
20.0,0.0,1.0,560.0,0.0,28.0,84.0,1.0,1.0,11.0,0.0,0.0,0.0,0.0,0.0,0.0,0.0,0.0,0.0,1,1.0,0.0,1.0,113.0,13710005.0,0.0,0.7386364,0.0,0,0,0,0,0,0,1,0,0,0,0,0,0,0,0,0,0,1,0,0,0,0
21.0,0.0,1.0,408.0,0.0,28.0,56.0,1.0,1.0,11.0,0.09090909090909083,0.0,0.0,0.0,0.0,0.0,0.0,0.0,0.0,1,1.0,0.0,1.0,113.0,13710005.0,1.0,0.7386364,1.0,0,0,0,0,0,0,1,0,0,0,0,0,0,0,0,0,0,1,0,0,0,0
27.0,1.0,1.0,200.0,0.0,20.0,18.0,0.0,0.0,7.0,0.6363636363636365,1.0,0.0,0.0,0.0,0.0,0.0,0.0,0.0,0,1.0,0.0,1.0,113.0,13620005.0,0.0,0.7386364,0.0,0,0,0,0,0,0,1,0,0,0,0,0,1,0,0,0,0,0,0,0,0,0
26.0,0.0,1.0,381.5,0.0,26.0,56.0,0.0,0.0,8.0,0.5454545454545452,0.0,1.0,0.0,0.3,0.7333333333333333,0.29411764705882354,0.0,0.0,1,1.0,0.0,1.0,113.0,13620005.0,0.0,0.7386364,0.0,0,0,0,0,0,0,1,0,0,0,0,0,0,0,1,0,0,0,0,0,0,0
24.0,1.0,1.0,500.0,0.0,26.0,48.0,1.0,1.0,11.0,0.45454545454545436,1.0,1.0,0.24,0.0,0.4,0.1764705882352941,0.0,0.0,1,1.0,1.0,1.0,113.0,13620005.0,1.0,0.7386364,1.0,0,0,0,0,0,0,1,0,0,0,0,0,0,1,0,0,0,0,0,0,0,0
22.0,0.0,0.0,0.0,0.0,0.0,0.0,0.0,0.0,10.0,0.18181818181818188,0.0,0.0,0.0,0.0,0.0,0.0,0.0,0.0,1,0.0,0.0,1.0,113.0,13620005.0,1.0,0.7386364,1.0,0,0,0,0,0,0,1,0,0,0,0,0,0,0,0,0,1,0,0,0,0,0
20.0,0.0,1.0,408.0,0.0,30.0,105.0,1.0,1.0,11.0,0.09090909090909083,0.0,1.0,0.0,0.38888888888888884,0.8666666666666667,0.6050420168067226,0.0,0.0,0,1.0,0.0,1.0,113.0,13620005.0,0.0,0.7386364,0.0,0,0,0,0,0,0,1,0,0,0,0,0,0,0,0,0,0,1,0,0,0,0
21.0,0.0,0.0,0.0,0.0,0.0,0.0,0.0,0.0,11.0,0.09090909090909083,0.0,0.0,0.0,0.0,0.0,0.0,0.0,0.0,1,0.0,0.0,1.0,113.0,13210025.0,1.0,0.7386364,1.0,0,0,0,0,0,0,1,0,0,0,0,0,0,0,0,0,0,1,0,0,0,0
26.0,0.0,0.0,0.0,0.0,0.0,0.0,0.0,0.0,11.0,0.5454545454545452,0.0,0.0,0.0,0.0,0.0,0.0,0.0,0.0,1,0.0,0.0,1.0,113.0,13210025.0,1.0,0.7386364,1.0,0,0,0,0,0,0,1,0,0,0,0,0,0,0,0,1,0,0,0,0,0,0
23.0,0.0,0.0,0.0,0.0,0.0,0.0,0.0,0.0,11.0,0.2727272727272727,0.0,1.0,0.21,0.0,0.6666666666666666,0.42016806722689076,0.0,0.0,1,0.0,1.0,1.0,113.0,13210025.0,0.0,0.7386364,0.0,0,0,0,0,0,0,1,0,0,0,0,0,0,0,0,0,0,1,0,0,0,0
22.0,0.0,1.0,408.0,0.0,26.0,40.0,1.0,1.0,11.0,0.18181818181818188,0.0,1.0,0.15,0.0,1.0,0.7058823529411764,0.0,0.0,0,1.0,1.0,1.0,113.0,13210025.0,1.0,0.7386364,0.0,0,0,0,0,0,0,1,0,0,0,0,0,0,0,0,0,0,1,0,0,0,0
22.0,0.0,1.0,381.5,0.0,26.0,48.0,1.0,1.0,11.0,0.2727272727272727,0.0,1.0,0.0,0.0,0.13333333333333333,0.058823529411764705,0.0,0.0,1,1.0,0.0,1.0,113.0,13210025.0,1.0,0.7386364,1.0,0,0,0,0,0,0,1,0,0,0,0,0,0,0,0,0,0,1,0,0,0,0
21.0,1.0,0.0,0.0,0.0,0.0,0.0,0.0,0.0,11.0,0.18181818181818188,0.0,0.0,0.0,0.0,0.0,0.0,0.0,0.0,0,0.0,0.0,1.0,113.0,13710005.0,1.0,0.7386364,0.0,0,0,0,0,0,0,1,0,0,0,0,0,0,0,0,0,0,1,0,0,0,0
25.0,1.0,1.0,900.0,0.0,26.0,48.0,1.0,0.0,11.0,0.45454545454545436,1.0,1.0,0.0,0.0,0.8666666666666667,0.40336134453781514,1.0,1.0,0,1.0,0.0,1.0,113.0,13210025.0,0.0,0.7386364,0.0,0,0,0,0,0,0,1,0,0,0,0,0,0,0,0,0,0,1,0,0,0,0
22.0,0.0,0.0,0.0,0.0,0.0,0.0,0.0,0.0,11.0,0.18181818181818188,0.0,0.0,0.0,0.0,0.0,0.0,0.0,0.0,0,0.0,0.0,1.0,113.0,13710005.0,0.0,0.7386364,0.0,0,0,0,0,0,0,1,0,0,0,0,0,0,0,0,0,1,0,0,0,0,0
22.0,0.0,1.0,408.0,0.0,26.0,78.0,0.0,0.0,10.0,0.18181818181818188,0.0,1.0,0.36,0.0,0.7333333333333333,0.37815126050420167,1.0,1.0,1,1.0,1.0,1.0,113.0,23450005.0,0.0,0.7386364,0.0,0,0,0,0,0,0,1,0,0,0,0,0,0,0,0,1,0,0,0,0,0,0
20.0,0.0,0.0,0.0,0.0,0.0,0.0,0.0,0.0,9.0,0.09090909090909083,0.0,0.0,0.0,0.0,0.0,0.0,0.0,0.0,1,0.0,0.0,1.0,113.0,13620005.0,1.0,0.7386364,1.0,0,0,0,0,0,0,1,0,0,0,0,0,0,0,0,1,0,0,0,0,0,0
26.0,1.0,1.0,408.0,0.0,30.0,56.0,1.0,1.0,8.0,0.5454545454545452,1.0,1.0,0.39999999999999997,0.0,1.0,0.6722689075630252,0.0,0.0,0,1.0,1.0,1.0,113.0,13620005.0,0.0,0.7386364,0.0,0,0,0,0,0,0,1,0,0,0,0,0,0,1,0,0,0,0,0,0,0,0
19.0,0.0,0.0,0.0,0.0,0.0,0.0,0.0,0.0,9.0,0.0,0.0,0.0,0.0,0.0,0.0,0.0,0.0,0.0,1,0.0,0.0,1.0,113.0,23450005.0,0.0,0.7386364,0.0,0,0,0,0,0,0,1,0,0,0,0,0,0,0,0,0,1,0,0,0,0,0
25.0,0.0,1.0,408.0,0.0,26.0,48.0,1.0,1.0,11.0,0.45454545454545436,0.0,0.0,0.0,0.0,0.0,0.0,0.0,0.0,0,1.0,0.0,1.0,113.0,13710005.0,0.0,0.7386364,0.0,0,0,0,0,0,0,1,0,0,0,0,0,0,0,0,0,0,1,0,0,0,0
24.0,0.0,1.0,408.0,0.0,26.0,48.0,0.0,1.0,11.0,0.45454545454545436,0.0,1.0,0.22,0.0,0.8666666666666667,0.20168067226890757,1.0,1.0,0,1.0,1.0,1.0,114.0,63720005.0,1.0,0.6991525,0.0,0,0,0,0,0,0,1,0,0,0,0,0,0,0,0,0,0,1,0,0,0,0
24.0,0.0,1.0,170.0,0.0,26.0,54.0,0.0,0.0,11.0,0.45454545454545436,0.0,1.0,0.0,0.07777777777777778,0.8666666666666667,0.453781512605042,0.0,0.0,0,1.0,0.0,1.0,114.0,63720005.0,1.0,0.6991525,0.0,0,0,0,0,0,0,1,0,0,0,0,0,0,0,0,0,0,1,0,0,0,0
19.0,0.0,1.0,408.0,0.0,26.0,60.0,0.0,0.0,11.0,0.0,0.0,0.0,0.0,0.0,0.0,0.0,0.0,0.0,1,1.0,0.0,1.0,114.0,23450005.0,1.0,0.6991525,1.0,0,0,0,0,0,0,1,0,0,0,0,0,0,0,0,0,1,0,0,0,0,0
20.0,0.0,1.0,408.0,0.0,20.0,48.0,1.0,1.0,11.0,0.0,0.0,0.0,0.0,0.0,0.0,0.0,0.0,0.0,0,1.0,0.0,1.0,114.0,13530005.0,0.0,0.6991525,0.0,0,0,0,0,0,0,1,0,0,0,0,0,0,0,0,0,0,1,0,0,0,0
22.0,1.0,0.0,0.0,0.0,0.0,0.0,0.0,0.0,11.0,0.18181818181818188,1.0,1.0,0.19999999999999998,0.0,0.9333333333333333,0.3445378151260504,0.0,1.0,0,0.0,1.0,1.0,114.0,13410005.0,1.0,0.6991525,0.0,0,1,0,0,0,0,0,0,0,0,0,0,0,0,0,0,0,1,0,0,0,0
20.0,0.0,0.0,0.0,0.0,0.0,0.0,0.0,0.0,11.0,0.0,0.0,0.0,0.0,0.0,0.0,0.0,0.0,0.0,0,0.0,0.0,1.0,114.0,63720005.0,0.0,0.6991525,0.0,0,0,0,0,0,0,1,0,0,0,0,0,0,0,0,0,1,0,0,0,0,0
24.0,0.0,1.0,408.0,0.0,26.0,12.0,1.0,1.0,11.0,0.45454545454545436,0.0,0.0,0.0,0.0,0.0,0.0,0.0,0.0,1,1.0,0.0,1.0,114.0,33140020.0,1.0,0.6991525,1.0,0,0,0,0,0,0,1,0,0,0,0,0,0,0,0,0,0,1,0,0,0,0
25.0,0.0,0.0,0.0,0.0,0.0,0.0,0.0,0.0,11.0,0.5454545454545452,0.0,1.0,0.0,0.0,0.6666666666666666,0.5042016806722689,0.0,0.0,0,0.0,0.0,1.0,114.0,33140020.0,1.0,0.6991525,0.0,0,0,0,0,0,0,1,0,0,0,0,0,0,0,0,0,0,0,0,0,1,0
22.0,0.0,1.0,408.0,0.0,26.0,48.0,0.0,0.0,5.0,0.18181818181818188,0.0,1.0,0.0,0.39999999999999997,0.8666666666666667,0.42857142857142855,0.0,0.0,0,1.0,0.0,1.0,114.0,76140015.0,0.0,0.6991525,0.0,0,0,0,0,0,0,1,0,0,0,0,1,0,0,0,0,0,0,0,0,0,0
20.0,0.0,1.0,60.0,0.0,20.0,20.0,0.0,0.0,11.0,0.0,0.0,1.0,0.0,0.19999999999999998,0.8666666666666667,0.15126050420168066,0.0,0.0,1,1.0,0.0,1.0,114.0,63720005.0,0.0,0.6991525,0.0,0,0,0,0,0,0,1,0,0,0,0,0,0,0,0,0,0,1,0,0,0,0
24.0,0.0,1.0,381.5,0.0,30.0,72.0,1.0,1.0,11.0,0.45454545454545436,0.0,1.0,0.0,0.2222222222222222,0.6666666666666666,0.3361344537815126,0.0,0.0,0,1.0,0.0,1.0,114.0,13530005.0,0.0,0.6991525,0.0,0,0,0,0,0,0,1,0,0,0,0,0,0,0,0,0,0,1,0,0,0,0
26.0,1.0,0.0,0.0,0.0,0.0,0.0,0.0,0.0,9.0,0.5454545454545452,1.0,1.0,0.0,0.04444444444444444,0.8,0.15126050420168066,0.0,0.0,0,0.0,0.0,1.0,114.0,63720005.0,1.0,0.6991525,0.0,0,0,0,0,0,0,1,0,0,0,0,0,0,0,0,1,0,0,0,0,0,0
25.0,0.0,0.0,0.0,0.0,0.0,0.0,0.0,0.0,11.0,0.5454545454545452,0.0,1.0,0.44999999999999996,0.0,0.8666666666666667,0.5042016806722689,0.0,0.0,1,0.0,1.0,1.0,114.0,76140015.0,0.0,0.6991525,0.0,0,0,0,0,0,0,1,0,0,0,0,0,0,0,0,0,0,1,0,0,0,0
21.0,1.0,1.0,614.0,0.0,20.0,50.0,1.0,1.0,11.0,0.09090909090909083,1.0,1.0,0.39999999999999997,0.0,0.7333333333333333,0.40336134453781514,0.0,1.0,0,1.0,1.0,1.0,29.0,13620010.0,0.0,0.6991525,0.0,0,1,0,0,0,0,0,0,0,0,0,0,0,0,0,0,0,1,0,0,0,0
20.0,0.0,1.0,408.0,0.0,26.0,56.0,1.0,1.0,11.0,0.09090909090909083,0.0,1.0,0.12,0.0,0.5333333333333333,0.13445378151260504,0.0,0.0,0,1.0,1.0,1.0,114.0,13530005.0,1.0,0.6991525,0.0,0,0,0,0,0,0,1,0,0,0,0,0,0,0,0,0,0,1,0,0,0,0
25.0,0.0,0.0,0.0,0.0,0.0,0.0,0.0,0.0,11.0,0.45454545454545436,0.0,0.0,0.0,0.0,0.0,0.0,0.0,0.0,1,0.0,0.0,1.0,114.0,63720005.0,0.0,0.6991525,0.0,0,0,0,0,0,0,1,0,0,0,0,0,0,0,0,0,0,1,0,0,0,0
21.0,0.0,1.0,408.0,0.0,28.0,45.0,1.0,1.0,12.0,0.09090909090909083,0.0,1.0,0.358,0.0,1.0,0.5294117647058824,1.0,0.0,1,1.0,1.0,1.0,114.0,23450005.0,0.0,0.6991525,0.0,0,0,0,0,0,0,1,0,0,0,0,0,0,0,0,0,0,1,0,0,0,0
23.0,1.0,1.0,408.0,0.0,30.0,52.0,0.0,0.0,11.0,0.2727272727272727,0.0,1.0,0.0,0.0,0.8666666666666667,0.15126050420168066,0.0,0.0,1,1.0,0.0,1.0,114.0,33140020.0,0.0,0.6991525,0.0,0,0,0,0,0,0,1,0,0,0,0,0,0,0,0,0,0,1,0,0,0,0
23.0,0.0,0.0,0.0,0.0,0.0,0.0,0.0,0.0,11.0,0.2727272727272727,1.0,1.0,0.5,0.0,0.8666666666666667,0.40336134453781514,1.0,1.0,1,0.0,1.0,1.0,114.0,63720005.0,1.0,0.6991525,1.0,0,0,0,0,0,0,1,0,0,0,0,0,0,0,0,0,0,1,0,0,0,0
24.0,1.0,0.0,0.0,0.0,0.0,0.0,0.0,0.0,11.0,0.45454545454545436,1.0,0.0,0.0,0.0,0.0,0.0,0.0,0.0,0,0.0,0.0,1.0,114.0,63720005.0,1.0,0.6991525,0.0,0,0,0,0,0,0,1,0,0,0,0,0,0,0,0,0,0,1,0,0,0,0
22.0,0.0,1.0,408.0,0.0,20.0,48.0,1.0,1.0,9.0,0.18181818181818188,0.0,0.0,0.0,0.0,0.0,0.0,0.0,0.0,0,1.0,0.0,1.0,114.0,23450005.0,0.0,0.6991525,0.0,0,0,0,0,0,0,1,0,0,0,0,0,0,0,0,0,0,1,0,0,0,0
25.0,0.0,1.0,408.0,0.0,30.0,48.0,1.0,1.0,7.0,0.45454545454545436,0.0,1.0,0.316,0.0,0.8666666666666667,0.40336134453781514,1.0,1.0,1,1.0,1.0,1.0,114.0,76140015.0,0.0,0.6991525,0.0,0,0,0,0,0,0,1,0,0,0,0,0,1,0,0,0,0,0,0,0,0,0
23.0,0.0,1.0,640.0,0.0,16.0,16.0,1.0,0.0,11.0,0.2727272727272727,0.0,0.0,0.0,0.0,0.0,0.0,0.0,0.0,0,1.0,0.0,1.0,114.0,23450005.0,0.0,0.6991525,0.0,0,0,0,0,0,0,1,0,0,0,0,0,0,0,0,0,0,1,0,0,0,0
26.0,0.0,0.0,0.0,0.0,0.0,0.0,0.0,0.0,10.0,0.5454545454545452,0.0,0.0,0.0,0.0,0.0,0.0,0.0,0.0,0,0.0,0.0,1.0,114.0,76140015.0,1.0,0.6991525,0.0,0,0,0,0,0,0,1,0,0,0,0,0,1,0,0,0,0,0,0,0,0,0
26.0,1.0,1.0,381.5,0.0,26.0,48.0,0.0,0.0,11.0,0.5454545454545452,1.0,1.0,0.358,0.0,1.0,0.4789915966386554,1.0,1.0,1,1.0,1.0,1.0,114.0,13410005.0,1.0,0.6991525,1.0,0,1,0,0,0,0,0,0,0,0,0,0,0,0,0,0,0,1,0,0,0,0
22.0,0.0,1.0,408.0,0.0,24.0,48.0,1.0,1.0,11.0,0.2727272727272727,0.0,0.0,0.0,0.0,0.0,0.0,0.0,0.0,0,1.0,0.0,1.0,114.0,13410005.0,1.0,0.6991525,0.0,0,1,0,0,0,0,0,0,0,0,0,0,0,0,0,0,0,1,0,0,0,0
27.0,0.0,0.0,0.0,0.0,0.0,0.0,0.0,0.0,11.0,0.6363636363636365,0.0,0.0,0.0,0.0,0.0,0.0,0.0,0.0,1,0.0,0.0,1.0,114.0,13530005.0,0.0,0.6991525,0.0,0,0,0,0,0,0,1,0,0,0,0,0,0,0,0,0,0,1,0,0,0,0
21.0,0.0,1.0,200.0,0.0,12.0,56.0,0.0,0.0,11.0,0.18181818181818188,0.0,1.0,0.38,0.0,0.8666666666666667,0.40336134453781514,1.0,1.0,1,1.0,1.0,1.0,114.0,23450005.0,0.0,0.6991525,0.0,0,0,0,0,0,0,1,0,0,0,0,0,0,0,0,1,0,0,0,0,0,0
23.0,0.0,1.0,408.0,0.0,24.0,72.0,0.0,0.0,11.0,0.2727272727272727,0.0,0.0,0.0,0.0,0.0,0.0,0.0,0.0,1,1.0,0.0,1.0,114.0,13530005.0,1.0,0.6991525,1.0,0,0,0,0,0,0,1,0,0,0,0,0,0,0,0,0,0,1,0,0,0,0
25.0,1.0,0.0,0.0,0.0,0.0,0.0,0.0,0.0,9.0,0.5454545454545452,1.0,1.0,0.19999999999999998,0.0,0.8666666666666667,0.5042016806722689,0.0,0.0,1,0.0,1.0,1.0,114.0,63720005.0,1.0,0.6991525,1.0,0,0,0,0,0,0,1,0,0,0,0,0,0,0,0,1,0,0,0,0,0,0
25.0,0.0,1.0,150.0,0.0,26.0,48.0,1.0,1.0,11.0,0.5454545454545452,0.0,1.0,0.42,0.0,0.8666666666666667,0.5042016806722689,1.0,1.0,0,1.0,1.0,1.0,114.0,13530005.0,1.0,0.6991525,0.0,0,0,0,0,0,0,1,0,0,0,0,0,0,0,0,0,0,1,0,0,0,0
22.0,0.0,0.0,0.0,0.0,0.0,0.0,0.0,0.0,11.0,0.18181818181818188,0.0,0.0,0.0,0.0,0.0,0.0,0.0,0.0,1,0.0,0.0,1.0,114.0,33140020.0,1.0,0.6991525,1.0,0,0,0,0,0,0,1,0,0,0,0,0,0,0,0,1,0,0,0,0,0,0
26.0,1.0,1.0,280.0,0.0,20.0,36.0,0.0,0.0,11.0,0.5454545454545452,1.0,0.0,0.0,0.0,0.0,0.0,0.0,0.0,0,1.0,0.0,1.0,114.0,63720005.0,1.0,0.6991525,0.0,0,0,0,0,0,0,1,0,0,0,0,0,0,0,0,0,0,1,0,0,0,0
20.0,0.0,0.0,0.0,0.0,0.0,0.0,0.0,0.0,11.0,0.0,0.0,0.0,0.0,0.0,0.0,0.0,0.0,0.0,0,0.0,0.0,1.0,114.0,33140020.0,1.0,0.6991525,0.0,0,0,0,0,0,0,1,0,0,0,0,0,0,0,0,0,0,1,0,0,0,0
25.0,0.0,0.0,0.0,0.0,0.0,0.0,0.0,0.0,11.0,0.45454545454545436,0.0,1.0,0.0,0.0,1.0,0.23529411764705882,0.0,0.0,0,0.0,0.0,1.0,114.0,63720005.0,0.0,0.6991525,0.0,0,0,0,0,0,0,1,0,0,0,0,0,0,0,0,0,0,1,0,0,0,0
25.0,0.0,1.0,350.0,0.0,26.0,60.0,0.0,0.0,10.0,0.45454545454545436,0.0,1.0,0.44999999999999996,0.0,1.0,0.6470588235294117,0.0,0.0,0,1.0,1.0,1.0,114.0,13530005.0,1.0,0.6991525,0.0,0,0,0,0,0,0,1,0,0,0,0,0,0,0,0,0,0,1,0,0,0,0
25.0,0.0,1.0,280.0,0.0,12.0,48.0,0.0,1.0,10.0,0.45454545454545436,0.0,0.0,0.0,0.0,0.0,0.0,0.0,0.0,1,1.0,0.0,1.0,114.0,13530005.0,0.0,0.6991525,0.0,0,0,0,0,0,0,1,0,0,0,0,0,0,0,0,1,0,0,0,0,0,0
19.0,0.0,1.0,408.0,0.0,22.0,40.0,1.0,1.0,11.0,0.0,0.0,1.0,0.24,0.0,0.4,0.3025210084033613,0.0,0.0,1,1.0,1.0,1.0,114.0,13410005.0,0.0,0.6991525,0.0,0,1,0,0,0,0,0,0,0,0,0,0,0,0,0,0,1,0,0,0,0,0
24.0,0.0,1.0,204.0,0.0,22.0,30.0,1.0,1.0,13.0,0.45454545454545436,0.0,1.0,0.0,0.0,0.7333333333333333,0.3361344537815126,1.0,1.0,1,1.0,0.0,1.0,114.0,13410005.0,1.0,0.6991525,1.0,0,1,0,0,0,0,0,0,0,0,0,0,0,0,0,0,0,1,0,0,0,0
22.0,0.0,1.0,408.0,0.0,20.0,44.0,0.0,1.0,11.0,0.2727272727272727,1.0,0.0,0.0,0.0,0.0,0.0,0.0,0.0,1,1.0,0.0,1.0,114.0,33140020.0,1.0,0.6991525,1.0,0,0,0,0,0,0,1,0,0,0,0,0,0,0,0,0,0,1,0,0,0,0
21.0,1.0,1.0,408.0,0.0,26.0,48.0,1.0,1.0,11.0,0.18181818181818188,0.0,1.0,0.3815,0.0,1.0,0.40336134453781514,1.0,0.0,0,1.0,1.0,1.0,114.0,13410005.0,1.0,0.6991525,0.0,0,1,0,0,0,0,0,0,0,0,0,0,0,0,0,0,0,1,0,0,0,0
26.0,0.0,1.0,408.0,0.0,26.0,60.0,1.0,1.0,11.0,0.5454545454545452,0.0,1.0,0.0,0.27777777777777773,0.8666666666666667,0.47058823529411764,0.0,0.0,0,1.0,0.0,1.0,114.0,33140020.0,1.0,0.6991525,0.0,0,0,0,0,0,0,1,0,0,0,0,0,0,0,0,0,0,1,0,0,0,0
24.0,0.0,0.0,0.0,0.0,0.0,0.0,0.0,0.0,6.0,0.36363636363636354,0.0,0.0,0.0,0.0,0.0,0.0,0.0,0.0,0,0.0,0.0,1.0,114.0,76140015.0,1.0,0.6991525,0.0,0,0,0,0,0,0,1,0,0,0,0,1,0,0,0,0,0,0,0,0,0,0
25.0,0.0,1.0,408.0,0.0,26.0,72.0,0.0,0.0,11.0,0.5454545454545452,0.0,1.0,0.6,0.0,0.8666666666666667,0.6050420168067226,1.0,1.0,0,1.0,1.0,1.0,114.0,23450005.0,0.0,0.6991525,0.0,0,0,0,0,0,0,1,0,0,0,0,0,0,0,0,0,0,1,0,0,0,0
20.0,0.0,1.0,408.0,0.0,30.0,48.0,1.0,1.0,7.0,0.0,0.0,0.0,0.0,0.0,0.0,0.0,0.0,0.0,1,1.0,0.0,1.0,114.0,76140015.0,0.0,0.6991525,0.0,0,0,0,0,0,0,1,0,0,0,0,0,0,1,0,0,0,0,0,0,0,0
26.0,0.0,1.0,408.0,0.0,26.0,48.0,0.0,0.0,11.0,0.6363636363636365,0.0,1.0,0.515,0.0,0.8666666666666667,0.40336134453781514,0.0,1.0,1,1.0,1.0,1.0,114.0,13530005.0,0.0,0.6991525,0.0,0,0,0,0,0,0,1,0,0,0,0,0,0,0,0,0,0,1,0,0,0,0
20.0,0.0,0.0,0.0,0.0,0.0,0.0,0.0,0.0,11.0,0.0,0.0,0.0,0.0,0.0,0.0,0.0,0.0,0.0,0,0.0,0.0,1.0,114.0,13530005.0,0.0,0.6991525,0.0,0,0,0,0,0,0,1,0,0,0,0,0,0,0,0,0,0,1,0,0,0,0
26.0,0.0,1.0,240.0,0.0,20.0,24.0,1.0,1.0,11.0,0.5454545454545452,0.0,1.0,0.3,0.0,0.4,0.1764705882352941,1.0,1.0,0,1.0,1.0,1.0,114.0,13530005.0,1.0,0.6991525,0.0,0,0,0,0,0,0,1,0,0,0,0,0,0,0,0,0,0,1,0,0,0,0
24.0,0.0,1.0,390.0,0.0,26.0,42.0,0.0,0.0,11.0,0.36363636363636354,0.0,0.0,0.0,0.0,0.0,0.0,0.0,0.0,1,1.0,0.0,1.0,114.0,63720005.0,1.0,0.6991525,1.0,0,0,0,0,0,0,1,0,0,0,0,0,0,0,0,0,0,1,0,0,0,0
23.0,0.0,1.0,381.5,0.0,20.0,48.0,1.0,1.0,11.0,0.2727272727272727,0.0,1.0,0.0,0.0,0.7333333333333333,0.37815126050420167,0.0,1.0,1,1.0,0.0,1.0,114.0,23450005.0,0.0,0.6991525,0.0,0,0,0,0,0,0,1,0,0,0,0,0,0,0,0,0,0,1,0,0,0,0
24.0,1.0,0.0,0.0,0.0,0.0,0.0,0.0,0.0,11.0,0.36363636363636354,1.0,1.0,0.0,0.2222222222222222,0.8666666666666667,0.40336134453781514,0.0,0.0,0,0.0,0.0,1.0,114.0,33140020.0,1.0,0.6991525,0.0,0,0,0,0,0,0,1,0,0,0,0,0,0,0,0,0,0,1,0,0,0,0
20.0,0.0,0.0,0.0,0.0,0.0,0.0,0.0,0.0,11.0,0.0,0.0,0.0,0.0,0.0,0.0,0.0,0.0,0.0,0,0.0,0.0,1.0,114.0,33140020.0,1.0,0.6991525,0.0,0,0,0,0,0,0,1,0,0,0,0,0,0,0,0,0,0,1,0,0,0,0
27.0,0.0,0.0,0.0,0.0,0.0,0.0,0.0,0.0,11.0,0.6363636363636365,0.0,0.0,0.0,0.0,0.0,0.0,0.0,0.0,0,0.0,0.0,1.0,114.0,23450005.0,1.0,0.6991525,0.0,0,0,0,0,0,0,1,0,0,0,0,0,0,0,0,0,0,1,0,0,0,0
25.0,0.0,0.0,0.0,0.0,0.0,0.0,0.0,0.0,11.0,0.5454545454545452,0.0,0.0,0.0,0.0,0.0,0.0,0.0,0.0,0,0.0,0.0,1.0,51.0,63720005.0,1.0,0.6666667,0.0,0,0,0,0,1,0,0,0,0,0,0,0,0,0,0,0,0,1,0,0,0,0
26.0,0.0,1.0,408.0,0.0,30.0,66.0,1.0,1.0,11.0,0.6363636363636365,0.0,0.0,0.0,0.0,0.0,0.0,0.0,0.0,0,1.0,0.0,1.0,51.0,66210010.0,0.0,0.6666667,0.0,0,0,0,0,1,0,0,0,0,0,0,0,0,0,0,0,0,1,0,0,0,0
21.0,1.0,1.0,0.0,180000.0,30.0,48.0,0.0,0.0,11.0,0.09090909090909083,0.0,1.0,0.09999999999999999,0.0,1.0,0.23529411764705882,0.0,0.0,0,0.0,1.0,1.0,51.0,53440505.0,1.0,0.6666667,0.0,0,0,0,0,1,0,0,0,0,0,0,0,0,0,0,0,0,1,0,0,0,0
26.0,0.0,1.0,288.0,0.0,24.0,48.0,0.0,0.0,7.0,0.5454545454545452,0.0,0.0,0.0,0.0,0.0,0.0,0.0,0.0,1,1.0,0.0,1.0,51.0,93510025.0,1.0,0.6666667,1.0,0,1,0,0,0,0,0,0,0,0,0,0,0,1,0,0,0,0,0,0,0,0
23.0,0.0,1.0,408.0,0.0,26.0,48.0,1.0,1.0,13.0,0.36363636363636354,0.0,1.0,0.0,0.2222222222222222,0.8,0.15126050420168066,0.0,0.0,0,1.0,0.0,1.0,51.0,96170015.0,0.0,0.6666667,0.0,0,0,0,0,1,0,0,0,0,0,0,0,0,0,0,0,0,0,0,1,0,0
27.0,1.0,1.0,408.0,0.0,26.0,48.0,1.0,1.0,9.0,0.5454545454545452,1.0,0.0,0.0,0.0,0.0,0.0,0.0,0.0,1,1.0,0.0,1.0,51.0,93520005.0,1.0,0.6666667,1.0,0,1,0,0,0,0,0,0,0,0,0,0,0,0,0,1,0,0,0,0,0,0
23.0,1.0,1.0,408.0,0.0,26.0,84.0,1.0,1.0,11.0,0.36363636363636354,0.0,1.0,0.0,0.0,0.8666666666666667,0.40336134453781514,1.0,1.0,1,1.0,0.0,1.0,51.0,93520005.0,0.0,0.6666667,0.0,0,1,0,0,0,0,0,0,0,0,0,0,0,0,0,0,0,1,0,0,0,0
24.0,1.0,1.0,0.0,348000.0,22.0,48.0,0.0,0.0,8.0,0.36363636363636354,1.0,0.0,0.0,0.0,0.0,0.0,0.0,0.0,1,0.0,0.0,1.0,51.0,93510025.0,1.0,0.6666667,1.0,0,1,0,0,0,0,0,0,0,0,0,0,0,1,0,0,0,0,0,0,0,0
23.0,0.0,1.0,600.0,0.0,26.0,60.0,0.0,0.0,11.0,0.2727272727272727,0.0,1.0,0.0,0.4444444444444444,0.8666666666666667,0.5042016806722689,0.0,0.0,1,1.0,0.0,1.0,51.0,13210005.0,1.0,0.6666667,1.0,0,1,0,0,0,0,0,0,0,0,0,0,0,0,0,0,0,1,0,0,0,0
22.0,1.0,1.0,0.0,800000.0,30.0,28.0,0.0,0.0,11.0,0.18181818181818188,1.0,1.0,0.0,0.3333333333333333,1.0,0.29411764705882354,0.0,0.0,0,0.0,0.0,1.0,51.0,63520505.0,0.0,0.6666667,0.0,0,0,0,0,1,0,0,0,0,0,0,0,0,0,0,0,0,1,0,0,0,0
23.0,1.0,1.0,750.0,0.0,20.0,40.0,1.0,1.0,11.0,0.2727272727272727,1.0,1.0,0.19999999999999998,0.0,0.8666666666666667,0.7058823529411764,0.0,0.0,1,1.0,1.0,1.0,51.0,13210005.0,1.0,0.6666667,1.0,0,1,0,0,0,0,0,0,0,0,0,0,0,0,0,0,0,1,0,0,0,0
19.0,0.0,0.0,0.0,0.0,0.0,0.0,0.0,0.0,11.0,0.0,0.0,1.0,0.02,0.0,0.7333333333333333,0.37815126050420167,0.0,0.0,0,0.0,1.0,1.0,51.0,13120030.0,0.0,0.6666667,0.0,0,0,0,0,1,0,0,0,0,0,0,0,0,0,0,0,0,1,0,0,0,0
20.0,0.0,1.0,150.0,0.0,30.0,60.0,0.0,0.0,11.0,0.09090909090909083,0.0,1.0,0.034999999999999996,0.0,0.8666666666666667,0.3025210084033613,0.0,0.0,0,1.0,1.0,1.0,51.0,93510025.0,1.0,0.6666667,0.0,0,0,0,0,1,0,0,0,0,0,0,0,0,0,0,0,0,1,0,0,0,0
26.0,0.0,1.0,340.0,0.0,30.0,70.0,1.0,1.0,11.0,0.5454545454545452,1.0,0.0,0.0,0.0,0.0,0.0,0.0,0.0,1,1.0,0.0,1.0,51.0,13210005.0,1.0,0.6666667,1.0,0,1,0,0,0,0,0,0,0,0,0,0,0,0,0,0,0,1,0,0,0,0
24.0,0.0,1.0,408.0,0.0,24.0,90.0,0.0,0.0,9.0,0.45454545454545436,0.0,1.0,0.13999999999999999,0.0,0.9333333333333333,0.6470588235294117,0.0,0.0,1,1.0,1.0,1.0,51.0,93520005.0,1.0,0.6666667,1.0,0,1,0,0,0,0,0,0,0,0,0,0,0,0,1,0,0,0,0,0,0,0
24.0,1.0,0.0,0.0,0.0,0.0,0.0,0.0,0.0,11.0,0.36363636363636354,1.0,0.0,0.0,0.0,0.0,0.0,0.0,0.0,0,0.0,0.0,1.0,51.0,93510025.0,1.0,0.6666667,0.0,0,0,0,0,1,0,0,0,0,0,0,0,0,0,0,0,0,1,0,0,0,0
20.0,0.0,1.0,200.0,0.0,30.0,66.0,0.0,0.0,11.0,0.09090909090909083,0.0,1.0,0.39999999999999997,0.0,0.6666666666666666,0.23529411764705882,0.0,0.0,0,1.0,1.0,1.0,51.0,13120030.0,0.0,0.6666667,0.0,0,0,0,0,1,0,0,0,0,0,0,0,0,0,0,0,0,1,0,0,0,0
23.0,1.0,1.0,471.0,0.0,24.0,50.0,0.0,1.0,9.0,0.36363636363636354,0.0,1.0,0.36,0.0,0.8666666666666667,0.40336134453781514,0.0,0.0,1,1.0,1.0,1.0,51.0,93510025.0,1.0,0.6666667,1.0,0,1,0,0,0,0,0,0,0,0,0,0,0,0,0,1,0,0,0,0,0,0
27.0,1.0,1.0,225.0,0.0,15.0,36.0,0.0,0.0,11.0,0.6363636363636365,1.0,1.0,0.3815,0.0,1.0,0.5294117647058824,0.0,0.0,1,1.0,1.0,1.0,51.0,13210005.0,1.0,0.6666667,1.0,0,1,0,0,0,0,0,0,0,0,0,0,0,0,0,0,0,1,0,0,0,0
20.0,0.0,0.0,0.0,0.0,0.0,0.0,0.0,0.0,11.0,0.09090909090909083,0.0,0.0,0.0,0.0,0.0,0.0,0.0,0.0,0,0.0,0.0,1.0,51.0,13120030.0,1.0,0.6666667,0.0,0,0,0,0,1,0,0,0,0,0,0,0,0,0,0,0,0,1,0,0,0,0
25.0,0.0,1.0,110.0,0.0,28.0,60.0,0.0,0.0,11.0,0.5454545454545452,0.0,1.0,0.06,0.0,0.5333333333333333,0.23529411764705882,0.0,0.0,0,1.0,1.0,1.0,51.0,63520505.0,1.0,0.6666667,0.0,0,0,0,0,1,0,0,0,0,0,0,0,0,0,0,0,0,1,0,0,0,0
22.0,1.0,0.0,0.0,0.0,0.0,0.0,0.0,0.0,11.0,0.18181818181818188,0.0,1.0,0.12,0.0,0.8666666666666667,0.5042016806722689,0.0,0.0,0,0.0,1.0,1.0,51.0,66210010.0,1.0,0.6666667,0.0,0,0,0,0,1,0,0,0,0,0,0,0,0,0,0,0,0,1,0,0,0,0
22.0,0.0,1.0,400.0,0.0,24.0,48.0,1.0,0.0,11.0,0.2727272727272727,0.0,1.0,0.06999999999999999,0.0,1.0,0.680672268907563,0.0,0.0,1,1.0,1.0,1.0,51.0,93510025.0,1.0,0.6666667,1.0,0,1,0,0,0,0,0,0,0,0,0,0,0,0,0,0,0,1,0,0,0,0
26.0,0.0,1.0,360.0,0.0,30.0,48.0,0.0,0.0,11.0,0.6363636363636365,0.0,1.0,0.0,0.05555555555555555,0.6666666666666666,0.10084033613445378,0.0,0.0,0,1.0,0.0,1.0,51.0,13120030.0,1.0,0.6666667,0.0,0,0,0,0,1,0,0,0,0,0,0,0,0,0,0,0,0,1,0,0,0,0
22.0,0.0,0.0,0.0,0.0,0.0,0.0,0.0,0.0,13.0,0.18181818181818188,0.0,0.0,0.0,0.0,0.0,0.0,0.0,0.0,0,0.0,0.0,1.0,51.0,63720005.0,1.0,0.6666667,0.0,0,0,0,0,1,0,0,0,0,0,0,0,0,0,0,0,0,1,0,0,0,0
22.0,0.0,0.0,0.0,0.0,0.0,0.0,0.0,0.0,11.0,0.18181818181818188,0.0,0.0,0.0,0.0,0.0,0.0,0.0,0.0,0,0.0,0.0,1.0,51.0,13120030.0,1.0,0.6666667,0.0,0,0,0,0,1,0,0,0,0,0,0,0,0,0,0,0,0,1,0,0,0,0
24.0,0.0,1.0,309.0,0.0,17.0,60.0,1.0,0.0,11.0,0.45454545454545436,0.0,1.0,0.35,0.0,1.0,0.47058823529411764,1.0,0.0,0,1.0,1.0,1.0,51.0,53440505.0,1.0,0.6666667,0.0,0,0,0,0,1,0,0,0,0,0,0,0,0,0,0,0,0,1,0,0,0,0
23.0,0.0,1.0,408.0,0.0,30.0,84.0,1.0,1.0,11.0,0.36363636363636354,0.0,0.0,0.0,0.0,0.0,0.0,0.0,0.0,1,1.0,0.0,1.0,51.0,93510025.0,0.0,0.6666667,0.0,0,1,0,0,0,0,0,0,0,0,0,0,0,0,1,0,0,0,0,0,0,0
24.0,1.0,0.0,0.0,0.0,0.0,0.0,0.0,0.0,11.0,0.45454545454545436,1.0,0.0,0.0,0.0,0.0,0.0,0.0,0.0,0,0.0,0.0,1.0,51.0,63520505.0,1.0,0.6666667,0.0,0,0,0,0,1,0,0,0,0,0,0,0,0,0,0,0,0,1,0,0,0,0
22.0,1.0,0.0,0.0,0.0,0.0,0.0,0.0,0.0,11.0,0.2727272727272727,1.0,0.0,0.0,0.0,0.0,0.0,0.0,0.0,0,0.0,0.0,1.0,51.0,63720005.0,1.0,0.6666667,0.0,0,0,0,0,1,0,0,0,0,0,0,0,0,0,0,0,0,1,0,0,0,0
21.0,1.0,1.0,320.0,0.0,16.0,40.0,0.0,1.0,11.0,0.09090909090909083,1.0,0.0,0.0,0.0,0.0,0.0,0.0,0.0,0,1.0,0.0,1.0,51.0,13120030.0,1.0,0.6666667,0.0,0,0,0,0,1,0,0,0,0,0,0,0,0,0,0,0,0,1,0,0,0,0
21.0,1.0,0.0,0.0,0.0,0.0,0.0,0.0,0.0,11.0,0.18181818181818188,0.0,1.0,0.19999999999999998,0.0,0.8,0.36974789915966383,0.0,0.0,0,0.0,1.0,1.0,51.0,63520505.0,0.0,0.6666667,0.0,0,0,0,0,1,0,0,0,0,0,0,0,0,0,0,0,0,1,0,0,0,0
22.0,0.0,0.0,0.0,0.0,0.0,0.0,0.0,0.0,7.0,0.2727272727272727,1.0,0.0,0.0,0.0,0.0,0.0,0.0,0.0,0,0.0,0.0,1.0,51.0,93510025.0,1.0,0.6666667,0.0,0,0,0,0,1,0,0,0,0,0,0,0,1,0,0,0,0,0,0,0,0,0
21.0,1.0,0.0,0.0,0.0,0.0,0.0,0.0,0.0,11.0,0.09090909090909083,1.0,0.0,0.0,0.0,0.0,0.0,0.0,0.0,0,0.0,0.0,1.0,51.0,53440505.0,1.0,0.6666667,0.0,0,0,0,0,1,0,0,0,0,0,0,0,0,0,0,0,0,1,0,0,0,0
24.0,0.0,1.0,300.0,0.0,30.0,48.0,1.0,0.0,11.0,0.45454545454545436,1.0,1.0,0.15,0.0,0.4,0.20168067226890757,0.0,0.0,0,1.0,1.0,1.0,51.0,93510025.0,1.0,0.6666667,0.0,0,0,0,0,1,0,0,0,0,0,0,0,0,0,0,0,0,1,0,0,0,0
19.0,0.0,0.0,0.0,0.0,0.0,0.0,0.0,0.0,11.0,0.0,0.0,1.0,0.0,0.03333333333333333,0.26666666666666666,0.2689075630252101,0.0,0.0,0,0.0,0.0,1.0,51.0,63720005.0,1.0,0.6666667,0.0,0,0,0,0,1,0,0,0,0,0,0,0,0,0,0,0,0,1,0,0,0,0
21.0,0.0,1.0,500.0,0.0,26.0,72.0,0.0,0.0,6.0,0.18181818181818188,0.0,1.0,0.18,0.0,0.8,0.5546218487394958,0.0,0.0,0,1.0,1.0,1.0,51.0,96170015.0,0.0,0.6666667,0.0,0,0,0,0,1,0,0,0,0,0,0,0,0,0,0,1,0,0,0,0,0,0
22.0,0.0,1.0,408.0,0.0,22.0,50.0,1.0,1.0,11.0,0.18181818181818188,0.0,0.0,0.0,0.0,0.0,0.0,0.0,0.0,1,1.0,0.0,1.0,51.0,93510010.0,0.0,0.6666667,0.0,0,1,0,0,0,0,0,0,0,0,0,0,0,0,0,0,0,1,0,0,0,0
23.0,0.0,0.0,0.0,0.0,0.0,0.0,0.0,0.0,10.0,0.36363636363636354,1.0,0.0,0.0,0.0,0.0,0.0,0.0,0.0,0,0.0,0.0,1.0,51.0,53440505.0,1.0,0.6666667,0.0,0,0,0,0,1,0,0,0,0,0,0,0,0,0,0,0,1,0,0,0,0,0
24.0,1.0,1.0,472.0,0.0,26.0,48.0,1.0,1.0,11.0,0.36363636363636354,1.0,0.0,0.0,0.0,0.0,0.0,0.0,0.0,0,1.0,0.0,1.0,51.0,96170015.0,0.0,0.6666667,0.0,0,0,0,0,1,0,0,0,0,0,0,0,0,0,0,0,0,1,0,0,0,0
20.0,0.0,1.0,55.0,0.0,26.0,48.0,0.0,0.0,11.0,0.09090909090909083,0.0,0.0,0.0,0.0,0.0,0.0,0.0,0.0,1,1.0,0.0,1.0,51.0,13210005.0,1.0,0.6666667,1.0,0,1,0,0,0,0,0,0,0,0,0,0,0,0,0,0,0,1,0,0,0,0
21.0,0.0,0.0,0.0,0.0,0.0,0.0,0.0,0.0,11.0,0.09090909090909083,0.0,0.0,0.0,0.0,0.0,0.0,0.0,0.0,0,0.0,0.0,1.0,51.0,13120030.0,0.0,0.6666667,0.0,0,0,0,0,1,0,0,0,0,0,0,1,0,0,0,0,0,0,0,0,0,0
26.0,0.0,1.0,200.0,0.0,26.0,48.0,0.0,0.0,9.0,0.5454545454545452,0.0,1.0,0.358,0.0,0.8,0.3529411764705882,0.0,0.0,1,1.0,1.0,1.0,51.0,13210005.0,0.0,0.6666667,0.0,0,1,0,0,0,0,0,0,0,0,0,0,0,0,0,0,0,1,0,0,0,0
23.0,0.0,1.0,200.0,0.0,30.0,48.0,0.0,0.0,11.0,0.2727272727272727,0.0,1.0,0.19999999999999998,0.0,0.8666666666666667,0.5210084033613445,0.0,0.0,0,1.0,1.0,1.0,51.0,96170015.0,0.0,0.6666667,0.0,0,0,0,0,1,0,0,0,0,0,0,0,0,0,0,0,0,1,0,0,0,0
27.0,0.0,1.0,450.0,0.0,26.0,48.0,1.0,1.0,7.0,0.6363636363636365,0.0,1.0,0.315,0.0,0.8,0.3361344537815126,0.0,0.0,1,1.0,1.0,1.0,51.0,93510010.0,1.0,0.6666667,1.0,0,1,0,0,0,0,0,0,0,0,0,0,1,0,0,0,0,0,0,0,0,0
20.0,1.0,1.0,400.0,0.0,26.0,72.0,0.0,0.0,11.0,0.09090909090909083,1.0,0.0,0.0,0.0,0.0,0.0,0.0,0.0,0,1.0,0.0,1.0,51.0,66210010.0,0.0,0.6666667,0.0,0,0,0,0,1,0,0,0,0,0,0,0,0,0,0,0,1,0,0,0,0,0
25.0,0.0,1.0,0.0,600000.0,26.0,48.0,0.0,0.0,11.0,0.45454545454545436,0.0,0.0,0.0,0.0,0.0,0.0,0.0,0.0,1,0.0,0.0,1.0,51.0,13210005.0,1.0,0.6666667,1.0,0,1,0,0,0,0,0,0,0,0,0,0,0,0,0,0,0,1,0,0,0,0
24.0,1.0,1.0,381.5,0.0,12.0,24.0,1.0,1.0,11.0,0.36363636363636354,0.0,1.0,0.12,0.0,0.5,0.40336134453781514,0.0,0.0,0,1.0,1.0,1.0,51.0,63520505.0,1.0,0.6666667,0.0,0,0,0,0,1,0,0,0,0,0,0,0,0,0,0,0,0,1,0,0,0,0
22.0,1.0,1.0,700.0,0.0,26.0,54.0,1.0,1.0,11.0,0.18181818181818188,0.0,0.0,0.0,0.0,0.0,0.0,0.0,0.0,1,1.0,0.0,1.0,15.0,13540015.0,0.0,0.6733167,0.0,0,0,0,0,1,0,0,0,0,0,0,0,0,0,0,0,0,1,0,0,0,0
23.0,1.0,1.0,300.0,0.0,26.0,25.0,0.0,0.0,11.0,0.2727272727272727,1.0,1.0,0.0,0.06666666666666667,1.0,0.23529411764705882,0.0,0.0,1,1.0,0.0,1.0,15.0,63720005.0,1.0,0.6733167,1.0,0,0,0,0,1,0,0,0,0,0,0,0,0,0,0,0,0,1,0,0,0,0
20.0,0.0,1.0,0.0,30000.0,8.0,4.0,0.0,0.0,11.0,0.0,0.0,1.0,0.19999999999999998,0.0,1.0,0.5294117647058824,0.0,0.0,1,0.0,1.0,1.0,15.0,63720005.0,1.0,0.6733167,1.0,0,0,0,0,1,0,0,0,0,0,0,0,0,0,0,0,0,1,0,0,0,0
24.0,0.0,1.0,750.0,0.0,28.0,70.0,1.0,1.0,11.0,0.36363636363636354,0.0,1.0,0.086,0.0,0.7333333333333333,0.40336134453781514,0.0,1.0,1,1.0,1.0,1.0,15.0,13710005.0,0.0,0.6733167,0.0,1,0,0,0,0,0,0,0,0,0,0,0,0,0,0,0,0,1,0,0,0,0
21.0,0.0,1.0,800.0,0.0,26.0,72.0,1.0,1.0,11.0,0.18181818181818188,0.0,1.0,0.3,0.0,1.0,0.6470588235294117,0.0,0.0,1,1.0,1.0,1.0,15.0,13540015.0,0.0,0.6733167,0.0,0,0,0,0,1,0,0,0,0,0,0,0,0,0,0,0,0,1,0,0,0,0
22.0,1.0,1.0,600.0,0.0,30.0,70.0,0.0,0.0,11.0,0.2727272727272727,0.0,1.0,0.0,0.19999999999999998,1.0,0.7058823529411764,0.0,0.0,1,1.0,0.0,1.0,15.0,13540015.0,0.0,0.6733167,0.0,0,0,0,0,1,0,0,0,0,0,0,0,0,0,0,0,0,1,0,0,0,0
21.0,0.0,1.0,140.0,0.0,16.0,28.0,0.0,0.0,11.0,0.18181818181818188,0.0,1.0,0.0,0.13333333333333333,0.8666666666666667,0.42016806722689076,0.0,0.0,1,1.0,0.0,1.0,15.0,13710005.0,0.0,0.6733167,0.0,1,0,0,0,0,0,0,0,0,0,0,0,0,0,0,0,0,1,0,0,0,0
23.0,0.0,0.0,0.0,0.0,0.0,0.0,0.0,0.0,11.0,0.2727272727272727,0.0,0.0,0.0,0.0,0.0,0.0,0.0,0.0,1,0.0,0.0,1.0,15.0,13710005.0,0.0,0.6733167,0.0,1,0,0,0,0,0,0,0,0,0,0,0,0,0,0,0,0,1,0,0,0,0
26.0,1.0,0.0,0.0,0.0,0.0,0.0,0.0,0.0,11.0,0.5454545454545452,1.0,0.0,0.0,0.0,0.0,0.0,0.0,0.0,1,0.0,0.0,1.0,15.0,13140010.0,1.0,0.6733167,1.0,1,0,0,0,0,0,0,0,0,0,0,0,0,0,0,0,0,1,0,0,0,0
23.0,0.0,1.0,640.0,0.0,28.0,24.0,1.0,0.0,11.0,0.2727272727272727,0.0,0.0,0.0,0.0,0.0,0.0,0.0,0.0,1,1.0,0.0,1.0,15.0,13530005.0,1.0,0.6733167,1.0,1,0,0,0,0,0,0,0,0,0,0,0,0,0,0,0,0,1,0,0,0,0
27.0,0.0,0.0,0.0,0.0,0.0,0.0,0.0,0.0,11.0,0.6363636363636365,0.0,1.0,0.358,0.0,1.0,0.2689075630252101,0.0,0.0,1,0.0,1.0,1.0,15.0,13540015.0,1.0,0.6733167,1.0,0,0,0,0,1,0,0,0,0,0,0,0,0,0,0,0,0,1,0,0,0,0
20.0,0.0,1.0,408.0,0.0,29.0,48.0,1.0,1.0,11.0,0.09090909090909083,0.0,1.0,0.27999999999999997,0.0,1.0,0.7647058823529411,0.0,0.0,0,1.0,1.0,1.0,15.0,63720005.0,1.0,0.6733167,0.0,0,0,0,0,1,0,0,0,0,0,0,0,0,0,0,0,0,1,0,0,0,0
25.0,0.0,1.0,360.0,0.0,30.0,77.0,0.0,0.0,11.0,0.5454545454545452,0.0,0.0,0.0,0.0,0.0,0.0,0.0,0.0,0,1.0,0.0,1.0,15.0,63220235.0,1.0,0.6733167,0.0,0,0,0,0,1,0,0,0,0,0,0,0,0,0,0,0,0,1,0,0,0,0
21.0,0.0,1.0,40.0,0.0,23.0,72.0,0.0,0.0,11.0,0.09090909090909083,0.0,0.0,0.0,0.0,0.0,0.0,0.0,0.0,1,1.0,0.0,1.0,15.0,63720005.0,1.0,0.6733167,1.0,0,0,0,0,1,0,0,0,0,0,0,0,0,0,0,0,0,1,0,0,0,0
21.0,0.0,0.0,0.0,0.0,0.0,0.0,0.0,0.0,11.0,0.09090909090909083,0.0,0.0,0.0,0.0,0.0,0.0,0.0,0.0,1,0.0,0.0,1.0,15.0,13720015.0,0.0,0.6733167,0.0,0,0,0,0,1,0,0,0,0,0,0,0,0,0,0,0,0,1,0,0,0,0
22.0,0.0,1.0,450.0,0.0,30.0,115.0,0.0,0.0,11.0,0.2727272727272727,0.0,1.0,0.145,0.0,0.8666666666666667,0.5042016806722689,0.0,0.0,1,1.0,1.0,1.0,15.0,13140010.0,0.0,0.6733167,0.0,1,0,0,0,0,0,0,0,0,0,0,0,0,0,0,0,0,1,0,0,0,0
21.0,0.0,0.0,0.0,0.0,0.0,0.0,0.0,0.0,11.0,0.09090909090909083,0.0,0.0,0.0,0.0,0.0,0.0,0.0,0.0,1,0.0,0.0,1.0,15.0,13720015.0,1.0,0.6733167,1.0,0,0,0,0,1,0,0,0,0,0,0,0,0,0,0,0,0,1,0,0,0,0
28.0,1.0,1.0,276.0,0.0,25.0,56.0,0.0,0.0,11.0,0.6363636363636365,1.0,0.0,0.0,0.0,0.0,0.0,0.0,0.0,0,1.0,0.0,1.0,51.0,93510025.0,1.0,0.6733167,0.0,0,0,0,0,1,0,0,0,0,0,0,0,0,0,0,1,0,0,0,0,0,0
20.0,0.0,0.0,0.0,0.0,0.0,0.0,0.0,0.0,11.0,0.09090909090909083,0.0,0.0,0.0,0.0,0.0,0.0,0.0,0.0,1,0.0,0.0,1.0,15.0,63240050.0,0.0,0.6733167,0.0,1,0,0,0,0,0,0,0,0,0,0,0,0,0,0,0,0,1,0,0,0,0
21.0,0.0,1.0,240.0,0.0,20.0,60.0,0.0,0.0,11.0,0.09090909090909083,0.0,1.0,0.19999999999999998,0.0,1.0,0.47058823529411764,0.0,0.0,1,1.0,1.0,1.0,15.0,63220235.0,1.0,0.6733167,1.0,0,0,0,0,1,0,0,0,0,0,0,0,0,0,0,0,0,1,0,0,0,0
21.0,0.0,1.0,381.5,0.0,26.0,48.0,1.0,0.0,11.0,0.09090909090909083,0.0,1.0,0.25,0.0,1.0,0.2689075630252101,0.0,0.0,0,1.0,1.0,1.0,15.0,63720005.0,1.0,0.6733167,0.0,0,0,0,0,1,0,0,0,0,0,0,0,0,0,0,0,0,1,0,0,0,0
20.0,0.0,1.0,450.0,0.0,30.0,77.0,0.0,0.0,11.0,0.09090909090909083,1.0,0.0,0.0,0.0,0.0,0.0,0.0,0.0,1,1.0,0.0,1.0,15.0,63220235.0,1.0,0.6733167,1.0,0,0,0,0,1,0,0,0,0,0,0,0,0,0,0,0,0,1,0,0,0,0
26.0,0.0,1.0,306.0,0.0,6.0,46.0,1.0,1.0,11.0,0.5454545454545452,0.0,1.0,0.0,0.1111111111111111,0.8,0.5042016806722689,0.0,0.0,0,1.0,0.0,1.0,15.0,63220235.0,0.0,0.6733167,0.0,0,0,0,0,1,0,0,0,0,0,0,0,0,0,0,0,0,1,0,0,0,0
25.0,0.0,0.0,0.0,0.0,0.0,0.0,0.0,0.0,11.0,0.45454545454545436,0.0,0.0,0.0,0.0,0.0,0.0,0.0,0.0,1,0.0,0.0,1.0,15.0,63720005.0,1.0,0.6733167,1.0,0,0,0,0,1,0,0,0,0,0,0,0,0,0,0,0,0,1,0,0,0,0
21.0,0.0,0.0,0.0,0.0,0.0,0.0,0.0,0.0,11.0,0.18181818181818188,0.0,0.0,0.0,0.0,0.0,0.0,0.0,0.0,1,0.0,0.0,1.0,15.0,63220235.0,0.0,0.6733167,0.0,0,0,0,0,1,0,0,0,0,0,0,0,0,0,0,0,0,1,0,0,0,0
25.0,1.0,0.0,0.0,0.0,0.0,0.0,0.0,0.0,11.0,0.36363636363636354,1.0,0.0,0.0,0.0,0.0,0.0,0.0,0.0,0,0.0,0.0,1.0,15.0,63720005.0,1.0,0.6733167,0.0,0,0,0,0,1,0,0,0,0,0,0,0,0,0,0,0,0,1,0,0,0,0
25.0,0.0,1.0,50.0,0.0,5.0,30.0,0.0,0.0,11.0,0.45454545454545436,0.0,0.0,0.0,0.0,0.0,0.0,0.0,0.0,1,1.0,0.0,1.0,15.0,63720005.0,1.0,0.6733167,1.0,0,0,0,0,1,0,0,0,0,0,0,0,0,0,0,0,0,1,0,0,0,0
22.0,0.0,1.0,0.0,0.0,22.0,48.0,0.0,0.0,11.0,0.18181818181818188,0.0,0.0,0.0,0.0,0.0,0.0,0.0,0.0,1,0.0,0.0,1.0,15.0,13540015.0,1.0,0.6733167,1.0,0,0,0,0,1,0,0,0,0,0,0,0,0,0,0,0,0,1,0,0,0,0
22.0,1.0,1.0,0.0,420000.0,30.0,56.0,0.0,0.0,11.0,0.2727272727272727,0.0,0.0,0.0,0.0,0.0,0.0,0.0,0.0,0,0.0,0.0,1.0,15.0,13720015.0,0.0,0.6733167,0.0,0,0,0,0,1,0,0,0,0,0,0,0,0,0,0,0,0,1,0,0,0,0
21.0,0.0,1.0,225.0,0.0,15.0,91.0,0.0,0.0,11.0,0.18181818181818188,0.0,0.0,0.0,0.0,0.0,0.0,0.0,0.0,0,1.0,0.0,1.0,15.0,13720015.0,0.0,0.6733167,0.0,0,0,0,0,1,0,0,0,0,0,0,0,0,0,0,0,0,1,0,0,0,0
21.0,0.0,0.0,0.0,0.0,0.0,0.0,0.0,0.0,11.0,0.09090909090909083,0.0,0.0,0.0,0.0,0.0,0.0,0.0,0.0,1,0.0,0.0,1.0,15.0,63240050.0,1.0,0.6733167,1.0,1,0,0,0,0,0,0,0,0,0,0,0,0,0,0,0,0,1,0,0,0,0
23.0,1.0,0.0,0.0,0.0,0.0,0.0,0.0,0.0,11.0,0.2727272727272727,1.0,0.0,0.0,0.0,0.0,0.0,0.0,0.0,1,0.0,0.0,1.0,15.0,13540015.0,1.0,0.6733167,1.0,0,0,0,0,1,0,0,0,0,0,0,0,0,0,0,0,0,1,0,0,0,0
21.0,0.0,1.0,0.0,600000.0,22.0,45.0,0.0,0.0,11.0,0.18181818181818188,0.0,1.0,0.0,0.3111111111111111,0.5333333333333333,0.47058823529411764,0.0,0.0,0,0.0,0.0,1.0,15.0,13720015.0,0.0,0.6733167,0.0,0,0,0,0,1,0,0,0,0,0,0,0,0,0,0,0,0,1,0,0,0,0
25.0,1.0,0.0,0.0,0.0,0.0,0.0,0.0,0.0,11.0,0.45454545454545436,1.0,0.0,0.0,0.0,0.0,0.0,0.0,0.0,1,0.0,0.0,1.0,15.0,13140010.0,1.0,0.6733167,1.0,1,0,0,0,0,0,0,0,0,0,0,0,0,0,0,0,0,1,0,0,0,0
22.0,1.0,0.0,0.0,0.0,0.0,0.0,0.0,0.0,11.0,0.2727272727272727,1.0,0.0,0.0,0.0,0.0,0.0,0.0,0.0,1,0.0,0.0,1.0,15.0,13720015.0,1.0,0.6733167,1.0,0,0,0,0,1,0,0,0,0,0,0,0,0,0,0,0,0,1,0,0,0,0
26.0,0.0,0.0,0.0,0.0,0.0,0.0,0.0,0.0,11.0,0.5454545454545452,0.0,1.0,0.3815,0.0,0.4,0.2773109243697479,0.0,0.0,0,0.0,1.0,1.0,15.0,13540015.0,1.0,0.6733167,0.0,0,0,0,0,1,0,0,0,0,0,0,0,0,0,0,0,0,1,0,0,0,0
23.0,0.0,1.0,360.0,0.0,30.0,72.0,0.0,0.0,11.0,0.2727272727272727,0.0,0.0,0.0,0.0,0.0,0.0,0.0,0.0,0,1.0,0.0,1.0,15.0,63220235.0,1.0,0.6733167,0.0,0,0,0,0,1,0,0,0,0,0,0,0,0,0,0,0,0,1,0,0,0,0
26.0,1.0,1.0,160.0,0.0,16.0,32.0,0.0,0.0,12.0,0.5454545454545452,1.0,0.0,0.0,0.0,0.0,0.0,0.0,0.0,0,1.0,0.0,1.0,15.0,13720015.0,0.0,0.6733167,0.0,0,0,0,0,1,0,0,0,0,0,0,0,0,0,0,0,0,1,0,0,0,0
22.0,0.0,1.0,60.0,0.0,8.0,28.0,0.0,0.0,13.0,0.18181818181818188,0.0,0.0,0.0,0.0,0.0,0.0,0.0,0.0,1,1.0,0.0,1.0,15.0,63240050.0,0.0,0.6733167,0.0,1,0,0,0,0,0,0,0,0,0,0,0,0,0,0,0,0,0,1,0,0,0
22.0,1.0,1.0,110.0,0.0,28.0,48.0,0.0,0.0,11.0,0.18181818181818188,0.0,0.0,0.0,0.0,0.0,0.0,0.0,0.0,0,1.0,0.0,1.0,15.0,63220235.0,1.0,0.6733167,0.0,0,0,0,0,1,0,0,0,0,0,0,0,0,0,0,0,0,1,0,0,0,0
23.0,0.0,1.0,362.0,0.0,30.0,60.0,0.0,1.0,10.0,0.2727272727272727,0.0,1.0,0.3,0.0,0.6666666666666666,0.29411764705882354,0.0,0.0,0,1.0,1.0,1.0,15.0,13720015.0,0.0,0.6733167,0.0,0,0,0,0,1,0,0,0,0,0,0,0,0,0,1,0,0,0,0,0,0,0
23.0,1.0,1.0,0.0,120000.0,30.0,28.0,0.0,0.0,11.0,0.2727272727272727,1.0,0.0,0.0,0.0,0.0,0.0,0.0,0.0,1,0.0,0.0,1.0,15.0,63220235.0,1.0,0.6733167,1.0,0,0,0,0,1,0,0,0,0,0,0,0,0,0,0,0,0,1,0,0,0,0
20.0,0.0,1.0,408.0,0.0,28.0,84.0,1.0,1.0,11.0,0.09090909090909083,0.0,1.0,0.358,0.0,1.0,0.7058823529411764,0.0,0.0,1,1.0,1.0,1.0,15.0,13530005.0,1.0,0.6733167,1.0,1,0,0,0,0,0,0,0,0,0,0,0,0,0,0,0,0,1,0,0,0,0
20.0,0.0,1.0,320.0,0.0,30.0,46.0,0.0,0.0,11.0,0.09090909090909083,0.0,0.0,0.0,0.0,0.0,0.0,0.0,0.0,1,1.0,0.0,1.0,15.0,13720015.0,0.0,0.6733167,0.0,0,0,0,0,1,0,0,0,0,0,0,0,0,0,0,0,0,1,0,0,0,0
27.0,1.0,1.0,408.0,0.0,26.0,48.0,1.0,1.0,11.0,0.6363636363636365,1.0,1.0,0.0,0.1111111111111111,1.0,0.40336134453781514,0.0,0.0,1,1.0,0.0,1.0,15.0,13710005.0,0.0,0.6733167,0.0,1,0,0,0,0,0,0,0,0,0,0,0,0,0,0,0,0,1,0,0,0,0
26.0,1.0,1.0,408.0,0.0,20.0,40.0,1.0,1.0,11.0,0.5454545454545452,0.0,1.0,0.27499999999999997,0.0,0.8666666666666667,0.40336134453781514,1.0,1.0,1,1.0,1.0,1.0,15.0,13710005.0,0.0,0.6733167,0.0,1,0,0,0,0,0,0,0,0,0,0,0,0,0,0,0,0,1,0,0,0,0
21.0,0.0,0.0,0.0,0.0,0.0,0.0,0.0,0.0,11.0,0.09090909090909083,0.0,0.0,0.0,0.0,0.0,0.0,0.0,0.0,1,0.0,0.0,1.0,15.0,63220235.0,1.0,0.6733167,1.0,0,0,0,0,1,0,0,0,0,0,0,0,0,0,0,1,0,0,0,0,0,0
